name,tel,addr
3단지해법영어교실,1577-5105,전남 나주시 그린로 154 엘에이치3단지303동202호
가경학원교실,01066951205,충북 청주시 흥덕구 가경로 9-6
가나교실,041-572-3063,
가남에듀교실,031)885-8461,
가능SK교실,031-838-0152,경기도 의정부시 가능동
가대교실,032-343-0555,경기도 부천시 원미구 역곡2동
가람비발디교실,1577-5105,
가야교실,031-395-1101,경기 군포시 오금동 가야A
가야반도보라교실,051-892-0503,부산 부산진구 가야2동 588 가야반도보라빌 상가 202호
가야벽산Grace,051-896-7555,부산 부산진구 가야동 가야벽산상가203호
가야엘리트교실,051-894-0789,부산 부산진구 당감2동 금호그랜드타운상가 229호
가야HB영어교실,010-8545-6915,경상남도 함안군 함안대로 600
가오아이파크교실,042-321-7250,가오동 은어송마을 3단지 아이파크 상가 2층
가운해법영어교실,031-569-5105,"경기 남양주시 가운로2길 55 (가운동, 메티스프라자)메티스 프라자 302호"
가음정더샵교실,1577-5105,"경남 창원시 성산구 원이대로863번길 19 (가음동, 창원더샵센트럴파크)"
가재우림교실,031-616-2948,경기도 평택시 가재동 
가좌 한신1교실,010-2744-2805,인천 서구 가좌동
가좌 한신교실,032-573-0588,인천 서구 가좌동
가평교실,010-2241-5671,경기 가평군 가평읍 향교로38-7번지 2층
각산엘리트교실,053-961-0584,대구 동구 각산동
간석아이원교실,032-426-3082,인천 남동구 간석동
갈마교실,042-524-0505,
갈매열매교실,1577-5105,
갈현초교교실,1577-5105,
감만스마트교실,051-638-1912,부산 남구 감만동
감만엘리트교실,051-631-0582,부산광역시 남구 우암로 34 (감만동 301)
감삼월드교실,1577-5105,
감정교실,1577-5105,경기도 김포시
강남대교실,1577-5105,경기 용인시 기흥구 구갈동
강남신명교실,1577-5105,
강남포이교실,1577-5105,서울 강남구 개포4동
강남프라임교실,02-578-0535,서울 강남구 도곡동 894-1 2층
강동드림교실,1577-5105,서울 강동구 성내동
강동엘리트교실,1577-5105,
강릉교동교실,1577-5105,
강릉동명교실,033-652-0506,강원도 강릉시 경강로 2539번길 15  2층
강릉어울림교실,1577-5105,"강원 강릉시 성덕로 328-9 (입암동, 금호M프라자) 1층"
강릉초홍제교실,033-655-0582,강원도 강릉시 토성로 102
강북교실,1577-5105,서울 성북구 장위동
강북교실,053-311-1120,대구 북구 읍내동 
강북벽산SK교실,1577-5105,서울특별시 강북구 솔샘로
강샘교실,1577-5105,대전광역시 서구 배재로 155-7
강서교실,,
강서초엘리트교실,6460-0016,
강일클로이교실,1577-5105,
강저프라임교실,1577-5105,충북 제천시 청풍호로10길 54
강진교실,061-433-0582,전남 강진군 강진읍평동리중앙로75
강하교실,1577-5105,경기도 양평군 강하면
개금반도보라교실,1577-5105,부산 부산진구 개금3동 371-15 2층
개금주공교실,051-895-3505,부산 부산진구 개금3동 개금주공 아파트 213-103
개금현대교실,051-898-0582,부산 부산진구 개금동 618-2 현대I아파트상가 219-205
개념원리교실,1577-5105,하남시 덕풍동
개똥이교실,051-727-1505,부산시 기장군 정관읍 모전리728 EG the 1 2차상가
개마무사빽쌤교실,0312825929,경기 용인시 기흥구 동백죽전대로527번길 100-1 (중동)
개봉이지교실,1577-5105,
개봉ELITE교실,1577-5105,
거모군자교실,031-493-0175,시흥시 거모동 군자로 523  건국빌딩3층
거모엘리트교실,031-494-2690,경기도 시흥시 거모동
거산풍림교실,1577-5105,충남 당진군 신평면 거산리 풍림@ 107-202호
거성아카데미교실,062-574-4700,광주광역시 북구 우치로537번길 5 벽산아파트 상가 2층
거여영재교실,1577-5105,
거제능포교실,010-5596-4851,"경남 거제시 능포로2길 35 ,3층 301호(정원상가)"
거제문동교실,055-632-0757,경남 거제시 문동동 대아푸른솔 상가 102호
거제사등엘리트교실,055-636-0579,경남 거제시 사등면 사곡리 영진자이온 상가 301호
거제상동교실,055-633-7993,경남 거제시 상동동 대동다숲A 상가 5층 502호
거제아주교실,055-682-3202,경남 거제시 아주로 73 석호해와루A상가 301호
거제옥포교실,055-688-2725,경남 거제시 옥포로17길 18
거제옥포덕산5차교실,010-7730-2016,경남 거제시 옥포동1274 덕산5차아파트상가204호
거제장평아내교실,055-637-6123,거제시 장평4로 64  청파해법영수학원
거제중곡교실,055-638-5188,"경남 거제시 중곡로 35 , 4층"
거제현대교실,051-853-5411,부산 연제구 거제3동
건대조이교실,02-446-5105,"서울 광진구 뚝섬로35길 16-20 (자양동, 자양우성3차아파트)"
건영교실,1577-5105,경기도 구리시 인창동
건영해법교실,1577-5105,관악구 신림로 3길 건영아파트 상가
검암풍림교실,032-568-2096,인천 서구 검암동
경남남해교실,010-9581-0112,경남 남해군 남해군 망운로 4-2번지 4층
경남산청교실,055-973-0709,경남 산청군 산청읍  꽃봉산로79번길 38
경남서부지사 직영교실,1577-5105,
경남아너스빌교실,1577-5105,경남아너스빌
경남의령교실,1577-5105,"경남 의령군 의령읍 의병로 223-1 (중동리, 정관장홍삼)"
경동교실,1577-5105,
경동별교실,461-3014,
경산옥곡교실,053-291-9905,경북 경산시 옥곡동
경서태평교실,1577-5105,인천 서구 경서동 태평샹베르1차아파트 상가2층
경수교실,1577-5105,
경일교실,1577-5105,대전 대덕구 한밭대로 1041 (오정동)
경주강동교실,054-762-2155,경북 경주시 강동면 유금리
경주엘렌교실,054-776-1256,경북 경주시 황성동 269-17 2층
경주엘리트교실,054-772-3257,경북 경주시 동천동
경주용강교문교실,054-748-3965,경북 경주시 용강동
계룡교실,1577-5105,계룡리슈빌
계룡금암교실,042-551-6637,
계룡대림교실,1577-5105,충남 계룡시 두마면 두계리 대림e-편한세상아파트
계룡리슈빌교실,1577-5105,
계상초Jinny교실,1577-5105,
계양장기교실,1577-5105,
고강베스트교실,032-671-8620,경기 부천시 오정구 고강동
고려왕수학교실,041 664 0737,충남 서산시 고운로 53 (읍내동)
고령G스쿨교실,01067700704,
고선생 영어교실,032-563-1366,인천서구 가정동
고암교실,043-643-0579,충북 제천시 고암동 고암아파트상가1층
고양교실,1577-5105,경기도 고양시 덕양구 고양동
고현이편한교실,010-6507-1555,경남 거제시 거제대로 4500-45 이편한세상 105-1204호
곡선교실,1577-5105,경기도 수원시 권선구 덕영대로1217번길 37
곡정교실,1577-5105,"경기 수원시 권선구 동수원로145번길 23 (권선동, 수원아이파크시티4단지)"
곤지암더오른해법영어교실,1577-5105,"경기 광주시 곤지암읍 곤지암로11번길 11-10 (곤지암리, 삼주노블리제아파트) 106-304"
곤지암킴스교실,1577-5105,
공덕삼성제1교실,02-717-7905,서울특별시 마포구 마포대로11길 43 드림빌딩 3층
공도어울림교실,031-611-0594,경기도 안성시 공도읍 만정리
공릉라이프교실,1577-5105,
공릉태강밀알교실,02-6225-6735,서울 노원구 공릉2동
공릉화랑교실,1577-5105,서울 노원구 공릉2동
공신영어교실,1577-5105,서울 중구 신당동 842번지 약수하이츠아파트 상가2층
공주신관교실,041-881-9800,충남 공주시 신관동
공주엘리트교실,041-857-2248,충남 공주시 신관동
공주옥룡교실,041-856-4627,충청남도 공주시 옥룡2길 19-6
공주우성TOP교실,041-855-7821,충남 공주시 우성면 동대리
관산교실,1577-5105,
관악타운교실,1577-5105,안양시 동안구 비산동 관악동성아파트
관양교실,1577-5105,
관양동편해법영어해오름교실,1577-5105,경기 안양시 동안구 관양동
관음동화교실,053-364-0585,대구광역시 북구 관음동 칠곡동화타운
광교Top교실,1577-5105,"경기 수원시 영통구 센트럴타운로22번길 36 (이의동, 광교센트럴타운60단지)"
광명교실,02-268-4553,경기 광명시 광명5동
광명초교실,1577-5105,
광명초e해법교실,1577-5105,
광명현대교실,02-897-8072,경기 광명시 하안동
광명혜나교실,02-261-0505,경기도 광명시 광명7동
광사오뚝이교실,031-846-0562,경기 양주시 광사동
광산교실,1577-5105,경기 광명시 광명3동 32-23
광양가야교실,1577-5105,전남 광양시 광영동
광양광영교실,061-795-0579,전라남도 광양시 영수길 4
광양블루빌교실,061-792-4497,전남 광양시 마동 1026번지 자연애 102동 1003호
광양성호교실,1577-5105,전남 광양시 중동
광양용강교실,061-763-8832,전남 광양시 광양읍 용강리
광양중동금광교실,1577-5105,
광양직영교실,1577-5505,전남 순천시 연향동
광장교실,010-7129-1621,565
광장아카데미교실,광장아카데미교실,광진구 광장동 566 2층
광주솔로몬교실,1577-5105,경기도 광주시 쌍령동 푸르지오APT 인근상가
광진지사직영교실,,
교림교실,054-841-3231,경북 안동시 단원로
교문초교실,1577-5105,
교촌교실,042-545-2343,
구례김샘교실,1577-5105,전라남도 구례군 구례읍
구로삼성래미안교실,1577-5105,서울 구로구 디지털로31길 90
구로태영교실,1577-5105,"서울특별시 구로구 구일로4길, 65"
구룡교실,1577-5105,경기도 안양시 만안구 석수1동
구룡엘리트교실,1577-5105,서울 강남구 포이동
구름산교실,1577-5105,경기 광명시 소하동
구리인창한진교실,010-5106-8676,경기도 구리시 인창동 한진그랑빌APT 107동 109호
구리탑교실,1577-5105,경기 구리시 수택1동
구미드림교실,054-463-5779,경상북도 구미시 상사서로 130 보성1차황실타운 상가동
구봉마을교실,1577-5105,대전 서구 관저동
구봉해법교실,1577-5105,경기도 화성시 병점2로 65 우남프라자
구서롯데캐슬교실,1577-5105,"부산 금정구 금강로 503 (구서동, 롯데캐슬골드2단지)"
구서SK교실,1577-5105,부산 금정구 금강로391번길 12 (구서동)
구암엘리트교실,053-324-0502,대구광역시 북구 태암로18길 5
구영명지Cindy교실,1577-5105,울산광역시 울주군 점촌4길 31
구영해법elite교실,010-2875-9998,울산 울주군 범서읍 점촌2길 24 (구영리)
구월퍼스트교실,032-465-8797,인천광역시 남동구 구월남로 182
구의아카데미교실,1577-5105,서울 광진구 구의동
구일campus교실,01040371206,서울 구로구 구일로4길 30
구정e교실,010-7141-5018,경북 포항시 남구 오천읍 구정리
구지교실,055-326-2583,김해시 구산로5번길 71 한일유앤아이아파트
구평드리머교실,1577-5105,"경북 구미시 인동가산로 250-6 (구평동, 3단지부영아파트) 상가동(318동)"
구포현대교실,051-335-6564,부산 북구 구포2동
국제백양교실,1577-5105,부산 부산진구 당감3동 791 국제쇼핑  4층 11호
군문교실,1577-5105,평택시 원평로 25번길 61
군산태영교실,063-467-2209,군산시 계산로 89 태영빌딩 4층
군서교실,1577-5105,
군위교실,054-382-1032,경북 군위군 군위읍 중앙길 56
군자교실,02-461-0545,서울 광진구 군자동 345~374
군포교실,1577-5105,경기 군포시 당동
군포엘리트교실,1577-5105,경기 군포시 번영로 380-1
굴포초교실,1577-5105,인천 부평구 삼산동 453-1
권선중앙교실,1577-5105,경기도 수원시 권선구 권선동
규리교실,051-532-0575,
그랜드교실,,
그리트교실,1577-5105,서울 중구 퇴계로 90길
그린교실,010-7452-2021,부산 수영구 광일로29번가길 37 (광안동)
그린빌교실,1577-5105,경기도 화성시 병점3로 158
글꽃교실,1577-5105,대전 중구 문화동 센트럴파크 2단지
글로벌교실,1577-5105,경기 수원시 권선구 탑동
금강교실,1577-5105,
금강수목원점교실,0117874445,서울 구로구 오류동 343
금강펜테리움교실,1577-5105,
금북솔로몬교실,1577-5105,서울 성동구 금호동1가
금빛1교실,053-314-5002,대구 북구 구암동
금빛교실,1577-5105,
금사교실,051-624-0501,부산광역시 금정구 금사로 60 다경빌딩 3층
금산케이탑교실,1577-5105,충남 금산군 금산읍 비단로 325
금샘교실,1577-5105,부산 금정구 남산동 973-5
금신교실,1577-5105,경기도 파주시
금암교실,1577-5105,경기 오산시 금암동
금오교실,1577-5105,
금오아이파크교실,1577-5105,경기 의정부시 부용로 87
금오중앙교실,1577-5105,경기도 의정부시 금오동
금일교실,1577-5105,
금천롯데캐슬해법영어2단지교실,028976589,서울 금천구 벚꽃로 30
금천박선생교실,01023580458,서울 금천구 시흥동 438-17
금천엘리트교실,1577-5105,충북 청주시 상당구 금천동
금촌교실,1577-5105,파주시
금호고려해법교실,1577-5105,
금호베스트교실,1577-5105,서울 성동구 금호동4가
금호비전 교실,1577-5105,서울 성동구 금호동2가
금호어울림교실,1577-5105,경기 남양주시 오남읍 금호어울림아파트 109동 103호
금호어울림교실,1577-5105,화성시 장지동
금호엘리트교실,1577-5105,
금화대우교실,010-2667-8000,
기린해법교실,1577-5105,강원 인제군 기린면
기산조이교실,051-248-1319,부산 서구 암남동
기산참누리교실,1577-5105,화성시 기산동
기산푸르지오교실,1577-5105,기산동푸르지오
기아e교실,1577-5105,
기안신미주교실,1577-5105,경기도 화성시 기안동
기업교실,1577-5105,강원 원주시 지정면
기흥효성해링턴교실,031-378-0594,기흥 효성 해링턴
길음교실,1577-5105,
길음엘리트교실,1577-5105,서울 성북구 길음동
길주교실,054-823-0579,
김민교실,010-2676-1070,울산 북구 화산로 14 (화봉동)
김승민교실,1577-5105,서울특별시 양천구 목동서로 340
김쌤해법영어교실,1577-5105,
김천시청교실,1577-5105,경상북도 김천시 시청6길 45 108동(우방아파트 상가동)
김천어모교실,054-432-3868,경상북도 김천시 어모문화3길 15
김포한국교실,1577-5105,김포시 감정동
꿈너머꿈교실,1577-5105,경기 화성시 능동 588-3
꿈마을교실,032-327-1890,경기도 부천시 원미구 중2동
꿈의숲해법영어,02 985 3500,서울 강북구 오현로34길 12 (번동)
꿈이룸교실,051-898-0579,부산 부산진구 개금동 1-12번지동원화인패밀리타운 상가동 106동206호
꿈이찬교실,02-821-4321,서울 동작구 상도동
나룰초교실,031-796-7985,경기 하남시 덕풍동 816-6
나룰초에이플러스교실,1577-5105,경기 하남시 덕풍북로259번길 19-6
낙민교실,051-552-9949,부산광역시 동래구 낙민동
남부엘리트교실,054 281 5554,경북 포항시 북구 중흥로 255 (죽도동)
남부초교실,033-263-5105,강원 춘천시 퇴계동
남산교실,033 -655-4399,강원도 강릉시 남부로 137번안길 17  3층
남산교실,054-633-1105,경북 영주시 휴천동
남산극동스타교실,1577-5105,
남산스타교실,1577-5105,부산광역시 금정구 남산동 126-22
남산초교실,043-857-0555,충북 충주시 용산동 남산초등학교정문앞
남산휴먼시아교실,1577-5105,대구 중구 남산4동
남양동교실,1577-5105,경기도 화성시 남양동
남양엘리트교실,1577-5105,
남양주 LUCY교실,010-9521-1220,"경기 남양주시 경춘로 468-40 (지금동, 힐스테이트 황금산) 111-101"
남원노암교실,1577-5105,"전북 남원시 노송로 1237 (노암동, 비안아파트) 상가 204호"
남원도통교실,063-635-3515,전북 남원시 도통동사무소 앞 1층
남원월락교실,010-3795-8638,전북 남원시 낙현길33 풍산누리안상가2층 죠셉해법영수학원
남원주교실,033-762-6543,강원 원주시 단구동
남원향교교실,1577-5105,남원시 향교동 중앙하이츠A 상가 2층
남지등용문교실,1577-5105,경남 창녕군 남지읍 동포4길 10-1 (남지리)
남창캠퍼스교실,052-239-0302,울산시 울주군 온양읍 대안리
남천교실,1577-5105,
내곡캠퍼스교실,033-655-0509,강원도 강릉시 강변로 114번길 7     2층
내곡프린스턴교실,1577-5105,서초구 내곡동
내동롯데교실,1577-5105,대전 서구 내동
내속리영어교실,1577-5105,
내수Dream교실,010-4400-6862,충북 청주시 청원구 내수읍 은곡리 천일@ 203-106
내안애교실,01028800609,충북 진천군 덕산읍 두촌리 3148
넘버원교실,033-522-0959,"강원 동해시 청운2길 17-10 (쇄운동, 소을빌딩) 1층"
노량진교실,1577-5105,
노블레스교실,010-3897-3214,서울 동작구 상도4동
노아교실,041-534-1779,
노원교실,1577-5105,서울 노원구 상계동
노원천년나무교실,1577-5105,대구 북구 노원동3가 928번지 천년나무아파트 104동
노은교실,042-477-2068,한라비발디 아파트 앞
노형뜨란채교실,,
노형솔루션교실,01025625277,제주특별자치도 제주시 광평중길 14 (노형동)
녹양교실,1577-5105,경기도 의정부시 녹양동
논산중앙교실,1577-5105,충청남도 논산시 취암동 954번지 2층
논현교실,1577-5105,서울 강남구 논현동 
논현한화7교실,1577-5105,
논현휴먼시아교실,032-427-1101,인천 남동구 논현동
논현MI교실,1577-5105,
누리교실,054-636-0048,경북 영주시 휴천동 499-2
뉴 이수베스트교실,070-4129-2082,서울특별시 동작구 동작대로39가길 55 동작동금강KCC아파트
뉴관악드림교실,1577-5105,"서울 관악구 성현로 80 (봉천동, 관악드림타운아파트)"
뉴그린베스트교실,051-583-0509,부산광역시 금정구 부곡4동 963-1 뉴그린아파트 상가3층 1호
뉴남현교실,02  3472 0555,서울 관악구 남현4길 14
뉴욕아카데미교실,1577-5105,
뉴포트교실,02-992-0579,서울시 도봉구 쌍문동 158
뉴해법영어교실,1577-5105,전남 광양시 광양읍 대림오성로 11
뉴해법영어스텝업수학교실,02 823 0579,서울 동작구 대방동 27길 111
느리울교실,1577-5105,
늘바른교실,1577-5105,광주 남구 양림동 22-58
능곡교실,1577-5105,경기도 고양시 덕양구 토당동
능곡교실,1577-5105,경기 고양시 덕양구 토당동
능실에이스교실,1577-5105,경기도 수원시 권선구 호매실동
다니엘교실,1577-5105,경기도 안산시 상록구 이동2길 21
다대현대교실,01028241595,부산 사하구 다대로 473
다빈치교실,1577-5105,
다사로움교실,062-962-0907,광주 광산구 산정동 1027 다사로움 2차 상가 203호
다사엘리트1교실,1577-5105,
다산가람교실,1577-5105,
다산교실,031-394-0505,경기도 군포시 오금동 
다산금강2차교실,010-2465-7511,경기도 남양주시 다산지금로 146번길 117 금강펜테리움2차 7511동 302호
다산초교실,031-567-0582,경기도 남양주시 다산순환로 325 다산아이파크상가 206호
다산힐스,1577-5105,경기도 남양주시 다산순환로 365
다산e편한교실,1577-5105,경기도 남양주시 다산중앙로 82번길 15
다솔교실,1577-5105,"충남 당진군 당진읍 281-2,2층"
다알교실,1577-5105,
다운Amy교실,010-2559-5833,울산광역시 중구 다운로 105
다원교실,010-5027-3438,경북 안동시 정하동
다해교실,1577-5105,행정리
단관교실,070-4078-3473,강원 원주시 관설동
단구교실,033-764-6925,강원 원주시 단구동
단양교실,1577-5105,충북 단양군 단양읍 삼봉로 252
달빛교실,1577-5105,경기도 고양시 덕양구 화중로 222
달산엘리트교실,1577-5105,정관읍 동원로얄듀크1차 109-805호
달서)범물태성교실,053-783-0595,대구시 수성구 범물동 1336
달서두류교실,1577-5105,대구 광역시 달서구 두류길 114
달서성남교실,053-264-8831,대구 달서구 두류동 825-9
달서월성교실,053-295-7570,대구광역시 달서구 월성로 20
달서이엠교실,1577-5105,대구 달서구 감삼동 197-4
담양교실,061-382-8410,전남 담양군 담양읍 지침5길
당감동일Dream교실,1577-5105,부산광역시 부산진구 백양관문로 115-1 당감동일스위트 102-1704
당동베스트교실,1577-5105,경기 군포시 고산로 250번길 19. 폴리프라자 202호.
당리엘리트교실,051)206-0555,부산 사하구 승학로 54 (당리동)
당산리더스교실,1577-5105,서울 영등포구 당산동
당진루프탑교실,010-7724-2111,충청남도 당진시 반촌로 108
당하엘리트교실,010-2928-8525,인천 서구  청마로 124 당하kcc아파트
대곡4단지 강산타운교실,01065165901,
대곡서한이다음교실,1577-5105,대구 달서구 대곡동 837
대구혁신도시교실,1577-5105,
대남교실,1577-5105,
대림교실,1577-5105,경기 화성시 청계동
대림제일교실,1577-5105,
대림한숲교실,1577-5105,경기 안양시 만안구 박달2동 대림한숲타운
대신교실,1577-5105,경남 창원시 진해구 안골동 356-11 대신학원
대연초교실,1577-5105,부산 남구 진남로 17-26
대영어학원교실,01082669815,105동905호
대우우성 리더스교실,031-435-0579,경기도 시흥시 장곡동
대우창일교실,1577-5105,서울 도봉구 창동
대운교실,1577-5105,충북 청주시 흥덕구 수곡2동
대원효성교실,1577-5105,
대월주공교실,1577-5105,경기도 수원시 장안구 정자동
대은초교실,1577-5105,서울 은평구 대조동 
대잠e교실,,경북 포항시 남구 대잠동
대전신평교실,1577-5105,
대정교실,043-543-7006,대전 유성구 대정동 312-2
대치연세아카데미교실,02-555-4310,서울 강남구 대치동 925-2
대현리더스교실,1577-5105,서울 강남구 대치동
대화교실,1577-5105,강원 평창군 대화면
대흥교실,1577-5105,대전광역시 중구 보문로 182-1
더나은교실,1577-5105,
더드림교실,010-7616-9631,
더베스트교실,1577-5105,
더블라썸교실,1577-5105,성남시 중원구 양현로 469번지
더블린교실,2658-0594,서울 강서구 가양동
더샵교실,1577-5105,경기 화성시 봉담읍 와우로34번길 63
더앱솔해법영어교실,02 905 9905,서울 도봉구 쌍문동
더큰학원교실,0624462650,북구 용봉동
더하이스트교실,02-2217-9492,서울 동대문구 전농동
더휴조이교실,1577-5105,대구 북구 매천로동17길 18
덕계푸르지오교실,1577-5105,
덕동교실,1577-5105,경기 평택시 비전동
덕림교실,1577-5105,"광주 남구 월산로132번길 9 (월산동, 덕림제일파크맨션)"
덕상교실,1577-5105,
덕성교실,051-338-5558,부산 북구 덕천동
덕소도곡초교실,031-577-8205,"경기 남양주시 와부읍 덕소로 180 (도곡리, 덕소두산위브아파트) 상가동 302호 해법영어교실"
덕소주공교실,031-521-0905,경기도 남양주시 와부읍 덕소리  주공2차 203동 101호
덕암행복한교실,042-934-0133,"대전 대덕구 덕암로 200 (평촌동, 행복한 마을 아파트)"
덕양지사 직영교실,1577-5105,경기 고양시 덕양구 행신동 981
덕의초교실,1577-5105,
덕이교실,031-818-8536,경기 고양시 일산서구 덕이동 1542 덕이지구 신성플라자 704호
덕일엘리트교실,043-646-0542,충북 제천시 신백동
덕정1교실,1577-5105,
덕풍2교실,1577-5105,경기도 하남시 덕풍동
덕풍초교실,1577-5105,경기 하남시 덕풍동 357-66
덕풍한솔교실,010-4712-4988,경기도 하남시 덕산로 66 2층
덕현교실,1577-5105,호계동
데시앙교실,1577-5105,서울 중랑구 신내1동
도곡초교실,1577-5105,경기 광주시 초월읍 경충대로 1065
도구교실,054-281-3620,경북 포항시 남구 동해면 약전리
도남엘리트교실,1577-5105,
도농부영교실,031-512-1999,경기도 남양주시 도농동 부영아파트 513동 205호
도두리마을교실,032-553-3795,도두리로 58 도두리마을 롯데아파트 513동 304호
도래울엘리트교실,1577-5105,
도련엘리트교실,010-3955-0446,삼화부영아파트6단지
도림2동교실,1577-5105,서울 영등포구 도림2동
도마 엘리트교실,1577-5105,대전 서구 도마동
도봉엘리트교실,1577-5105,
도봉월드교실,02 3494 2266,서울 도봉구 마들로 650
도성교실,1577-5105,서울 강남구 역삼2동
도신초교실,1577-5105,서울 영등포구 가마산로48길 4-8
도안리슈빌교실,1577-5105,
도안엘리트교실,1577-5105,
도안top교실,042-541-5105,
도암초해법영어교실,1577-5105,
독립문삼호교실,1577-5105,서울 서대문구 영천동 
돈암명지교실,1577-5105,
돌마교실,031-705-0532,경기도 성남시 분당구 야탑동
동광이화교실,064-752-7905,제주특별자치도 제주시 태성로 21 일도성환아파트 상가동
동교초교실,1577-5105,서울특별시 마포구 망원로 39
동구수정교실,051-644-4542,부산 동구 좌천1동 692-5번지 2층
동그라미교실,1577-5105,경기도 안산시 단원구 광덕서로 52 우석프라자
동대구교실,053-939-0508,대구 동구 신암3동 
동백참진교실,03180059424,경기 용인시 기흥구 동백6로 39
동변그린빌교실,1577-5105,
동산교실,063-213-0905,전북 전주시 덕진구 동산동 푸른한의원 2층
동산엘리트교실,1577-5105,대구광역시 수성구 동대구로38길 82
동산우남교실,1577-5105,전북 익산시 동산동
동서울링컨교실,1577-5105,서울 서초구 반포동 1-8 경남쇼핑센터 3층
동송초교실,010-2098-0461,강원도 철원군 동송읍 금학로
동수교실,1577-5105,인천광역시 부평구 부개동 LH 아파트
동신1차교실,1577-5105,
동아1교실,1577-5105,인천광역시 부평구 부평동
동아교실,051-442-5111,부산 중구 영주동
동양월드교실,1577-5105,경기 파주시
동양초교실,051-803-0579,부산 부산진구 부암동 720 백양산쌍용스윗닷홈 제상가동301동
동울산교실,052-234-0900,울산 동구 전하동
동원2차해법영어푸른숲교실,010-2856-8508,부산시 기장군 정관읍 동원로얄듀크2차 202-602
동원교실,053-754-0579,대구광역시 수성구 동원로 62
동일2차엘리트교실,01028952811,"부산 기장군 정관읍 정관3로 23 (모전리, 정관동일스위트 2차)"
동일3차Grace교실,1577-5105,부산 기장군 정관읍 모전1길 9
동일Dream교실,1577-5105,"부산광역시 부산진구 동평로150번길 14 (부암동, 서면동일파크스위트1차) 502동204호"
동작지사직영교실,,
동천레베카교실,053-311-0509,대구광역시 북구 동천로 156
동천스마트교실,1577-5105,경북 경주시 탈해로 20-3 (동천동)
동천엘리트교실,1577-5105,대구 북구 동천로 35-6
동천영남2차교실,053-285-1999,대구 북구 동천동 영남2차타운
동초교실,01084340918,전남 목포시 산정동 282-2
동촌하버드교실,053-981-0979,대구광역시 동구 동촌로 175-8
동춘동교실,032-214-4415,인천 연수구 동춘동
동춘삼성럭키교실,032-821-1137,인천광역시 연수구 원인재로 81
동춘현대대림2차교실,032-813-5723,인천 연수구 먼우금로
동탄2포스코더샵교실,1577-5105,
동탄나루월드교실,1577-5105,경기 화성시 반송동
동탄센터점교실,1577-5105,경기도 화성시 동탄대로시범길 192
동탄우미교실,1577-5105,경기 화성시 석우동
동탄자연엔데시앙교실,1577-5105,경기도 화성시 동탄면
동탄파크교실,1577-5105,화성시 동탄대로 24 가길
동탄휴먼시아교실,1577-5105,경기도 화성시 반송동
동평아이교실,1577-5105,대구광역시 북구 대천로 101
두산교실,02-2212-6511,서울 동대문구 답십리동
두산위브교실,070-7664-6994,강원 원주시 흥업면
두산위브교실,1577-5105,"경기 안산시 단원구 원선1로 38 (초지동, 두산위브아파트)"
두산위브교실,010-2071-0963,경남 진주시 금산면 장사리 705 두산위브A 상가 208호
두산위브교실,1577-5105,경기 광명시 광덕산로 26
두산초해법영어교실,010-9493-9957,대구 수성구 지산동
두암해법영수학원교실,010-3494-3421,광주 동구 밤실로 152-1 (산수동) 상가 2층
두정교실,041-523-1001,충남 천안시 서북구 두정동
두정우남교실,010-3859-0613,충청남도 천안시 서북구 두정역서1길 4-6
두호교실,054-231-9090,경북 포항시 북구 두호동
둔산교실,1577-5105,
둔전제일최강교실,031-322-1922,둔전제일초 혜현빌딩
둔포테크노교실,1577-5105,
드림교실,1577-5105,
드림아카데미교실,033-734-8588,강원 원주시 문막읍
드림캐슬교실,010-7568-1658,동백 롯데캐슬1단지
드림하이해법영수학원교실,010-7917-9114,하남시 미사강변대로226번길 15
드보라아카데미교실,1577-5105,
들안길교실,1577-5105,
디킨스교실,1577-5105,광주 북구 운암동 232-2
뜨란채3교실,064-721-4568,제주특별자치도 제주시 수덕로 44
라온해법영어교실,1577-5105,경기 고양시 일산동구 정발산동
라임나비교실,1577-5105,김포시 구래동
래미안교실,1577-5105,
래미안교실,031-396-3566,
로고스교실,1577-5105,경기도 수원시 영통구 망포동
로고스영어입시전문학원교실,01077478599,"충청북도 청주시 흥덕구 증안로22번길 26, 2층"
로뎀해법학원,1577-5105,부산시 기장군 정관면 방곡리 387-4
롤마교실,1577-5105,네오빌상가
롯데낙천대엘리트교실,054-262-8243,경북 포항시 북구 장성동
롯데캐슬1차교실,1577-5105,부산시 기장군 정관면 용수리 롯데캐슬1차 102동 404호
롯데캐슬2단지교실,1577-5105,부산 사하구 다대낙조2길 100
롯데캐슬2차교실,051-922-9905,부산시 기장군 정관면 정관3로 51 정관롯데캐슬2차@202동102호
롯데캐슬교실,031-475-5800,고잔롯데캣슬 2층
롯데캐슬교실,1577-5105,
롯데캐슬교실,010-2981-0579,충북 청주시 청원구 오창읍 양청리 810-2
루미교실,1577-5105,
류선교실,031-611-0348,송탄로 40
리더스교실,033-636-4592,강원도 속초시 교동로 7길 31 3층
리더스교실,1577-5105,광주 남구 봉선1로 47
리더스해법교실,033-765-0566,강원 원주시 관설동
리더스해법교실,02-855-1319,서울 구로구 구로1동
리더스해법에듀교실,02-456-5105,서울 광진구 중곡동 150-14
리더스해법영어교실,1577-5105,충북 청주시 흥덕구 가경동
리즈교실,031-967-0509,경기도 고양시 일산동구 위시티2로 19 5층
리차드교실,1577-5105,경기 안산시 단원구 고잔동
린다교실,1577-5105,경기 광주시 회안대로 621-21
마곡공진교실,1577-5105,
마로교실,1577-5105,
마린교실,0517421061,부산해운대구마린시티제니스A상가
마북교실,1577-5105,용인시 기흥구 마북동 연원마을
마산 성지교실,1577-5105,"경남 창원시 마산합포구 산호남로 1 (산호동, 산호빌딩) 성지학원"
마산구암초등교실,055-292-9696,경남 마산시 구암1동
마산국제비치교실,010-4843-5245,경상남도 창원시 마산합포구 합포동5길 22
마산삼계내서교실,055-232-4418,경남 마산시 내서읍 삼계리 35-12  2층
마산삼계숲속교실,055-261-7581,경남 마산시 내서읍 삼계리
마석라온교실,01044036252,
마석송라교실,1577-5105,경기 남양주시 화도읍 맷돌로 114 메디칼프라자 403호
마장교실,1577-5105,서울 성동구 마장동
마전 탑클래스교실,1577-5105,인천 서구 완정로 126
마전동아교실,010-6821-5009,
마전우림교실,010-4022-3586,
마천엘리트교실,02-403-0565,서울 송파구 마천동307-25
마포서강교실,1577-5105,서울 마포구 창전동
마포자이3차교실,01041302399,"서울 마포구 숭문길 98 (염리동, 마포자이3차)"
마포중동1교실,1577-5105,서울특별시 마포구 월드컵북로36길 17
만덕길교실,01025730136,부산 북구 덕천로234번길 5
만덕벽산교실,051-626-0594,부산 북구 만덕2동
만덕엘리트교실,010-9166-2172,부산광역시 북구 만덕2동
만성양현초교실,1577-5105,전북 전주시 덕진구 오공로 43 (중동)
만수1동교실,032-465-9995,인천 남동구 만수1동
만수베스트교실,032-466-0550,인천 남동구 만수6동
만수벽산교실,032-472-1890,인천 남동구 만수동
만수주공4교실,1577-5105,인천 남동구 만수4동 주공아파트 101-621
만천유앤아이교실,033-252-9430,강원 춘천시 동면
만촌대청교실,1577-5105,대구광역시 수성구 교학로 37
만촌아이캔교실,053-753-7804,대구광역시 수성구 충의로6길 42
만촌중앙 해법영어,010-3450-4152,대구 수성구 만촌로 134
망미엘리트,010-3561-2401,부산 수영구 망미동
망미주공스마트교실,051-758-0570,
매천애플교실,053-326-1343,
매화1등교실,031-520-2602,경기도 시흥시 매화동
메가멘토교실,1577-5105,
메이플교실,1577-5105,"경기 안산시 단원구 선부광장북로 67 (선부동, 수정한양아파트)"
메트로엘리트교실,1577-5105,부산 남구 용호1동
멘토,010-3056-3294,김해시 장유로 226 신화빌딩 301호
멘토교실,1577-5105,전라남도 광양시 광장로 112-20
멘토교실,1577-5105,울산 중구 명난로 118 (태화동)
멘토링교실,010-2042-4421,경상남도 양산시 가촌동 동일스위트@104동
명륜교동교실,051-557-0579,
명륜교실,033-766-5221,강원 원주시 명륜동
명문교실,041-584-2747,충남 천안시 서북구 직산읍
명문해법영어교실,010-7501-0479,
명샘교실,031-611-0519,경기도 평택시 지산동
명장현대교실,051-944-9377,부산 동래구 명장동
명진교실,1577-5105,
명진교실,1577-5105,
모라동원교실,1577-5105,부산시 사상구 모라동 1361 동원아파트상가 202호
모라멘토스쿨 교실,1577-5105,
모아교실,1577-5105,
모아미래도1차교실,1577-5105,김해시 장유면 율하리 모아미래도 1차아파트
모현교실,031-339-3446,경기도 용인시 처인구 모현면 왕산리
목4동정목교실,02-2652-0595,서울 양천구 목4동
목동13단지 엘리트교실,02-2655-0203,서울특별시 양천구 신정7동
목동7단지교실,02-2645-5105,서울 양천구 목동
목동8단지테솔교실,1577-5105,목동 8단지 단지내 상가
목동교실,1577-5105,목동 544-18 동인리치빌 101호
목동월촌교실,2642-0521,
목동초점교실,1588-5105,서울 양천구 목동동로12길 11 (목동)
목련교실,1577-5105,목련@ 5단지
목상백선생교실,1577-5105,대전시 유성구 구룡동 48-3 (백숙현) 택배발송지
목암교실,1577-5105,경기도 고양시 덕양구 고양동
목양교실,1577-5105,대전 중구 목동로 37번지
목천부영교실,555-9329,충청남도 천안시 동남구 목천읍 응원리
무실교실,1577-5105,강원 원주시 무실동
무안교실,01041668516,전남 무안군 무안읍 면성1길 146
무안두드림교실,1577-5105,
무적해법영어교실,1577-5105,기장군 정관읍 이지더원1차 102-302
무주교실,010-2483-4234,전북 무주군 무주읍 읍내리 311
무주구천초교실,010-3688-8911,전북 무주군 설천면 삼공리 738-8
무지개4단지교실,1577-5105,경기도 성남시 분당구 구미동
무지개마을교실,1577-5105,경기 성남시 분당구 구미동 203-2번지 진도훼미리프라자 309호
무학교실,1577-5105,서울 성동구 하왕십리2동
문경모전교실,054-556-0505,경북 문경시 흥덕동
문경새재교실,010-5615-7311,
문덕교실,1577-5105,
문막코아루교실,1577-5105,강원 원주시 문막읍
문성서희교실,1577-5105,"경상북도 구미시 고아읍 문성로 34(문성리, 서희스타힐스)"
문정교실,1577-5105,서울특별시 송파구 송이로32길 37
문촌교실,0319225252,경기 고양시 일산서구 대산로 182
문현대림교실,1577-5105,
문현엘리트교실,051-636-0105,부산광역시 남구 고동골로 78 태권도화신체육관 1층
문화토피아교실,1577-5105,대전 중구 문화동
물금캠퍼스교실,010-6406-9958,경남 양산시 물금읍 물금로 96-21 (가촌리)센트럴파크빌딩 4층
미래교실,1577-5105,서울시 성북구 석관동
미래로교실,1577-5105,경기 파주시 미래로 422
미래사관교실,동부교연,
미래지향교실,1577-5105,서울 양천구 신정동
미래해법영어교실,1577-5105,광주 서구 화운로 94
미르교실,1577-5105,"대전 중구 선화로22번길 25 (용두동, 미르마을아파트)"
미리내교실,041-621-7200,충청남도 천안시 서북구 월봉4로 88-8 2층 미리내해법영어교실
미리벌교실,010-8566-1085,"경남 밀양시 미리벌로 51-8 (삼문동),미리벌초등학교 후문"
미사강변교실,010-9927-2405,경기도 하남시 미사강변대로 270
미사센트럴교실,1577-5105,
미사신안인스빌교실,1577-5105,미사 신안인스빌
미사제일풍경채교실,1577-5105,경기 하남시 미사강변서로 65
미사ABC교실,1577-5105,
미션교실,033-533-7001,동해시 청운1길 29 대동아파트 24동 301호
미송교실,02-2299-9672,서울 성동구 무학로14길 41 (마장동)
민락무적교실,051-757-7657,부산광역시 수영구 광남로 257번길 5
민락SKY해법영어교실,1577-5105,경기도 의정부시 송양초 앞
밀성교실,055-356-0279,밀양시 삼문동 미리벌로 3길 28번지 2층
바른영어교실,1577-5105,울산광역시 남구 야음동 신정현대홈타운
반달에이스교실,032-236-0626,경기도 부천시 원미구 상일로82
반도5차교실,010-5553-2435,경남 양산시 동면 금오16길 122 (석산리) 반도유보라5차@ 507동
반도유보라2차교실,1577-5105,경기 화성시 동탄순환대로26길 55
반도유보라교실,1577-5105,
반도유보라캠퍼스교실,1577-5105,화성시 동탄순환대로 10길 88(레이크힐 유보라 아이파크10.2 ) 카림에비뉴상가 227~228
반도e-library교실,010-7738-3276,경기 남양주시 와부읍 덕소로 180
반산교실,1577-5105,부산광역시 해운대구 재송동 1033-8 2층
반석교실,031-427-0599,경기 군포시 산본동
반여스마트교실,051-531-0579,해운대구 반여동 1632 프레스상가 302호
반포에이스교실,1577-5105,서초구 잠원동
반포IVY교실,1577-5105,서울 서초구 반포동 1313번지 반포프라자 6층
방배리더스교실,1577-5105,
방학초교실,02-955-5050,"서울 도봉구 방학로10길 35 (방학동, 신우빌라)"
방화1교실,02-2665-0508,서울 강서구 방화1동
배곧교실,1577-5105,시흥시 배곧4로 32-9
배방메이루즈교실,041-549-0431,충남 아산시 배방면 공수리
배방푸르지오1차교실,1577-5105,충남 아산시 배방읍 배방로105번길 31
배방한성교실,041-541-5380,충청남도 아산시 배방로 58-43
배방효성해링턴교실,1577-5105,충남 아산시 배방읍 공수리 1487
배순영교실,1577-5105,김해시 장유면 삼문리 부영 e그린 6차 상가 2층(젤미마을)
배움터꿈샘교실,070-7536-0579,경기도 용인시 기흥구 보라동
백련교실,1577-5105,전남 목포시 용해동 126
백문교실,1577-5105,
백석교실,031-903-0513,경기도 고양시 일산동구 백석동1183 백송3단지상가 201호
백석아이파크2차교실,1577-5105,충남 천안시 서북구 한들3로 35-23
백석현대교실,1577-5105,충남 천안시 서북구 백석3로 130
백선생교실,041-567-0106,충남 천안시 서북구 불당동
백신해법영어교실,031-908-0288,경기 고양시 일산동구 백석동 1434-4 1층
백양드림온교실,1577-5105,부산시 부산진구 당감동 백양산로 53번기 103상가 가동202호
백운교실,1577-5105,인천 부평구 십정동
백점교실,1577-5105,
백점스터디교실,033-257-7150,강원 춘천시 동면
백천교실,1577-5105,
백현2교실,1577-5105,경기도 성남시 분당구 동판교로 122번지 206동 301호
백현마을교실,031-274-5929,경기도 용인시 기흥구 동백동
버클리해법영어,010-7249-1474,경남 진주시 초전북로39번길 5-33 201(초전동)
범계교실,1577-5105,경기 안양시 동안구 호계동
범어 브라운스톤교실,1577-5105,대구 수성구 동대구로 354 (범어동)
범어경동교실,053-746-0599,대구광역시 수성구 청호로84안길 2 청구하이츠
범어경신 해법영어,01021061057,대구 수성구 범어동
범어동천교실,053-741-0759,대구광역시 수성구 상록로 82 3층 해법영어
베라체교실,1577-5105,한가람한양@
베리룩스교실,1577-5105,
베스트교실,1577-5105,강원 원주시 개운길
베스트교실,1577-5105,
베스트교실,1577-5105,
베스트교실,010-3549-3232,광주 남구 효우2로 브라운스톤
베스트교실,0624175517,광주 북구 천지인로115번길 22
베아채스위트교실,01096667471,전남 무안군 삼향읍 남악5로22번길 20
베키교실,054-744-0594,경북 경주시 성건동 339~416
벽산교실,1577-5105,경기도 수원시 영통구 망포동
벽산금동초교실,1577-5105,
벽제교실,0319627227,경기 고양시 일산동구 사리현동 128-5 203호
변동교실,1577-5105,대전 서구 변동
별내리슈빌교실,1577-5105,경기 남양주시 별내5로 121
별내엘리트교실,1577-5105,경기 남양주시 별내동 826-6 5층 별내동 826-6 503호
별빛7단지교실,1577-5105,
별빛교실,1577-5105,경기 남양주시 별내동 동익 미라벨 3904-204
별빛제니퍼교실,1577-5105,
병점송화교실,1577-5105,경기 화성시 병점동 임광프라자
보라교실,1577-5105,경기 용인시 기흥구 보라동
보라매교실,02-889-0579,서울 관악구 보라매동705-1 (3층)
보라이레교실,1577-5105,
보령동대교실,1577-5105,충남 보령시 동대동
보령명천교실,1577-5105,
보령센트럴교실,1577-5105,
보령죽정교실,041-935-6619,충남 보령시 죽정동
보성드림교실,053)636-3380,대구시 달서구 학산로 30길
보성이튼교실,053-314-6669,대구 북구 읍내동 보성3차아파트
본리롯데캐슬교실,1577-5105,대구광역시 달서구 대명천로 119
본원교실,031-406-0536,경기 안산시 상록구 사동
본촌교실,062-574-0506,광주 북구 본촌동
봉곡세양청마루교실,1577-5105,경상북도 구미시 봉곡서로12길 3  봉곡 세양청마루 상가
봉곡이편한교실,1577-5105,경상북도 구미시 봉곡로24길 33-11 이편한세상
봉담동문교실,1577-5105,경기 화성시 봉담읍 상리 봉문@
봉담아이파크교실,1577-5105,경기 화성시 봉담읍 와우리
봉담푸르지오교실,1577-5105,
봉담한신교실,1577-5105,경기도 화성시 봉담읍 상리
봉담한신더휴교실,1577ㅡ5105,봉담읍
봉담휴먼시아6단지교실,1577-5105,경기도 화성시 봉담읍 동화리
봉대부영교실,033-747-4343,강원 원주시 양지로
봉덕SKY교실,053-474-0577,대구 남구 봉덕동
봉동렉시안교실,01090679098,전북 완주군 봉동읍 둔산1로 142
봉명우리교실,042-823-2114,
봉산교실,051-413-2311,부산 영도구 봉래동5가
봉산그레이트교실,1577-5105,
봉산초교실,1577-5105,대전 서구 갈마동
봉서엘리트교실,041-575-0301,충남 천안시 봉명동
봉천1동교실,02-887-3303,서울 관악구 보라매동(봉천1동)
봉천우성교실,02-887-7772,서울 관악구 행운동(봉천6동)
봉평교실,1577-5105,강원 평창군 봉평면
봉현교실,1577-5105,서울 관악구 청림동 관악현대아파트 109-126
부개주공교실,1577-5105,인천광역시 부평구 부개로 12
부곡 중앙교실,1577-5105,경기 군포시 부곡동
부발교실,1577-5105,
부산항교실,051-988-0509,부산 부산진구 당감3동 491-16 4층 401호
부성교실,1577-5105,
부안격포교실,1577-5105,
부여교실,1577-5105,부여읍 구아리
부영14차교실,01066584476,경남 김해시 월산로 13-14
부영17차교실,010-5545-5494,경상남도 김해시 능동로 117  부영17차 410동
부영3차교실,1577-5105,
부영7차교실,010-4040-2949,경상남도 김해시 삼계동 부영7차 211동 404호
부영교실,1577-5105,경기 하남시 창우동 부영아파트
부영다니엘교실,1577-5105,경남 창원시 진해구 신항동로 134
부천교실,0638335732,익산시 영등동 842-2
부천남부교실,032-655-1105,경기 부천시 소사구 심곡본1동
부천대명교실,1577-5105,경기도 부천시 오정구 원종2동
부천동곡교실,1577-5105,
부천이레교실,032-344-5205,경기도 부천시 원미구 역곡동
부천직영교실,032-343-8632,경기도 부천시 소사구 소사본동
부평 구산교실,1577-5105,
부평 다니엘교실,1577-5105,인천 부평구 산곡동
부평 부흥초교실,1577-5105,인천광역시 부평구 부흥로366번길 39
부평교실,010-7119-7765,"경기 남양주시 진접읍 부평로 32 (부평리, 진접센트레빌시티아파트) 108동 1003호"
부평대림교실,1577-5105,인천 부평구 부평동
부평솔로몬교실,1577-5105,인천 부평구 산곡동 우성상가
부흥교실,1577-5105,경기 안양시 동안구 부흥동
북가좌초교실,1577-5105,서울 은평구 대조동
북광주지사직영교실,010-7675-7877,
북대구달성교실,053-383-0533,대구 북구 검단동
북면중앙교실,041-558-1509,충남 천안시 동남구 북면 상동리
북문탑클래스교실,1577-5105,충청북도 청주시 상당구 북문로3가
북삼멘토교실,054-975-0509,경상북도 칠곡군 안산2길 13-8
북아현해법영어교실,010-4710-2879,서울 서대문구 북아현동 북아현로 65
분당SJ연세교실,031-708-1001,경기도 성남시 분당구 양현로94번길 21
분평2교실,1577-5105,
분평sky교실,1577-5105,
불당동일하이빌교실,1577-5105,충남 천안시 서북구 시청로 73
불당우미린교실,1577-5105,충남 천안시 서북구 불당동
불당지웰시티엘리트교실,1577-5105,충남 천안시 서북구 불당26로 80
불로교실,032-564-5105,인천 서구 불로동
불무이안교실,041-573-1544,
불암미래교실,1577-5105,서울시 노원구 상계동
브니엘교실,1577-5105,
블루밍해법영어교실,1577-5105,경기도 수원시 팔달구 화양로 38
비봉교실,1577-5105,경기도 화성시 비봉면 삼화리
비산3동교실,1577-5105,경기도 안양시 동안구 비산동
비산삼호교실,1577-5105,
비산윤샘교실,,대구 서구 국채보상로 369 (비산동)
비산한화교실,1577-5105,비산동 한화꿈에그린앞
비젼교실,051-294-0551,부산 사하구 하단1동
비젼교실,1577-5105,
빛가온교실,1577-5105,
빡쎈영어교실,1577-5105,대구광역시 달서구 상화북로 137 한양은하아파트
뿌리영어교실,02-445-9199,서울 강남구 밤고개로 219
사곡보성황실교실,1577-5105,경북 구미시 상사동로24길 5-11 (사곡동)
사관엘리트교실,054-555-9779,
사당3동롯데캐슬교실,1577-5105,서울특별시 동작구 사당로23아길 6
사동교실,031-417-9578,경기도 안산시 상록구 사2동
사직레이첼교실,1577-5105,
사직스마트교실,1577-5105,
사천 남양교실,010-4559-9479,"경남 경남 사천시 진삼로 126-1 (송포동, 송림식당)"
사천 e좋은 해법 영어 교실,055-852-9801,경남 사천시 사천읍 정의길71 e좋은학원
사천꼼꼼이교실,0558333778,경남 사천시 남일로 47-1
사천동성교실,055-854-4774,사천시 정동면 진삼로 1396-13 한보1차A 상가 2층 6호
사천리가교실,055-853-8883,"사천시 사남면 월성1길 15-23 , 2층 명품학원"
사천정석교실,055-833-1362,경남 사천시 주공로7길 2층 정석학원
사하e편한2차교실,1577-5105,
산격1교실,1577-5105,
산곡남교실,1577-5105,인천 부평구 산곡동
산내마을3단지교실,1577-5105,
산내해법영어교실,042-271-7917,대전 동구 낭월동
산동우미린풀하우스교실,15775105,"경북 구미시 산동면 신당인덕3로 1 (인덕리, 우미린풀하우스)"
산동중흥2차교실,1577-5105,경북 구미시 산동면 신당인덕1로 135(중흥S클래스 에코시티)
산들교실,0319758424,경기 고양시 일산서구 일산동 525-21
산본수리산교실,1577-5105,경기 군포시 산본동
산북교실,063-461-5105,전북 군산시 산북동
산성교실,1577-5105,
산수화교실,031-691-5341,경기도 안성시 공도읍 용두리
산의초교실,1577-5105,경기 수원시 영통구 이의동
삼각산교실,1577-5105,서울 강북구 미아동
삼각산SK교실,1577-5105,
삼각해법교실,062-432-8209,광주 북구 삼각동
삼계부영6차교실,055-311-2321,경상남도 김해시 삼계동 부영 6차아파트
삼계와이교실,0559030979,경남 김해시 가야로157번길 17-11
삼계하버드교실,1577-5105,"경남 창원시 마산회원구 내서읍 삼계8길 31 (삼계리, 화성아파트)"
삼덕교실,0513052090,부산 사상구 삼덕로46번안길 33
삼방화인교실,055-311-5284,경남 김해시 삼방동692 화인@
삼부르네상스교실,1577-5105,
삼산미래타운5단지교실,1577-5105,"인천 부평구 영성중로 18 (삼산동, 삼산주공미래타운아파트)"
삼산타운1단지교실,1577-5105,인천 부평구 삼산동
삼산프린스턴교실,1577-5105,인천 부평구 삼산동
삼성2차교실,1577-5105,
삼성6단지교실,1577-5105,경기 군포시 삼성로 41
삼성래미안교실,031-852-4469,경기도 의정부시 신곡동
삼성신기교실,010-4664-1386,경기도 군포시 번영로200번길 71
삼성오류교실,1577-5105,대전광역시 중구 계룡로 852
삼송e편한시티 교실,031-381-1205,경기 고양시 덕양구 동송로 33
삼익교실,070-8288-8876,경기 평택시 동삭동
삼익교실,1577-5105,서울 강남구 청담동
삼익벽산교실,1577-5105,경기도 수원시 영통구 영통동
삼인삼색교실,042-826-3370,대전광역시 유성구 노은로 158
삼정교실,1577-5105,경기 수원시 권선구 당수동 삼정아파트
삼정더베스트교실,1577-5105,대구광역시 달성군 다사읍 다사로 50 (죽곡삼정그린코아더베스트)
삼천삼익교실,063-222-0573,전북 전주시 완산구 삼천동1가 오성대우 맞은편 2층 이룸학원
삼천효림교실,063-277-2090,삼천하이츠 상가 2층
삼현초교실,1577-5105,
삼호어학원교실,010-8808-8172,"경남 양산시 삼호로 74, 211호 (푸르지오 아파트 상가)"
삼호elite교실,052-222-5105,울산시 남구 삼호로 35-1 2층 삼호해법영어교실
삼화BEST교실,064-759-6789,제주특별자치도 제주시 화삼북로2길 12 삼화휴먼시아1단지 상가동202호
상경엘리트교실,1577-5105,
상계벽산TOP교실,02-3392-1733,서울 노원구 상계5동
상계보람교실,02-933-3361,서울 노원구 상계9동
상계은빛엘리트교실,02-935-0905,서울 노원구 동일로245가길 41
상계주공2교실,1577-5105,
상계현대교실,1577-5105,서울 노원구 상계8동
상대교실,1577-5105,
상대트리플교실,042-823-0578,대전 유성구 상대동 상대초 정문 앞 신협건물 2층
상동교실,0635365888,전북 정읍시 상동중앙로 49-1
상률교실,1577-5105,경기도 수원시 장안구 율전동
상률벽산주공교실,1577-5105,경기도 수원시 장안구 율전동
상아교실,1577-5105,"대전 서구 대덕대로 415 (만년동, 상아아파트)"
상원초교실,1577-5105,
상인교실,1577-5105,대구 달서구 송현로7길 10 (상인화성파크드림)
상일교실,02-426-1161,서울 강동구 상일동 192-1  3층
상주멘토교실,1577-5105,경상북도 상주시 성동새싹길 56
상주천년나무교실,1577-5105,경상북도 상주시 동수4길 33 상주무양LH천년나무
상탄교실,031-913-0584,경기도 고양시 일산서구 탄현동 1487 삼익아파트상가 2층
새말교실,1577-5105,경기 의정부시 추동로108번길 76 (신곡동)
새미래교실,042-368-6565,
새서귀교실,064-739-2244,제주특별자치도 서귀포시 신서귀로97번길 61
새솔점교실,01032976138,서울 구로구 공원로 35
새시대교실,01088719355,
새천년교실,010-3304-8974,경기도 용인시 기흥구 신갈동
샐리교실,1577-5105,서울 강동구 고덕로 427
샘지교실,01187745482,서울 금천구 시흥동
샘터엘린교실,1577-5105,
샛별교실,1577-5105,경기도 남양주시 별내동 A3-2블럭 대우푸르지오아파트 5201동 1202호
샛별한양교실,1577-5105,경기도 안양시 동안구 비산동
샤론교실,1577-5105,경주시 용강동
서구신현교실,032-582-1131,인천 서구 신현동
서남교실,055-363-3033,경남 양산시 물금읍 범어리 덕산@상가 2층 302호
서대구교실,053-557-6727,대구광역시 서구 문화로 180
서대문 독립문1호점교실,02-313-1105,서울특별시 서대문구 독립문공원길 17 극동아파트상가 402호
서대문연가교실,1577-5105,서울 서대문구 증가로 204
서변엘리트교실,053-939-0509,
서봉마을 5단지교실,1577-5105,경기 화성시 향남읍 상신하길로273번길 60
서부강남교실,1577-5105,
서부상떼빌교실,010-8978-5992,울산 동구 서부동
서산성연이안교실,1577-5105,충남 서산시 성연면 성연3로 36
서산읍내비전교실,1577-5105,
서선생교실,1577-5105,대전 서구 가장동
서신서문교실,063-255-8199,전북 전주시 완산구 서신동 797-2 3층 해법영어학원
서신서일초교실,1577-5105,서신로 107
서재동화교실,053-635-0315,대구 달성군 서재리 동화아이위시 2차
서정마을교실,070-7690-5001,경기 고양시 덕양구 행신동
서창대동교실,01044344512,경남 양산시 소주로 181
서창태평교실,1577-5105,
서천1단지교실,031-202-4416,서천 1단지 단지내상가 2층
서천제이미교실,031-203-2504,용인시 기흥구 서천로 117-9
서초연세교실,1577-5105,서초구 서초2동 신동아아파트 상가
서초프라임교실,1577-5105,
서촌교실,031-503-7089,경기도 시흥시 정왕동
서충주자이교실,01074827731,충북 충주시 중앙탑면 원앙4길 51
서해그랑블교실,041-532-1843,충청남도 아산시 권곡동 서해그랑블@
서현교실,031-705-0570,경기도 성남시 분당구 서현동
서희점교실,01092444679,전남 목포시 텃골로 19
석림라온교실,1577-5105,
석산엘리트교실,055-388-4553,경상남도 양산시 금오16길 65 e편한세상 1차
석수교실,1577-5105,
석수대우푸르지오교실,1577-5105,안양시 만안구 석수동 석수대우@
석수한마음교실,1577-5105,경기도 안양시 만안구 충훈로 52
석적효성해링턴교실,01045054792,경상북도 칠곡군 남율로5길  53-24
석현엘리트교실,1577-5105,
석현초교실,1577-5105,
선비1단지교실,042-624-5421,선비마을1단지 상가
선비2단지교실,042-634-0579,대덕구 송촌동 선비마을 2단지 상가 2층 해법영어
선비4단지교실,042-631-0579,송촌동 선비마을 4단지 상가
선비5단지교실,042-636-3305,대전광역시 대덕구 동춘당로54번길 40-6
선사현대교실,1577-5105,
선수촌교실,1577-5105,부산 해운대구 반여1동
선운교실,1577-5105,
선원교실,053-585-1054,대구 달서구 이곡동
선유교실,1577-5105,대전 서구 관저동
선진인교실,02-805-0778,서울 금천구 시흥1동
선화센트럴교실,1577-5105,
설봉스터디앤조이교실,1577-5105,경기 이천시 향교로120번길 4 (창전동)
섬강초교실,1577-5105,강원 원주시 지정면 가곡리
성남교실,031-742-9994,경기도 성남시 중원구 금광1동
성남교실,1577-5105,부산시 동구 범일2동 252-104 성남해법영어
성남하남직영,1577-5105,
성당래미안교실,1577-5105,대구광역시 달서구 장기로 145 성당래미안 이편한세상아파트
성당포스코1교실,1577-5105,대구광역시 달서구 장기로 115
성동2교실,053-756-0509,대구 수성구 청수로35길 91
성북중랑직영교실,02-937-7650,서울 노원구 동일로 1053
성북초교실,1577-5105,강원 횡성군 횡성읍 읍마북로 6
성사래미안교실,1577-5105,
성산엘리트교실,1577-5105,대구 달서구 성지로 75
성산APEX해법영어교실,01026117039,서울 마포구 백범로25길 63
성서리더스교실,053-583-0577,대구 달서구 이곡동
성서리더스교실2,1577-5105,
성서펀펀교실,1577-5105,한빛아파트 상가2층
성서한마음교실,1577-5105,용산동 한마음타운 106동
성성위너스교실,1577-5105,충남 천안시 서북구 성성9로 14
성수별해법교실,010-9091-8710,서울 성동구 성수1가
성신교실,1577-5105,경기도 고양시 덕양구 행신동
성원교실,02-825-2323,
성원해법교실,033-744-5027,강원 원주시 무실로
성일 Sky 교실,1577-5105,
성저해법영어교실,0319244640,경기 고양시 일산서구 대화동
성적플러스교실,1577-5105,인천 부평구 일신동
성포교실,031-509-1105,경기도 안산시 상록구 성포동
세견아교실,1577-5105,광주 북구 오치동 5-7
세곡교실,1577-5105,서울 강남구 세곡동 
세마교실,1577-5105,경기 오산시 세교동
세영교실,043-847-6558,충북 충주시 칠금동
세인트루이스교실,1577-5105,
세종다정교실,1577-5105,
세종도담교실,1577-5105,세종시 도담동
세종도원교실,1577-5105,세종특별자치시  도원로 29
세종마스터교실,1577-5105,
세종새롬교실,044-863-9007,세종시 새롬동
세종새빛교실,1577-5105,세종특별자치시 반곡1길 9
세종스마트교실,1577-5105,세종특별자치시  누리로 27
세종아름교실,1577-5105,
세종에듀마크교실,1577-5105,세종시 소담동
세종엘리트교실,1577-5105,세종특별시 첫마을 2단계
세종유승한내들교실,1577-5105,세종특별자치시 마음안로 34
세종으뜸교실,1577-5105,세종특별자치시 마음로 152
세종제니교실,1577-5105,세종특별자치시 조치원읍 섭골길 59
세종탑교실,1577-5105,
세종파란교실,1577-5105,
세종한결교실,1577-5105,세종특별자치시 다정북로 109
세종한솔교실,1577-5105,
세종해들교실,1577-5105,해들마을 4단지
세종River Park교실,1577-5105,
세종SM캐슬교실,1577-5105,세종특별자치시 반곡로 14
세천엠코교실,1577-5105,대구 달성군 다사읍 세천로 160
세풍교실,1577-5105,
세화리디아교실,010-2911-2632,구좌읍 상도리
센스빌엘리트교실,1577-5105,
센타프라자 안양1동교실,1577-5105,경기 안양시 만안구 안양동 센타프라자
센터미교실,01085243535,
센텀삼환교실,051-742-0577,
센텀송수교실,051-933-9566,부산광역시 해운대구 재송동
센텀포레교실,1577-5105,부산광역시 수영구 수영로 775
센트럴 아이파크 두웰교실,1577-5105,경기 고양시 일산동구 중산로 70
센트럴 푸르지오,1577-5105,청계동
센트럴힐즈교실,15775105,센트럴힐즈@
셈엘리트교실,1577-5105,경기 안양시 동안구 관평로 122
소나무교실,1577-5105,화성시 서신면 궁평리
소나무교실,1577-5105,경기도 광명시 성채로36
소래해법교실,032-435-7722,인천광역시 남동구 장도로 4 (논현동)
소룡교실,063-466-1876,전북 군산시 소룡동
소만마을교실,1577-5105,경기도 고양시 덕양구 행신동
소현교실,1577-5105,경기 용인시 기흥구 보정동 성호샤인힐즈아파트 108-101
속초교동초교교실,1577-5105,
손영인교실,055-313-0579,"김해시 삼계동1468-1, 202호"
솔로몬교실,545-2353,충청남도 아산시 시민로244번길 11-14
솔루션 교실,1577-5105,전라남도 순천시 왕지3길 55
솔샘부영교실,1577-5105,강원 원주시 무실동
솔터교실,1577-5105,경기도 김포
송강청솔교실,042-385-0504,청솔아파트상가
송강한솔교실,1577-5105,대전광역시 유성구 송강로 8
송내엘리트교실,031-864-6474,경기도 동두천시 송내동
송내현대교실,032-666-0507,경기 부천시 소사구 송내동
송도월드뷰교실,070-8232-0559,인천광역시 연수구 송도동
송림교실,010-7751-2076,경기 수원시 장안구 정자동 한국@ 단지내 상가 5층
송림교실,1577-5105,인천광역시 동구 송향로 31
송산새솔,1577-5105,경기 화성시 수노을1로 148
송산요진교실,1577-5105,"경기 화성시 수노을1로 147 (새솔동, 송산그린시티요진와이시티"
송산휴먼빌교실,1577-5105,경기 화성시 남양읍 신외리
송양교실,1577-5105,
송전교실,1577-5105,경기 용인시 처인구 이동면 송전리
송정스카이교실,1577-5105,경기 군포시 도마교동 473
송정엘리트교실,1577-5105,
송정ETOP교실,1577-5105,서울 성동구 송정동
송죽멘토교실,1577-5105,
송천그레이스교실,1577-5105,서울시 강북구 송천동
송천센트럴교실,063-271-0509,전북 전주시 덕진구 송천로 20 (송천동1가) 2층 해법영어학원
송천송원초써니쌤교실,1577-5105,전북 전주시 덕진구 와룡로 28 (송천동2가)
송천신일한나쌤교실,1577-5105,전북 전주시 덕진구 오송1길 15 (송천동1가)
송천윈윈교실,063-275-9696,전북 전주시 덕진구 시천로 52 (송천동1가)
송탄허샘교실,1577-5105,경기 평택시 신장동
송파지니교실,1577-5105,
송파청어람교실,1577-5105,
송현 해오름교실,1577-5105,인천 동구 송화로20번길 11 (화평동)
송현멘토교실,1577-5105,
송호교실,1577-5105,경기 안산시 단원구 안산천남로 243
수내코아교실,1577-5105,
수락리버시티교실,1577-5105,서울특별시 노원구 누원로 18
수서교실,1577-5105,서울 강남구 수서동
수성4가교실,1577-5105,대구시 수성구 범어동 1003-22번지 2층
수성4가온새미로교실,1577-5105,대구광역시 수성구 수성동4가 1090-6
수성달서교실,1577-5105,대구 중구 달구벌대로 2235
수성리나교실,053-742-0533,대구 수성구 수성동1가
수성상동1교실,1577-5105,대구광역시 수성구 상화로5길 25
수성크라운교실,1577-5105,대구광역시 수성구 수성로 297-1
수안교실,1577-5105,부산 동래구 수안동 1~31
수암교실,1577-5105,경기 안산시 상록구 수암동
수앤쌤교실,1577-5105,
수영강변대림교실,051-754-0091,부산 수영구 망미동 
수영스마트교실,051-751-0569,
수영신창교실,1577-5105,경기도 화성시 봉담읍 수영리
수영협성교실,051-759-0533,부산 수영구 수영동
수완큰별교실,1577-5105,광주 광산구 신가동
수원송정초교실,1577-5105,경기도 수원시 장안구 정자2동
수일부영로즈빌교실,055-551-7779,"경남 창원시 진해구 안청북로 13 (청안동, 부영3차아파트) 상가  202호 수일학원"
수지이룸교실,1577-5105,
수지해법테솔교실,031-263-0560,031-263-0560
수진태평교실,1577-5105,경기 성남시 수정구 태평동
숙명교실,061-273-0577,전남 목포시 산정동
숙천교실,1577-5105,대구 동구 사복동 844-4
순천대우교실,1577-5105,전라남도 순천시 연향2로 대우아파트 105동 304호
순천대주교실,1577-5105,전남 순천시 조례동
순천동명교실,1577-5105,전남 순천시 해룡면 부영7차아파트
순천메가타운교실,1577-5105,
순천밀알교실,061-751-7226,전남 순천시 서면 선평리
순천벌교교실,1577-5105,전남 보성군 벌교읍 벌교리
순천보성교실,1577-5105,전남 보성군 보성읍 중앙로
순천봉화그린빌교실,1577-5105,전라남도 순천시 조례동
순천비봉교실,1577-5105,전남 순천시 조례동
순천연향현대교실,1577-5105,전남 순천시 연향동
순천오천교실,1577-5105,
순천행복교실,010-5090-7685,전남 순천시 조례동
순천향림교실,1577-5105,
숭신교실,1577-5105,서울특별시 성동구 상왕십리동
숲속교실,1577-5105,경기도 화성시 능동
숲속모아미래도교실,1577-5105,경기 화성시 동탄숲속로 96
슈르교실,1577-5105,경기 과천시 원문동
스누비교실,1577-5105,동대문구 전농1동 213-1호 2층
스마일교실,1577-5105,충북 진천군 진천읍 장관리 884 부영1차@105-101
스마일교실,1577-5105,서울 강동구 성내동
스마일교실,1577-5105,부산시 진구 개금동 455번지 신개금엘지@ 분산상가101호
스마일해법교실,1577-5105,강원 원주시 무실동
스마트교실,1577-5105,서울 강동구 고덕로 140
스마트교실,1577-5105,"경기 김포시 김포한강4로420번길 100 (구래동, 김포 한강IPARK)"
스마트영어교실,1577-5105,부산시 진구 부암동500-4 화승삼성아파트 상가 3층 307호
스마트해법지점,0326817666,경기 부천시 중동로420번길 6 (삼정동)
스위첸교실,031-667-0124,경기도 평택시 지산동
스카이에듀교실,1577-5105,1344-3번지 현대홈타운1차 A상가 2층
스카이해법영수학원교실,1577-5105,경남 김해시 분성로727번길 4
스타교실,동일,충북 청주시 흥덕구 복대동
스텔라교실,032-216-1957,경기 부천시 소사구 송내동
스티븐해법영어교실,1577-5105,광주  북구  운암동
승리교실,010-7334-6433,충북 청주시 청원구 오창읍 2산단로 151
시범단지교실,1577-5105,경기 성남시 분당구 중앙공원로 17
시범한화금호점교실,1577-5105,반송동
시범호반교실,1577-5105,경기도 화성시 동탄대로시범길 122
시지노변교실,053-795-0579,대구광역시 수성구 노변공원로 47-1
시지매호교실,053-793-0576,대구광역시 수성구 달구벌대로649길 14
시지태왕교실,1577-5105,대구 수성구 욱수천로 7
시지해밀턴해법영어교실,1577-5105,대구 수성구 매호동 1328-17
시카고종암교실,953-5105,서울특별시 동대문구 약령시로 10-1
시흥초교실,1577-5105,
신곡1교실,031-877-4800,경기도 의정부시 신곡동
신곡건영교실,1577-5105,경기 의정부시 신곡동
신곡동오교실,031-827-8383,경기도 의정부시 신곡동
신광SKY교실,064-744-0322,제주특별자치도 제주시 남녕로4길 10
신길교실,1577-5105,경기 안산시 단원구 신길동
신길삼성래미안교실,01052812563,서울 영등포구 신길로42라길 1
신길영신초교실,1577-5105,서울 영등포구 신길동
신나는미소지움교실,070-8269-7907,강원 춘천시 근화동
신내9단지교실,1577-5105,서울 중랑구 신내동
신내봉화교실,1577-5105,서울 중랑구 묵동
신내이튼교실,1577-5105,서울특별시 중랑구 봉화산로56길 51
신덕교실,051-900-9894,부산광역시 북구 만덕동
신도3차교실,1577-5105,경기도 남양주시 화도읍 비룡로116번길 33 1층 해법영어교실
신도림대림2차교실,01067888336,서울 구로구 신도림로 16
신도림성광교실,01090652893,서울 구로구 신도림동 309-6
신도제1교실,1577-5105,서울 은평구 진관동
신도청 센텀교실,1577-5105,
신동교실,1577-5105,서울 서초구 잠원동
신동아마이티교실,032-223-2024,인천 남구 학익동
신동아프라임교실,1577-5105,
신디교실,1577-5105,경기도 부천시 소사구 소사본동
신라드림교실,1577-5105,충남 아산시 배방면 세교리
신매초교실,01065082290,대구 수성구 신매로16길 8-7 (신매동)
신매하나교실,1577-5105,
신백교실,043-647-0579,충북 제천시 신백동
신백현교실,1577-5105,
신봉자이교실,031)262- 0366,경기 용인시 수지구 신봉동
신부교실,1577-5105,충남 천안시 동남구 신부동 689
신불당지웰시티교실,041-567-1533,천안시 서북구 불당23로 10
신사교실,862-6508,서울 관악구 신사동(신림4동)
신사상신교실,1577-5105,서울 은평구 신사2동
신산교실,1577-5105,경기도 양주시 남면 신산리
신서귀교실,064-,제주특별자치도 서귀포시 신동로27번길
신성드림교실,864-0579,대전 유성구 신성동
신수레미안교실,02-701-6361,서울특별시 마포구 신수로 28
신안교실,041-551-7327,충남 천안시 동남구 원성동
신안인스빌교실,1577-5105,경기 시흥시 능곡동
신안주곡초교실,1577-5105,경기 남양주시 진접읍 해밀예당1로 64 신안인스빌상가 2층
신양교실,055-367-3073,양산시 남부동 553-1 e편한세상1차아파트 상가 209호
신연수교실,1577-5105,충북 충주시 연수동산로7길
신영통두산위브교실,1577-5105,경기도 화성시 반월동
신영통반월교실,1577-5105,경기 화성시 영통로27번길 53
신영통현대동학교실,1577-5105,화성시 반월동 신영통 3단지
신우초교실,02-6407-4575,서울 관악구 삼성동(신림10동)
신원엘리트교실,1577-5105,서울 도봉구 쌍문동
신은초교실,1577-5105,
신일유토빌교실,1577-5105,
신일해법영어교실,0319115502,경기 고양시 일산서구 일산동 1103
신자교실,02-458-5105,서울 광진구 자양번영로2길26
신정교실,02-2693-7905,서울 강서구 화곡8동 
신주공교실,041-681-7905,충남 서산시 석림동 460번지
신창2차교실,1577-5105,경기 화성시 병점1로 124
신창교실,1577-5105,
신창비바교실,1577-5105,경상남도 양산시 신주로 69 신창비바패밀리아파트
신창엘리트교실,1577-5105,광주광역시 광산구 신창동 신창부영5차 상가 2층 202호
신창E&M해법학원,062-959-0806,광주 광산구 신창동
신천2동교실,053-255-9040,대구 동구 신천2동
신천지엘리트교실,1577-5105,
신천효신교실,053-427-0909,대구 동구 신천4동
신탄진교실,042-935-0522,대전 대덕구 석봉동 194-4 2층
신태인교실,1577-5105,전북 정읍시 신태인읍
신평비젼교실,1577-5105,
신하해법영어교실,1577-5105,경기 이천시 부발읍 신하리 394-27
신한교실,031-591-7530,"경기 남양주시 화도읍 녹촌로 20 (창현리, 신한토탈아파트) 상가 1층"
신현교실,1577-5105,경기 광주시 오포읍 신현리 591~1100
신호엘리트교실,010-9594-9809,부산광역시 강서구 신호산단5로 31
신화초교실,1577-5105,
신효동교실,1577-5105,경기 수원시 영통구 매탄동
신흥교실,054-610-8734,경북 포항시 남구 상도동
신흥교실,032-881-9360,"인천 중구 인항로 34 (신흥동3가, 현대상가)"
실옥푸르지오교실,041-545-5007,충청남도 아산시 아산로117번길 17
쌍용동일하이빌교실,041-908-0088,충남 천안시 서북구 쌍용2동
쌍용시영교실,041-587-0505,충남 천안시 서북구 쌍용동
쌍용예가교실,1577-5105,
쌍용탑클래스교실,041-571-0542,충남 천안시 서북구 쌍용동
쌍용해법영수교실,01024409228,경남 양산시 양주로 97
써니교실,02-6085-6808,서울 금천구 독산2동
써니교실,1577-5105,서울 송파구 양산로4길 16
씨앗교실,1577-5105,
아너스교실,1577-5105,
아산동일교실,041-532-8384,충남 아산시 풍기동
아산이쌤교실,041-531-5570,충남 아산시 장존동
아시아드교실,032-432-1005,"인천 남동구 인하로 616 (구월동, 커뮤니티프라자(복컴1)"
아이엠해법영어교실,061-901-4353,전남 순천시 조례동 왕궁중앙길 11
아이원교실,032-326-0599,경기도 부천시 원미구 상동 533-1
아이파크교실,1577-5105,
아이푸른교실,031-575-7735,경기도 남양주시 오남읍 오남리 891 오남아이파크 106-102
아주교실,1577-5105,
아튼빌교실,1577-5105,
아현애오개교실,010-4197-6260,서울특별시 마포구 마포대로 240 현대빌딩 2층
안강우방해법영어교실,1577-5105,경북 경주시 안강읍 구부랑4길 6-13 (산대리)
안강제일교실,054-761-8119,경북 경주시 안강읍 양월4리
안녕동현대교실,1577-5105,경기도 화성시 안녕동
안동 해법교실,1577-5105,경북 안동시 경동로 316 (송현동)
안동송현교실,054-859-0109,경북 안동시 송현동
안동용상교실,054-822-2345,
안동호반2차교실,1577-5105,
안동효성교실,054-853-3606,경상북도 안동시 경북대로 438
안락SK교실,051-521-5801,부산 동래구 안락동
안림엘리트교실,1577-5105,
안서교실,041-552-4337,충남 천안시 동남구 각원사길 46 (안서동)
안성일죽영재교실,1577-5105,경기 안성시 일죽면 송천리
안양6동교실,1577-5105,경기 안양시 만안구 안양동
안양동삼성래미안교실,1577-5105,경기 안양시 만안구 안양1동
안양성원교실,1577-5105,경기도 안양시 만안구 안양3동
안양아카데미교실,1577-5105,안양로
안양호계교실,1577-5105,경기도 안양시 동안구 호계동
안일엘리트교실,053-766-4805,대구 동구 율하동
안중늘푸른교실,031-681-0703,경기도 평택시 안중읍 현화리
안중명지교실,031-681-0595,경기도 평택시 안중읍 포승리
안중연리지교실,031-683-9810,경기도 평택시 안중면 현화리
안중현대교실,031-616-6530,경기도 평택시 안중읍 현화리
안화교실,1577-5105,
알찬교실,1577-5105,경상북도 칠곡군 평장3길 31
암사.민하교실,1577-5105,서울 강동구 암사동
암사비젼교실,1577-5105,서울 강동구 암사동
앙성교실,1577-5105,충북 충주시 앙성면 용포리
애월보나스교실,1577-5105,
애플교실,043-268-0131,충북 청주시 흥덕구 산남동
애플교실,1577-5105,서울 중랑구 중화동
애플트리교실,1577-5105,대구 수성구 화랑로2길 126-2
앨리교실,031-414-9510,경기도안산시 단원구  화정로 492층
양곡교실,1577-5105,
양덕예쓰교실,1577-5105,
양도교실,1577-5105,
양동교실,1577-5105,부산 부산진구 양정동 11-7 3층
양산그레이스교실,1577-5105,양산시 동면금오 16길 100 이지더원 3차 305동302호
양산대동1단지교실,010-3896-6059,양산시 삼호동 대동이미지타운 1단지아파트
양산대림교실,1577-5105,경기 오산시 양산동
양산대방7차교실,01093120923,경남 양산시 물금읍 새실로 11
양산대방8차교실,1577-5105,
양산대운교실,055-366-0585,양산시 삼호동 147 대동2차아파트 상가 2층
양산백동교실,055-386-0579,양산시 소주동 147-1 천성리버타운아파트 상가 2층
양산부영2차교실,1577-5105,
양산신평교실,055-383-0870,경상남도 양산시 신평3길 9
양산화성드림교실,01096180608,경남 양산시 대운5길 7
양산효성교실,010-7941-8205,양산시 범어로 33 효성백년가약아파트
양수교실,1577-5105,경기 양평군 양서면 양수로155번길 6
양정엘리트교실,010-7677-0048,경기도 군포시  산본동
양정프라임교실,1577-5105,부산광역시 부산진구 중앙대로941번길 11  부원맨숀 1층 16호
양정현대교실,051-853-0572,부산광역시 진구 거제대로37-1 양정퍼스트상가2층
양주덕현교실,031-827-0036,경기 양주시 고읍동
양지대림교실,1577-5105,경기도 남양주시 오남읍 양지로240번길 37 대림이편한세상아파트 111동 102호
양진엘리트교실,1577-5105,경기 안성시 공도읍 진사리
양평행복한학원,1577-5105,경기도 양평군 양평초 인근
양학교실,054-277-1579,경북 포항시 북구 득량동 303-3 양학중학교 앞
어방교실,055-337-8336,경남 김해시 어방동 대우유토피아아파트
어방유토피아교실,055-322-6977,경남 김해시 어방동 대우유토피아상가 4층
엄궁데이스쿨교실,051)313-5015,부산 사상구 엄궁로 95 (엄궁동)
에듀청덕교실,1577-5105,
에듀카운티교실,1577-5105,경남 양산시 물금읍 가촌리 대방노블랜드5차@상가 2층
에듀타운교실,1577-5105,경기 수원시 영통구 도청로 65
에리카교실,1577-5105,경기도 안산시 상록구 이동
에밀리교실,1577-5105,
에버빌교실,033-252-2505,강원 춘천시 석사동
에셀교실,1577-5105,경기도 남양주시 진접읍 해밀예당1로 49 남양휴튼 1105동 601호
에이미교실,1577-5105,강원 영월군 영월읍
에이스교실,010-4152-6513,경기도 수원시 장안구 정자동
에이플러스교실,1577-5105,
에코시티더샵2차교실,010-7541-2604,"전북 전주시 덕진구 세병로 175 (송천동2가, 에코시티더샵2차) 1006동 903호"
에코시티자이1차교실,1577-5105,에코시티 자이1차 상가 2층
엘로힘교실,010-2319-4768,김해시 외동 1258-2 해피존빌딩 504호
엘리교실,1577-5105,부영1차
엘리트교실,1577-5105,서울 강남구 일원동
엘리트교실,041)574-5222,충남 천안시 동남구 일봉로 20
엘리트교실,1577-5105,
엘리트교실,031-964-3939,경기 고양시 일산동구 식사동 1487 위시티자이1단지상가 2층 206호
엘리트시티교실,1577-5105,남양동
엘리트이천교실,053-476-2000,대구 남구 이천동
엘리트직영교실,,
엘리트해법영어학원교실,1577-5105,광양시 불로로 141. 2층
엘스교실,1577-5105,
여고초교실,1577-5105,
여수죽림부영2차교실,1577-5105,
여월Sally교실,032-682-6802,경기도 부천시 오정구 여월동
여의도교실,1577-5105,서울 영등포구 여의도동
여주호반교실,1577-5105,경기 여주군 여주읍 교리 호반리젠시빌아파트
여흥교실,1577-5105,경기도 여주시 세종로67번길 14
역동이편한세상교실,1577-5105,
역북교실,1577-5105,
역북우미린교실,1577-5105,경기 용인시 처인구 역북동
연동부영교실,064-742-0554,제주특별자치도 제주시 과원북2길 18
연무교실,1577-5105,
연산반석교실,051-867-6676,
연산자이플러스교실,070-8253-2638,부산 연제구 연산동 328-1
연산한양교실,051-758-1125,부산 연제구 연산동
연산LG교실,051-752-0575,부산 연제구 연산9동
연세교실,1577-5105,
연세스마트교실,02-352-6530,서울 은평구 신사동 18-24
연세해법영수교실,01068091738,"서울 서대문구 연희로25길 101 (연희동, 연화아파트)"
연수교실,032-721-5705,인천 연수구 연수동 577
연수아이파크교실,1577-5105,충청북도 충주시 연수로1길 12
연암교실,053-584-4342,대구 달서구 신당동
연일강변교실,054-285-1505,경북 포항시 남구 연일읍 생지리 399번지 형산강변타운상가206호
연지교실,051-803-0572,부산 부산진구 연지동 199-7번지
연지교실,01082186874,
연초 해법 영어 교실,055-636-0235,경남 거제시 거제북로 45 반석빌딩 3층
연희서곶교실,032-203-5277,인천 서구 연희동
연희초해법영어교실,01096160830,서울 서대문구 연희로 126
열린sky교실,02-2203-2230,신천동
열정과의지해법교실,031-559-9500,경기도 남양주시 호평로 93 동원로얄듀크아파트 1702동 105호
염동초힐스테이트교실,1577-5105,서울 강서구 염창동 249-2 1층
영남우방한솔교실,1577-5105,경기도 수원시 장안구 정자동 영남한솔우방APT
영림교실,1577-5105,
영본교실,010-3299-6809,서울 동작구 만양로 26
영암삼호교실,01094311189,전남 영암군 삼호읍 삼호중앙로 193 (용앙리)
영종글로벌교실,010-4307-5050,인천 중구 중산동 1887-4
영주코아루교실,054-633-8815,경북 영주시 상망동
영천s클래스교실,0624459090,"광주 광산구 풍영로 63 (월곡동, 영천마을 주공아파트)"
영통6단지교실,1577-5105,경기도 수원시 영통구 봉영로 1517번길  76
영통이레교실,1577-5105,경기도 수원시 영통구 영통로 232
영통주공9단지교실,1577-5105,경기 수원시 영통구 영통동
영호교실,010-9565-9849,경상북도 안동시 옥서1길 88
예다음교실,1577-5105,경상북도 구미시 인동54길 9
예천교실,054-653-1191,경상북도 예천군 군청길 12
오남신우교실,016-701-4951,경기도 남양주시 오남읍  신우아파트 101동 102호
오남초교실,1577-5105,"경기 남양주시 오남읍 진건오남로 661 (오남리, 동부아파트) 101동 1602호"
오드리해법교실,545-3405,"대전 동구 대전로542번길 121 (천동, 위드힐)"
오드카운티교실,1577-5105,여주시 오학동 오드카운티아파트
오룡교실,010-5009-5232,무안군 삼향읍 남악로5로 26번길 27
오룡호반점교실,01099209917,전남 나주시 그린로 153
오르교실,1577-5105,
오산갈곶교실,1577-5105,경기 오산시 경기대로
오산고현교실,1577-5105,경기도 오산시 고현동
오산대림교실,1577-5105,경기 오산시 원동
오산멘토링교실,031-377-3454,경기 오산시 누읍동
오산세교5단지교실,1577-5105,
오산에브라임교실,15775105,부원동  67-4
오산외삼미동교실,15775105,오산시 외삼미동
오산잔다리교실,031-8050-0090,경기도 오산시 세교동 잔다리마을 1단지
오산평택교실,,
오산풀잎교실,15775105,오산시 여계산로
오선생교실,1577-5105,서울 중구 중림동 200 사이버빌리지아파트 상가2층
오성교실,041-565-3010,충남 천안시 서북구 두정동
오스카빌 교실,1577-5105,충남 서산시 지곡면 무장리 920번지 늘푸른 오스카빌 105동404호
오전엘리트교실,1577-5105,경기도 의왕시 오전로 178. 동백아파트 상가동105호
오정교실,032-675-7775,경기 부천시 오정구 오정동
오정프라자교실,1577-5105,
오창꾸쌤교실,1577-5105,충청북도 청주시 청원구 오창중앙로 94
오천신세계우방교실,010-8883-3625,경북 포항시 남구 인덕동 우방신세계1차아파트 101-106
오천용덕교실,054-292-7730,경북 포항시 남구 오천읍 용덕리
옥계세영리첼교실,1577-5105,산호대로 955세영리첼 301동201호
옥계우미린교실,1577-5105,"경북 구미시 해마루공원로 111 (옥계동, 구미옥계우미린)"
옥계우미린스카이교실,1577-5105,"경북 구미시 산호대로 925 (옥계동, 옥계우미린더스카이)"
옥동6주공교실,054-841-1705,경북 안동시 옥동6주공 상가 202호
옥동교실,01023559833,충북 진천군 덕산면 두촌리 2487
옥련동교실,032-833-4415,인천 연수구 옥련동
옥산교실,043-260-0305,충북 청원군 옥산면 오산리
옥산교실,053-266-7505,대구 북구 침산2동
옥산파크자이교실,010-3695-7147,충북 청주시 흥덕구 옥산면 오송가락로 1056 청주리버파크자이 109동 304호
옥스퍼드교실,063-247-0057,전북 전주시 덕진구 진버들3길3 2층
옥스포드교실,010-3665-0733,
옥암코아루교실,01051910055,전남 목포시 옥암동 1151-6
옥정제이드웰교실,1577-5105,경기 양주시 옥정동로 104
옥정푸르지오교실,1577-5105,
옥포 e편한 해법영어교실,010-9315-6864,거제시 옥포2동 (성산로 16) 동원상가 201호
온천마을교실,1577-5105,
올림학습관교실,010-6625-0575,김해시 김해대로361번길 34 진영코아루아파트
올수교실,054-855-3161,경북 안동시 평화동
와글교실,02-2667-0590,서울특별시 강서구 방화동
와이즈교실,1577-5105,경기 안성시 금산동
와튼교실,,
왕길신명교실,1577-5105,인천 서구 왕길동
외대신곡교실,031-985-0549,경기도 김포시 수기로
외대캠퍼스교실,02-960-0369,서울 동대문구 이문동 326010  3층
외대테솔교실,1577-5105,경기도 용인시 기흥구 언남동
외도부영교실,064-749-1294,제주특별자치도 제주시 우정로11길 18
용곡한라비발디교실,041-574-0509,충남 천안시 동남구 용곡동
용당하늘채교실,1577-5105,부산 남구 용당동
용두주공교실,062-430-0917,광주 북구 용두동
용문교실,1577-5105,
용산2교실,053-588-2595,대구 달서구 용산동
용산마스터교실,1577-5105,
용산엘리트교실,1577-5105,
용산탑클래스교실,1577-5105,대구 달서구 용산로
용암건영교실,1577-5105,충북 청주시 상당구 용암동 건영아파트 111동 105호
용암덕성그린교실,1577-5105,"충북 청주시 상당구 용암로 3 (용암동, 덕성그린타운)"
용암마을교실,1577-5105,경기 의정부시 용민로 429-39
용이푸르지오2차교실,1577-5105,
용인둔전교실,1577-5105,"경기 용인시 처인구 포곡읍 포곡로108번길 16 (둔전리, 라데팡스2차)"
용인엘리트교실,031-321-1954,"경기 용인시 처인구 중부대로 1303 (역북동, 기덕빌딩) 4층"
용전신동아교실,631-0509,용전동 신동아APT 상가2층
용현금호교실,010-9970-8805,인천 남구 용현5동
용현대림교실,1577-5105,인천 남구 용현동
용현현대교실,031-825-6029,경기도 의정부시 용현동
용호롯데낙천대교실,051-612-5902,부산광역시 남구 용호로231번길 62
용호엘리트교실,1577-5105,
용호예가교실,051-988-1538,
용호캠퍼스교실,051-612-0503,부산 남구 용호동
용화엘리트교실,용화엘리트,충남 아산시 용화동
우남교실,1577-5105,경기도 화성시 동탄대로시범길 276 시범우남퍼스트빌아파트 913동 402호
우남퍼스트교실,031-591-6393,"경기 남양주시 평내로 38 (평내동, 우남아파트) 우남아파트상가 2층 204호"
우리교실,041-555-3895,충남 천안시 서북구 쌍용동 주공9단지
우림교실,1577-5105,경기 화성시 남양동
우림교실,043-241-0501,
우만교실,1577-5105,경기도 수원시 팔달구 우만2동
우미린교실,1577-5105,강원 원주시 무실동
우민늘푸른교실,01086357915,서울 구로구 도림로20길 50
우방교실,031-235-1123,경기 화성시 안녕남로 246-21
우방하이디교실,010-2265-4722,포항시 북구 대안길 56 포항우방타운 116동 306호
우성1차교실,1577-5105,
우성교실,031-407-7049,경기도 안산시 상록구 본오동
우솔교실,1577-5105,서울 서초구 우면동 서울서초지구 A3BL LH상가 201호
우쌤교실,1577-5105,
우이유앤미교실,02-993-5005,서울특별시 강북구 수유동 409-3 1층
우장산교실,02-3661-0544,서울 강서구 내발산동
우현엘리트교실,1577-5105,경상북도 포항시 북구 우현동
운서공항교실,032-746-4760,인천 중구 운서동
운서교실,032-751-6709,인천 중구 신도시북로43번길 11
운암롯데캐슬교실,062-527-0582,광주광역시 북구 서강로54번길 30 광주운암동 우체국 2층
운양kcc교실,1577-5105,1577-5105
울산염포교실,052-287-0305,울산 북구 염포동 성원상떼빌
울진Judy교실,1577-5105,경북 울진군 울진읍 읍내7길 5 (읍내리)
원당교실,1577-5105,경기도 고양시 덕양구 주교동
원당동문교실,032-566-3749,인천 서구 당하동
원미현진교실,1577-5105,
원앙교실,042-545-0505,
원종교실,032-678-7811,경기도 부천시 오정구 원종동
원호푸르지오교실,054-473-4120,경상북도 구미시 들성로 121 푸르지오아파트 
원흥6단지교실,1577-5105,경기도 고양시 덕양구 도래울1로 57
월계성원교실,1577-5105,
월계주공2단지교실,1577-5105,서울 노원구 월계동
월드.우남교실,1577-5105,경기 화성시 반송동 월드반도@ 339동
월드교실,1577-5105,
월드반도교실,1577-5105,경기 화성시 반송동 월드반도@ 348동
월드스테이트교실,032-441-0511,인천 남구 주안6동
월배 현대2차교실,1577-5105,대구시 달서구 조암남로 182
월배이편한교실,010-5432-4256,"대구 달서구 월성로 132 (월성동, e편한세상 월배)"
월산영수교실,010-6604-8603,경상남도 김해시 월산로 111-43 드림피아상가 4층
월성조암교실,1577-5105,"대구 달서구 조암남로 24 (월성동, 태왕아너스 월성)"
월성휴포레교실,1577-5105,
월정교실,02-2698-5104,서울 강서구 화곡7동
월촌엘리트교실,1577-5105,대구광역시 달서구 월배로68길 53
월평진달래교실,1577-5105,대전 서구 월평동
월피교실,031-439-8928,경기도 안산시 상록구 월피동
월피한양교실,031-485-8771,경기도 안산시 상록구 월피동
웰메이드교실,033-532-6865,강원 동해시 효가동 동아더프라임아파트
웰빙교실,1577-5105,경기도 수원시 영통구 권광로
웰스교실,1577-5105,서울 중랑구 면목동
웰카운티교실,1577-5105,
위너교실,1577-5105,경기 수원시 권선구 금곡로73번길 71
위너스영어교실,070-4696-4929,경기 고양시 일산서구 가좌3로 45 201동 401호
위너스잉글리쉬교실,02-2216-2997,서울특별시 동대문구 장안동
위너스해법영어교실,1577-5105,충북 청주시 서원구 분평동 1200
위례광장학원,02-408-6635,위례광장로 200 에스비트램스퀘어904호
위례푸른교실,010-6768-7804,
위브하늘채교실,070-8808-0509,경기도 수원시 팔달구 화서동 743 화서위브하늘채 단지상가 203동 203호
위즈교실,1577-5105,서울 관악구 문성로 95 (신림동)
위즈덤교실,010-7511-3131,전남 순천시 해룡면 신대리 1968
위트교실,1577-5105,서울 강남구 역삼2동
윈스교실,1577-5105,경기 군포시 당정동 971-9
유가우미린교실,1577-5105,
유가제풍2차교실,1577-5105,
유가화성파크드림교실,1577-5105,
유가힐데스교실,1577-5105,
유강엘리트교실,1577-5105,
유능교실,031-901-0593,경기 고양시 일산동구 마두동 831-7
유성엘리트교실,1577-5105,
유앤아이교실,1577-5105,
유엠교실,1577-5105,서울 강남구 개포동
유천에이블교실,1577-5105,
유천엘리트교실,053-641-5665,대구광역시 달서구 비슬로 2734 대곡역 화성파크드림 위드
윤수학영어교실,1577-5105,3층
윤슬테솔교실,070-4809-2002,
율곡교실,033-644-8205,강원도 강릉시 율곡초교길 39번길 19-7  1층
율전동문굿모닝교실,031-296-0594,경기도 수원시 장안구 율전동 419번지 삼성아파트2단지상가 3층 306호
율정교실,1577-5105,경기 양주시 옥정동로 162
율하영어세상교실,1577-5105,"대구 동구 금호강변로3길 22 (율하동, 우방아이유쉘아파트) 상가1층"
율현교실,1577-5105,경기도 수원시 팔달구 정자천로 32번길 27
으뜸교실,01020630579,"전남 순천시 해룡면 신대로 96 (신대리, 중흥에스-클래스3단지)"
은빛11단지교실,1577-5105,경기 고양시 덕양구 화정동
은빛교실,1577-5105,광주 광산구 수완동
은천교실,02-871-2595,서울 관악구 인헌동(봉천11동)
은천중앙교실,02-878-5105,서울 관악구 봉천동 1718 벽산블루밍상가 407호
은평 뉴타운진관교실,02-352-3646,서울특별시 은평구 진관4로 48-17 은평뉴타운상림마을 709동 상가111호
은평 예일교실,02-355-2805,서울 은평구 연서로18길 3 (대조동)  5층
은평뉴타운엘리트교실,02-388-1130,서울시 은평구 진관3로
은평메트로프라자교실,01096879415,서울 은평구 진관2로 15-46
은평천사교실,1577-5105,서울 은평구 역촌동
은평초교실,010-3248-7972,
은하수교실,1577-5105,경기도 안양시 만안구 안양7동
은행교실,031-311-1630,경기도 시흥시 은행동
읍내우방교실,010-5122-7095,대구 북구 읍내동 533번지
읍내현대교실,042-634-0579,
응봉현대교실,1577-5105,서울 성동구 응봉동
응암 프랜즈교실,1577-5105,서울특별시 은평구 응암동 339-12
의사대교실,1577-5105,
의왕청계교실,1577-5105,
의정부지사직영,1577-5105,경기 의정부시 부용로 105
이도교실,064-755-2711,제주특별자치도 제주시 구남로4길 8-11
이동엘리트교실,1577-5105,
이동진해법영어교실,1577-5105,경상남도 진주시 창렬로74번길 8
이든학원,051-891-5105,"부산시 부산진구 부암동 724-2, 8층"
이레어학원교실,043-903-0509,충북 청주시 흥덕구 가경동
이로교실,061-274-0579,전남 목포시 용해동
이로운해법영어교실,033-644-0582,강원도 강릉시 가작로 71 부영6단지아파트 상가 2층 205호
이룸교실,1577-5105,847-4번지  일곡센터빌딩 5층
이메진교실,1577-5105,대구광역시 북구 사수동
이삭교실,1577-5105,경기 포천시 소흘읍 송우리
이서에코르교실,1577-5105,"이서면 용서리 782-1, 1동 401호"
이선생교실,055-329-6222,김해시 구산동 백조 아파트 주상가 2층
이수탑교실,1577-5105,서울 서초구 청두곶2길 3 1층
이안교실,1577-5105,경북 안동시 송현동
이엠교실,032-431-4004,경기도 시흥시 옥터로 44
이엠영어교실,1577-5105,
이엠플러스 스카이해법교실,1577-5105,
이지2차교실,1577-5105,
이지3차교실,1577-5105,이지더원3차상가 321-304
이지교실,031-574-6695,경기도 남양주시 광릉내로 104 761-2번지 2층
이지교실,1577-5105,동탄2 이지더원 아파트
이지스터디교실,010-2012-2971,충북 청주시 상당구 용암동 1592-3
이지해법영어교실,017-602-0653,전남 순천시 저전동 95-31 2층
이촌라임교실,1577-5105,용산구 이촌동
이호교실,1577-5105,경기 안산시 상록구 본오동
이화삼정교실,052-224-0506,울산 울주군 청량면 삼정리
이화엘리트교실,1577-5105,서울 노원구 상계동
이화중원교실,02 949-0864,
이화화곡교실,02-2695-9522,
인계교실,1577-5105,경기도 수원시 팔달구 권광로 317번길 15
인동뉴파워교실,1577-5105,경상북도 구미시 인동중앙로 42 (인의동)
인수교실,02-900-3839,서울 강북구 수유6동
인스카이교실,031-994-4721,경기 고양시 일산서구 주엽동 30-2 201호
인왕초교실,1577-5105,서울 서대문구 세무서길 106-49
인창해법영어,1577-5105,인창동 동원베네스트APT
인화교실,1577-5105,울산광역시 북구 중산동
일동교실,,
일동미라주교실,055-366-0579,경상남도 양산시 교동 일동미라주@상가 2층
일등교실,1577-5105,
일등교실,02-883-0300,서울 관악구 은천로 150 (봉천동)
일산강선교실,031-924-0575,경기 고양시 일산서구 주엽동 65번지 강선마을 제 상가동 2층 206호
일산교실,033-745-0582,강원 원주시 일산동
일산지사,,
일신교실,032-348-0551,경기도 부천시 소사구 범박동
일원교실,1577-5105,서울 강남구 일원동
일월메디교실,1577-5105,경기 수원시 권선구 구운동
임은하늘채교실,1577-5105,"경북 구미시 왕산로 68 (임은동, 코오롱하늘채아파트)"
임진교실,1577-5105,경기 파주시
입북자이교실,1577-5105,경기 수원시 권선구 입북로 50
입석교실,053-986-7179,대구 동구 입석동
잉글리쉬에비뉴교실,1577-5105,경기도 파주시
자곡하버드교실,1577-5105,
자양동아교실,1577-5105,대전광역시 동구 자양동 동아아파트 옆
자연해나빌리지교실,055-905-0500,경남 김해시 대청로 64-16 (대청동)
자운대교실,1577-5105,대전 유성구 신봉동 245
자이6단지교실,1577-5105,
자이교실,1577-5105,
자하연교실,054-624-1090,경상북도 경주시 충효녹지길 102-9 경동프라자상가
작전부현교실,032-252-0582,인천 계양구 작전1동 28-1
장기탑클래스교실,1577-5105,대구 달서구 장기동
장대하모니교실,1577-5105,대전 유성구 장대동
장덕교실,1577-5105,광주광역시 광산구 풍영로329번길 50 신완마을휴먼시아7단지 상가 204호
장동에코르교실,1577-5105,
장락교실,1577-5105,충북 제천시 장락동
장림동원교실,051-263-0575,부산 사하구 장림동
장성대림엘리트교실,1577-5105,
장암우성애플교실,031-852-5233,경기도 의정부시 동일로454번길 6
장위연세교실,1577-5105,서울 성북구 장위1동
장자현대교실,1577-5105,"충북 청주시 상당구 수영로 328 (금천동, 장자마을현대아파트)"
장전구서교실,051-513-9876,부산 금정구 구서동 413-27
장전PNU교실,1577-5105,부산시 금정구 금강로 379번길 15
장지교실,1577-5105,서울 송파구 문정동
장평아카데미교실,1577-5105,
장학초교실,1577-5105,강원 춘천시 동면 장학리
장호원코아루교실,1577-5105,경기도 이천시 장호원읍
전곡교실,1577-5105,경기도 연천군 은전로103번길 4-4
전민엑스포교실,070-8632-0505,대전광역시 유성구 엑스포로 448 엑스포아파트 301동 101호
전북 순창교실,1577-5105,전북 순창군 순창읍 장류로 331 (순화리)
전주중화산에코르교실,063-229-7838,전북 전주시 완산구 화산천변6길 3
전주직영교실,063-222-7838,전북 전주시 완산구 서신로 107
전주평화송정써미트교실,063-277-2090,전북 전주시 완산구 평화7길 22 (평화동2가)
전하교실,052-236-0706,울산 동구 전하1동
전하푸르지오교실,052-252-0579,
전하GLS교실,055-322-5507,"김해시 전하동 41-2, 상가 2층"
정관동일스위트2차교실,727-0590,부산 기장군 정관면 모전리776 동일스위트2차 205-403
정관이진1차교실,1577-5105,부산 기장군 정관읍 정관로 545
정릉교실,1577-5105,서울 성북구 정릉4동
정명교실,02-2689-7322,서울특별시 구로구 경인로19길 29
정빈교실,053-951-0905,대구광역시 동구 동북로71길 14
정상교실,1577-5105,
정석학원교실,1577-5105,"대전 동구 계족로 167 (대동, 대동클리닉)"
정선교실,1577-5105,강원 정선군 정선읍
정선생해법영어교실,010-5549-9927,
정수진교실,010-8142-4855,경상남도 김해시 해반천로 신화빌딩4층
정우교실,1577-5105,
정읍부영1차교실,1577-5105,전북 정읍시 수성동
정평현대교실,053-814-0579,경산시 정평동
제니스1교실,010-8854-3437,"경북 포항시 북구 우창로 2 (우현동, 뉴베로디종합상가)"
제니스문교실,010-2806-5848,1577-5105
제니퍼교실,02-6435-0509,서울특별시 노원구 노원로 522
제니해법교실,033-733-0808,강원 원주시 단계동
제이&제이교실,1577-5105,서울 중랑구 면목로27길 55 (면목동)
제이런교실,053-381-0576,대구 북구 검단동
제이피교실,0510000000,해운대구 센텀아이에스타워 314호
조암교실,1577-5105,경기도 화성시 우정읍 조암북로 68번가길
조영미영어교실,1577-5105,서울특별시 관악구 신림동
조원베스트교실,1577-5105,수원시 장안구 조원동 조원주공2단지
조은교실,1577-5105,서울 구로구 구로5동
조이교실,1577-5105,경기 부천시 소사구 범박동
조이해법영어교실,1577-5105,
조이해법영어학원교실,053-644-2848,달서구 조암남로 76 4층 조이해법영어학원
조재현교실,02-355-0596,서울 은평구 역촌동 83-21
조촌교실,063-452-0506,전라북도 군산시 경촌2길 26-3
종로창신교실,010-8933-1937,종로구 창신동 81-2 2층
좌동동신교실,010-2862-1224,부산광역시 해운대구 좌동순환로217번길 7
좌동부흥교실,1577-5105,
좌동삼성교실,051-914-0579,부산 해운대구 좌동
좌동화목교실,051-704-0585,부산 해운대구 좌동
주례럭키교실,051-324-0594,부산 사상구 주례3동
주례LG교실,051-324-0579,부산 사상구 주례2동 신주례LG아파트
주안남교실,032-439-8080,인천 남구 인하로321
주안남부교실,032-862-3996,
주안엘리트교실,1577-5105,
주엽교실,0319117003,경기 고양시 일산서구 주엽동 84 강선마을 15단지 상가
주원마을,010-7443-5453,경기도 양주시 덕정동
주은청설교실,1577-5105,경기 안성시 공도읍 진사리 주은청설아파트
주천교실,010-2060-4279,강원 영월군 주천면
죽동김선생교실,042-825-2805,
죽미교실,1577-5105,
죽성삼성교실,041-667-0557,충남 서산시 죽성동 삼성아파트 114-401
중계무지개교실,1577-5105,
중계주공5단지교실,1577-5105,
중계해법영어교실,1577-5105,
중계Cindy교실,939-0905,
중남교실,052-264-4669,
중동그린타운교실,1577-5105,경기 부천시 원미구 중동
중리롯데캐슬교실,053-573-2001,대구 서구 중리동 중리롯데캐슬상가 3층 해법영수학원
중마교실,02-455-8853,서울 광진구 중곡동
중부교실,031-734-0579,경기도 성남시 중원구 금광동
중부대동교실,055-384-5105,경상남도 양산시 중부동 대동 황토방아파트 상가2층
중부엘리트교실,055-366-0569,경상남도 양산시 중부동 현대아파트 상가 2층
중앙교실,1577-5105,전북 부안군 부안읍
중앙교실,1577-5105,
중앙심원교실,017-336-6802,경기도 부천시 원미구 중2동
중앙엘리트교실,033-261-0700,강원 춘천시 지석로
중앙엘리트교실,053-742-0598,대구 수성구 만촌동 658-21
중앙초교실,1577-5105,
중앙A+교실,1577-5105,서울특별시 도봉구 삼양로 550
중평엘리트교실,02-948-0905,서울시 노원구 하계동 354
중화산중산초교실,063-222-0582,전주시 완산구 중산중앙로 9-3 중산초 정문 앞 2층
중화산현대엘리트교실,063-231-0579,전북 전주시 완산구 중화산동1가 현대1차 상가2층
중흥1차교실,1577-5105,경상북도 구미시 해마루공원로 80  (옥계동  중흥S클래스)
쥴리스교실,1577-5105,
즐거운교실,1577-5105,
증평베르힐교실,1577-5105,
증포교실,1577-5105,경기도 이천시 증포동 증포초교앞
지곡써니교실,010-8722-2403,경기도 용인시 기흥구 지곡동
지곡엘리트교실,054-272-0520,경북 포항시 남구 효자동
지곡해나지오교실,010-9977-4711,전북 군산시 계산로78(지곡동 해나지오아파트) 102동 108호
지구촌영어교실,1577-5105,경기 수원시 영통구 광교중앙로 247
지나교실,1577-5105,부산광역시 금정구 중앙대로1685번길 22 경남한신아파트B동상가 1층 103호
지니잉글리쉬교실,1577-5105,
지도교실,1577-5105,
지명교실,1577-5105,광주광역시 월계동 757-6 벽산상가 2층 202호
지산교실,1577-5105,경기 평택시 지산동 건영아파트
지산교실,1577-5105,
지산아이비교실,1577-5105,대구 수성구 지산1동
지산현대교실,01091501508,
지식충전소교실,1577-5105,서울 강동구 구천면로 442 (명일동)
지웰교실,1577-5105,충청북도 청주시 흥덕구 대농로 59
지큐교실,051-264-0551,부산 사하구 장림2동
지행교실,031-861-0509,경기도 동두천시 지행동
직영교실,0516110554,부산금정구부곡동
진량스마트교실,1577-5105,
진로교실,1577-5105,"광주 북구 일곡마을로 50 (일곡동, 진로아파트)"
진북우성교실,063-254-0591,전북 전주시 덕진구 우성아파트상가 2층
진안교실,063-433-0579,전북 진안군 진안읍 세무서와 진안초등 사이
진안월드,1577-5105,화성시 진안동 월드메르디앙@
진영대창교실,055-343-2280,경상남도 김해시 진영읍 진영리
진영해법교실,02-992-4882,서울특별시 도봉구 창5동
진주금산아이파크교실,055-762-1534,진주시 금산면 중천로 82 금산아이파크A 110-201호
진주상평교실,055-763-8928,"경남 진주시 공단로20번길 8, 2층"
진주연세교실,1577-5105,서울 송파구 신천동
진주유일교실,055-762-7670,"경남 진주시 상대로119번길 24 , 2층"
진주초전해모로교실,010-8312-0505,경남 진주시 초북로88 해모로루비채 2단지 206-401호
진주충무공LH교실,055-757-4201,경남 진주시 사들로 126 LH4단지 401-202호
진주호탄교실,010-3288-3994,경남 진주시 가호로44번길 7 대동디지털황토A 단지상가 108-203호
진천교실,1577-5105,대구광역시 달서구 상화로9길 60
진천더베스트교실,1577-5105,대구 달서구 진천로 75-24 (진천동)
진천파동교실,1577-5105,
진천혁신교실1,010-2251-1572,충북 진천군 덕산면 연미1길 25 (두촌리)
진해 시에나중흥교실,010-6798-3575,"경남 창원시 진해구 냉천로 262 (자은동, 중흥S-클래스아파트)"
진해 이루미교실,1577-5105,"경남 창원시 진해구 진해대로 945 (자은동, 덕산쇼핑센터) 이루미학원"
진해블루빌교실,010-3044-5157,경남 창원시 진해구 충무로 20 (중평동)
진해석동교실,055-542-3439,경남 진해시 석동
진해용원풍림교실,055-545-9909,"경남 창원시 진해구 안청북로 33 (청안동, 풍림아파트)"
진해용원현대교실,055-552-0515,경남 진해시 용원동 녹산현대아파트
진해우성SJ교실,1577-5105,경남 진해시 풍호동 우성아파트
찌니교실,1577 5105,전남 순천시 원용당2길 51
차쌤해법영어교실,010-6542-0695,"전남 여수시 여문1로 90 (문수동, 원앙파크맨션)"
참누리 e 해법셀파학원,02 6052 8383,동작구 등용로 127
창3단지엘리트교실,1577-5105,
창동쌍용교실,02-900-5405,서울 도봉구 창4동
창신 수 클래스 교실,1577-5105,
창원 ellen교실,1577-5105,"경남 창원시 의창구 반계로 104-8 (팔용동, 벽산블루밍아파트B단지)"
창원대원교실,055-276-0504,경남 창원시 대원동
창원상남대동교실,055-261-2141,경상남도 창원시 성산구 동산로 115 대동아파트 목화상가 2층 206호
창원용호다산교실,1577-5105,경남 창원시 의창구 용호동 63 롯데학원상가 다산학원
창포동교실,054-252-1070,경북 포항시 북구 장성동
창포드림교실,010-5364-7618,경북 포항시 북구 창포동 613-23
창포예쓰교실,1577-5105,경상북도 포항시 북구 창포동 산32-27
창현교실,031-514-7905,"경기 남양주시 화도읍 수레로 1234-17 (창현리, 두산아파트) 204동 304호"
채원교실,1577-5105,경기도 이천시 갈산동
천곡블루밍교실,052-295-7918,울산 북구 천곡동 벽산블루밍아파트
천동플러스교실,042-282-8205,대전광역시 동구 천동(휴먼시아2단지 정문앞)
천사들의합창교실,053-983-0579,대구 남구 대명6동
천왕센타플라자교실,01067113964,구로구 천왕로 277-9 4층 401호
천일교실,010-8728-9893,경기 수원시 장안구 천천동 571-4 골든플라자 5층
천재교실,033-434-0579,강원 홍천군 홍천읍
천천신명교실,1577-5105,경기 수원시 장안구 천천동 신명아파트 751-757
천호교실,1577-5105,서울 강동구 천호1동49-13   3층
철산8단지벚꽃교실,1577-5105,
철산브라운스톤교실,02-2684-0566,경기도 광명시 철산동
첨단부영2차교실,1577-5105,광주 광산구 산월동
첨단엘리트교실,062-974-2090,광주 광산구 월계동
청곡교실,1577-5105,
청구교실,1577-5105,서울 중구 신당동
청구엘리트교실,1577-5105,
청남교실,1577-5105,
청담아카데미교실,1577-5105,
청당벽산교실,041-551-6733,충남 천안시 동남구 청당동
청당해법교실,1577-5105,충남 천안시 동남구 청당2길 118
청덕Joyful교실,070-4319-5635,
청도레니교실,054-371-0579,경북 청도군 청도읍 고수리 154-60 월성위너타운 2층
청라굿모닝힐교실,032-562-0583,인천 서구 경서동
청라꿈에그린교실,010-2211-9676,
청라중흥교실,032-568-1538,인천광역시 서구 청라라임로 131
청량유림교실,052-227-6982,울산 울주군 청량면 덕하리
청룡교실,02-887-1817,서울 관악구 청룡동(봉천4동)
청룡초이스교실,031-879-0603,경기도 의정부시 신곡동
청맥교실,02-869-9610,서울특별시 관악구 난우길29
청명교실,1577-5105,경기도 수원시 영통구 영통동 청명주공아파트
청북이지교실,1577-5105,충청북도 충주시 중앙탑면 원앙9길 15
청북이지더원교실,1577-5105,경기 평택시 청북읍 안청로4길 42
청석교실,1577-5105,경기도 파주시
청석교실,031-501-4146,경기도 안산시 상록구 사동
청솔우성교실,02-2248-0509,서울 동대문구 답십리2동
청송진보교실,010-2222-9689,경북 청송군 진보면 본마을2길 68
청어람교실,055-363-7573,경남 양산신도시 청어람 아파트상가 2층
청어람교실,1577-5105,
청운교실,070-4101-2090,경상남도 양산시 청운로 188 나래시티상가 205호
청운베스트교실,033-521-5821,강원도 동해시 청운1길 30 부영아파트 111동 1층
청주 킹덤교실,043-276-0579,충북 청주시 흥덕구 봉명2동
청주지사직영교실,1577-5705,
청진교실,1577-5105,
청천대우교실,1577-5105,인천광역시 부평구 세월천로 34
청파교실,1577-5105,서울 용산구 청파동1가
청호영재교실,031-667-0564,경기도 오산시 청호동
초곡럭키교실,01029976652,경북 포항시 북구 흥해읍 초곡리 1761
초당줄리안교실,1577-5105,
초당초교실,1577-5105,
초록교실,031-283-0175,경기도 용인시 기흥구 상하동
초롱교실,1577-5105,서울 성동구 사근동
초원부영교실,1577-5105,경기도 안양시 동안구 평촌동
초읍엘리트교실,051-805-2500,부산 부산진구 초읍동 203-8
초이교실,1577-5105,청주시 서원구 개신주공아파트
초전 엘리트 교실,010-2041-9134,경남 진주시 초전동 1647-4 이노빌 204호
초지교실,031-475-7309,경기도 안산시 단원구 초지동
최고다해법영어교실,010-9357-8225,전남 순천시 조곡동
최상위교실,1577-5105,서울 서초구 양재동
최상위영어교실,1577-5105,서울 서초구 양재동
최선교실,1577-5105,
최선엘리트교실,02-458-0509,서울 광진구 구의2동
충무공초교실,010-2694-9292,
충무교실,031-392-1020,경기 군포시 금정동충무아파트
충주교실,043-848-0688,충주시 칠금동
충주중흥교실,1577-5105,
치평교실,062-434-0506,광주 서구 치평동
칠성교실,1577-5105,
칠성하늘채교실,1577-5105,
캐시스한라교실,1577-5105,"경기 시흥시 배곧1로 27-15 (정왕동, 한라비발디캠퍼스)"
캔디스교실,1577-5105,인천광역시 부평구 굴포로 42
캠브리지교실,054-749-6776,경북 경주시 황성동 럭키아파트
캠브리지교실,1577-5105,
케이티교실,1577-5105,서울 용산구 도원동
케이해법영어교실,01044615709,대구 수성구 달구벌대로669길 40 (사월동)
켈리교실,1577-5105,
코아루교실,1577-5105,
코아루디오션교실,010-7147-0502,강원도 동해시 평원로 100 코아루디오션아파트 102동 302호
큐브레인 홍은교실,1577-5105,
큰마을교실,031-911-8205,경기 고양시 일산서구 탄현동 1476번지 동성상가 303-2호
클레어교실,1577-5105,경기도 용인시 수지구 상현동 두산위브 아파트 상가 206
키움해법학원교실,15775105,포승읍 2함대길20
킴앤맥카시교실,054-854-5105,경북 안동시 정하동
킹스턴교실,1577-5105,
킹스해법영어교실,1577-5105,대구 달서구 조암남로 170
탄벌교실,1577-5105,경기 광주시 탄벌동
탑동엘리트교실,1577-5105,충남 당진시 채운동 511-1
탑리더스교실,1577-5105,경기 수원시 장안구 정자동
탑스해법영어교실,053-646-4470,대구시 달서구 한실로51 한실들마을아파트 상가2층
탑앤탑교실,055-910-5105,경남 양산시 상북면 반희서7길
탑엘리트교실,1577-5105,경기 가평군 조종면 조종희망로 62
탑클래스교실,051-784-6548,부산광역시 해운대구 재송동
탑키즈교실,1577-5105,
탑키즈교실,01022012767,부산 영도구 청학로69번길 35 (청학동)
탑플러스교실,051-314-9800,부산 사상구 주례동
탑플러스교실,1577-5105,서울 관악구 조원동
탑해법영어교실,0319190422,경기 고양시 일산서구 하이파크로 113
탑해법영어교실,1577-5105,
탕정트라팰리스교실,010-5399-9844,
태봉엘리트교실,033-746-0020,강원 원주시 태장동
태성아이파크교실,1577-5105,"경기 광주시 태봉로 110 (태전동, 태전아이파크)"
태안주공교실,1577-5105,충남 태안군 태안읍 동문5길 6번지
태안한승교실,1577-5105,경기 화성시 송산동 한승미메이드아파트
태암1교실,053-312-0504,대구 북구 태전동
태일교실,1577-5105,강원 원주시 현충로
태전교실,053-326-0113,대구 북구 태전동
태전교실,1577-5105,경기도 광주시 태전동 성원APT
태전한일교실,053-312-1970,대구 북구 태전동
태평선경아파트교실,1577-5105,수정구 태평선경아파트
테크노폴리스4단지교실,1577-5105,대구 달성군 유가읍 테크노상업로 111
테크노폴리스진아교실,053-201-2508,대구 달성군 유가읍 테크노대로5길 79
토성메이플교실,1577-5105,
톡톡교실,1577-5105,경기 김포시 북변동
톡톡교실,1577-5105,광주 광산구 도산동
통영디딤돌교실,055-644-7476,"경남 통영시 선금산1길 9 , 1층 디딤돌학원"
통영무전교실,055-641-6655,"경남 통영시 무전1길 30 (무전동, 토담두부) 2층 해법영어교실"
통영미수교실,055-643-0718,"경남  통영시 진남아랫길 3 , 4층 멘토해법학원"
통영인-조이해법학원교실,010-8806-8379,경남 통영시 인평동 평인일주로 68번지
통영재미난교실,055-642-8934,경남 통영시 통영해안로 479 만복보라빌라 2층
통영죽림펠리스교실,010-4545-7264,경남 통영시 죽림 1로 41-23 한선 파라디움 3층
퇴계2차교실,033-262-1819,강원 춘천시 퇴계동
퇴계원탑교실,1577-5105,경기도 남양주시 퇴계원면 퇴계원리 현대힐스테이트 107-602
퇴촌교실,1577-5105,
튤립교실,1577-5105,
트러스트교실,1577-5105,동탄지성로
트로이교실,1577-5105,경기 고양시 덕양구 행신동
트리플A교실,1577-5105,경상북도 구미시 봉곡남로15길 26
파랑새교실,1577-5105,
파워리더교실,1577-5105,
파장탑교실,1577-5105,경기도 수원시 장안구 경수대로 1081번길 33
파주직영교실,,
파크자이교실,1577-5105,경기 광명시 안현로 34
판교모아교실,1577-5105,
팔달교실,053-324-1009,대구 북구 팔달동 
팔판교실,055-314-3413,김해시 장유면 관동리 449-3 대우프라자 301호
팡팡교실,1577-5105,
퍼스트 해법교실,1577-5105,광주 서구 내방동 575
퍼스트교실,1577-5105,
펠릭스해법영수학원,010-3242-1214,서울 영등포구 도신로29길 28
펠릭스해법영어교실,1577-5105,서울 구로구 구로5동
평산드림교실,1577-5105,"양산시 평산동 568-26, 2층 201호 (신명로 85)"
평산랩교실,055-364-1121,경남 양산시 평산동 평산초앞
평원교실,1577-5105,강원 원주시 단계동
평택가내교실,1577-5105,
평택리더스하임 해법영어교실,1577-5105,
평택반도유보라교실,15775105,경기 평택시 비전2로 297
평택반지영어교실,1577-5105,
평택삼부영어사랑교실,1577-5105,
평택센트럴자이5단지,15775105,경기 평택시 동삭로 386
평택송일em교실,1577-5105,송일로 9
평택용죽교실,1577-5105,평택시 용죽1로33
평택우성교실,031-692-3262,경기도 평택시 세교동 
평택이충엘리트교실,1577-5105,경기도 평택시 이충로 90
평택이충현대교실,1577-5105,경기도 평택시 이충동
평택합정교실,031-651-0312,경기도 평택시 합정동 
평택효성교실,1577-5105,평택시 현남로 865
평화교실,063-236-3630,전북 전주시 완산구 평화동1가 코오롱아파트 정문앞 2층
평화엠코교실,1577-5105,평화엠코@ 105동
평화일성교실,010-2612-7482,"평화19길 20, 일성아파트 상가 2층"
평화호반교실,063-222-1766,전북 전주시 완산구 평화동2가 호반리젠시빌 후문 호반빌딩3층
포도나무교실,1577-5105,경상북도 의성군 탑리길 88
포란재해법교실,1577-5105,강원 원주시 태장동
포스교실,1577-5105,경기 안산시 단원구 고잔동 호수공원대림아파트
포스코 2차교실,041-911-4343,충남 아산시 음봉면 월랑리
포스코교실,033-257-5105,강원 춘천시 춘천로
포스코센트럴교실,1577-5105,경기도 화성시 동탄감배산로 19
포스해법영어교실,02 992 9905,서울 도봉구 창동 630-15
포일프라임캠퍼스,1577-5105,경기 의왕시 봇들로 40
폴라리스교실,010-8191-7272,강원도 강릉시 정원로 77-3 101호
폴리교실,1577-5105,경기 남양주시 진접읍 금곡리 폴리프라자 6층
폴인해법교실,010-8488-2319,경남 사천시 정동면 풍정리 송보파인빌 상가 304호
푸르지오4차교실,010-4727-8176,경기 안산시 단원구 적금로 76
푸르지오교실,010-4940-0204,강원동 동해시 평릉1길 39 푸르지오아파트 상가동 301호
푸르지오교실,1577-5105,충남 천안시 서북구 불당24로 38 (불당동)
푸른교실,031-487-0502,상록구 광덕4로 푸른마을 주공5단지상가
푸른미래교실,1577-5105,서울 양천구 오목로 198-1
푸른솔교실,1577-5105,
푸른숨교실,1577-5105,강원 원주시 반곡동
풀잎향기교실,1577-5105,경기도 화성시 봉담읍 동화리
풍경채교실,1577-5105,"대구 달성군 현풍읍 테크노상업로 49 (중리, 제일풍경채더퍼스트)"
풍기아이파크교실,010-4088-9789,충남 아산시 풍기동 아산아이파크아파트 104-404
풍기이지더원교실,1577-5105,충남 아산시 풍기동 풍기이지더원아파트
풍납교실,1577-5105,서울 송파구 풍납동
풍덕천교실,010-7563-1177,경기도 용인시 수지구 풍덕천동
풍동교실,031-905-7905,경기 고양시 일산동구 풍동 1285-1 202호
풍림교실,1577-5105,경기 안산시 단원구 초지동 호수마을아파트
풍림아이원교실,010-4223-8205,인천광역시 서구 원당대로840번길 23
풍무서해교실,1577-5105,경기도 김포시 풍무동
풍산리즈 교실,054-842-8209,경상북도 안동시 하리들길 12
풍산초I-PARK교실,1577-5105,경기 하남시 덕풍3동
풍성신미주교실,1577-5105,경기 화성시 동탄공원로1길 26-24
프라디움교실,01066670839,광주광역시 남구 효천2로 1
프라임 해법영어,010-5418-4934,광주 남구 진월동 484
프라임교실,1577-5105,서울 성북구 길음동
프라임교실,041-546-4052,충남 아산시 실옥동
프라임교실,1577-5105,충청북도 청주시 청원구 주중동
프라임교실,1577ㅡ5105,"경기 화성시 영통로61번길 10 (반월동, 신영통현대아파트)"
프렌드교실,033-533-0506,강원도 동해시 감추로 4   2층
프렌즈교실,1577-5105,경기 시흥시 정왕동
프리토킹교실,02-2063-4004,서울 강서구 허준로 16
플랜에이교실,1577-5105,충청남도 아산시 문화로 353 푸르지오아파트 상가 2층
플러스교실,1577-5105,충북 괴산군 괴산읍 서부리
피오나교실,1577-5105,
피오나교실,,경기 안산시 단원구 원초로 9
하계극동교실,1577-5105,
하계벽산교실,02-971-0359,서울 노원구 하계동 271-3
하계엘리트교실,1577-5105,
하계현대우성교실,1577 5105,서울 노원구 하계동 270
하길초교실,1577-5105,모아미래도@
하나교실,1577-5105,충청북도 청주시 청원구 오창읍 2산단4로 55
하남월곡교실,1577-5105,
하남위드교실,1577-5105,경기 하남시 미사강변남로 87
하늘교실,1577-5105,서울 강동구 암사동478-2  203호
하늘교실,031-914-5105,경기 고양시 일산동구 중산동 1692번지 현해상가 302호
하늘도시한라교실,010-3583-5950,인천광역시 중구 하늘별빛로 86
하늘빛교실,1577-5105,경기 김포시 김포한강1로 307
하늘채교실,1577-5105,
하늘초교실,1577-5105,서울 마포구 상암동
하리교실,033-332-7909,강원 평창군 평창읍
하버드교실,042-285-5509,은어송초 앞
하버드영어교실,051-343-0124,부산 북구 시랑로 76
하소교실,1577-5105,
하안5단지교실,010-6735-9815,경기도 광명시 하안1동
하안6단지해법영어교실,1577-5105,
하양킹스교실,053-851-8205,경상북도 경산시 하양읍 금락리
하이랜드교실,1577-5105,대전 동구 판암동 678-63
하이스트교실,031-372-8856,경기도 오산시 부산동
하이스트교실,1577-5105,강원 홍천군 홍천읍
하이큐교실,02-303-7576,서울 은평구 응암3동
하이탑교실,051-704-8546,부산광역시 해운대구 좌동순환로 175
하이탑플러스교실,1577-5105,충북 청주시 흥덕구 복대동 2645번지 3층 하이탑플러스학원
하이호교실,02-796-1545,용산구 동빙고동
하중교실,,
학남2교실,053-314-1993,대구 북구 국우동
학마을교실,032-552-1905,인천 계양구 병방동
학익신동아4차교실,1577-5105,
학장구학교실,051-327-2292,부산 사상구 학장동
학장시즈교실,1577-5105,
학정하우젠트교실,053-270-3118,
한가람교실,02-3436-2100,서울 광진구 중곡4동
한교교실,1577-5105,
한국교실,1577-5105,
한라교실,053-313-4770,대구 북구 구암동
한라교실,1577-5105,경기 군포시 오금동
한라비발디교실,1577-5105,경기도 안양시 만안구 박달동
한라비발디교실,1577-5105,
한마음교실,1577-5105,
한마음임광교실,1577-5105,호계동한마음임광@
한별교실,1577-5105,"경기 남양주시 별내4로 62 (별내동, 별빛마을) 3501동 1705"
한빛교실,1577-5105,
한빛교실,1577-5105,서울 서초구 방배로19길 16
한성2차교실,1577-5105,충남 서산시 예천동 121 한성필하우스 2차아파트110동104호
한성제니스교실,1577-5105,충남 서산시 음암면 한성아파트 상가 2층
한숲라온교실,,경기 용인시 처인구 남사면 한숲로 83
한숲행복한교실,01047120804,경기 용인시 처인구 남사면 한숲로 83
한신교실,1577-5105,서울 서초구 잠원동
한신교실,1577-5105,
한신휴교실,1577-5105,화성시 동탄순환대로 20길 70
한아름교실,032-241-6280,부천시 원미구 상동
한양수자인교실,1577-5105,
한양수정교실,010-9544-7935,
한울에듀교실,1577-5105,
한울엘리트교실,1577-5105,경기 군포시 산본동
한일타운교실,1577-5105,경기도 수원시 장안구 조원동
한진학원교실,1577-5105,광주 남구 봉선동 992-2
한화교실,1577-5105,청계동
함안 코너스톤교실,1577-5105,경남 함안군 가야읍 말산리 중동
함안Judy교실,1577-5105,경남 함안군 군북면 중암리
함지교실,053-323-9645,대구 북구 동천동 
합천블루밍교실,010-6537-8379,경남 합천군 합천읍 충효로 60 (합천리)
항동교실,1577-5105,
해냄교실,1577-5105,
해동교실,051-742-0039,부산 해운대구 우1동
해맑음교실,1577-5105,
해법드림교실,1577-5105,
해법문화교실,1577-5105,대전 중구 당디로6번길 60 (문화동)
해법서부교실,1577-5105,
해법에듀 교실,1577-5105,
해법영수교실,1577-5105,서울 서초구 서초1동 1440-1 국제빌딩2층
해법영어글로벌학원교실,1577-5105,
해법영어대표 교실,1577-5105,경북 구미시 야은로 37 
해법영어베스트교실,1577-5105,대전 서구 도마동 20-2
해법영어스마트교실,1577-5105,대전 동구 성남동 200-323
해법영어엘리트교실,1577-5105,
해법와석교실,1577-5105,1577-5105
해법킹덤영어교실,1577-5105,전남 나주시 그린로 153 대광로제비앙102동102호
해법테솔교실,054 292 3939,
해법프라임교실,031-743-0570,경기 성남시 중원구 금빛로 69번지
해법프라임교실,1577-5105,경기 구리시 수택동
해법Top학원교실,1577-5105,
해솔교실,1577-5105,
해솔교실,041-522-0991,충남 천안시 서북구 두정동
해오름화성교실,1577-5105,
해윰영재교실,1577-5105,초지동 그린빌14단지
해피트리교실,051-231-0507,부산 서구 부민동3가 부민e-편한세상
해피한미래교실,0625155735,광주 북구 동림동
핸썸클라스교실,1577-5105,서초구 서초대로 65길
핼랜즈교실,1577-5105,경북 포항시 북구 양덕동
행당교실,2296-5105,서울 성동구 행당동
행복교실,010-4452-2723,경기도 부천시 원미구 중동 옥산로 12
행복마을교실,1577-5105,강원 춘천시 동내면 거두리
행복한교실,041-564-1555,충남 천안시 서북구 불당동 862
향남대방교실,1577-5105,경기 화성시 향남읍 행정리
향남제암교실,1577-5105,경기도 화성시 향남읍 발안리
향촌휴먼시아교실,032-462-8262,
헤나교실,1577-5105,"경기 수원시 영통구 덕영대로 1400 (망포동, 아이파크 캐슬 2단지)"
헤세드해법영어학원교실,01066045567,충북 청주시 상당구 금천동 320
혁신 펄스 해법 학원,055-763-2324,"경남 진주시 사들로156번길 5 ,금현빌딩 5층 503호 (충무공동)"
혁신만성초교실,212-3405,전북 전주시 덕진구 오공로 43 (중동)
혁신온빛초교실,063-211-0567,전북 전주시 덕진구 안전로 199 온빛초 옆 신협 2층
현곡푸르지오교실,1577-5105,경북 경주시 현곡면 새안현로 23
현대1차교실,1577-5105,
현대1차교실,01025354742,"대구시 달서구 조암남로 182 (유천동,대구월배아이파크)109동102호"
현대3차교실,1577-5105,인천 부평구 산곡3동 현대3차아파트
현대교실,031-475-5107,경기도 안산시 상록구 월피동
현대교실,1577-5105,전남 영암군 삼호읍 현대삼호사원아파트
현대아이교실,1577-5105,"경남 김해시 삼계로 232 (삼계동, 현대분성마을아이파크1차아파트)"
현대아카데미교실,1577-5105,
현목교실,054-635-0585,경북 영주시 가흥2동
현암이안교실,1577-5105,경기 여주군 여주읍 현암리 대우이안APT
현진에버빌교실,033-573-4233,강원 삼척시 정상동 현진에버빌 103동
현촌두드림교실,1577-5105,
현풍남해오네뜨1차교실,1577-5105,대구 달성군 현풍읍 테크노북로4길 11
협성해법교실,01040640289,경남 김해시 분성로 4(외동 협성엘리시안아파트)102-202
협성휴포레죽곡교실,1577-5105,대구 달성군 다사읍 달구벌대로174길 50
형설교실,1577-5105,
호계럭키교실,1577-5105,호계동 럭키아파트  110동 103호
호계신성교실,1577-5105,경기 안양시 동안구 호계동
호계태영교실,1577-5105,호계동 태영아파트
호반22엘리트교실,010-2061-0517,경기 고양시 덕양구 동산동
호반3차교실,1577-5105,경기 화성시 동탄신리천로1길
호반5차교실,1577-5105,
호반교실,041-558-0579,충청남도 천안시 서북구 불당동
호산나교실,1577-5105,부산 강서구 명지오션시티10로 16
호서남교실,1577-5105,
호수교실,031-902-2341,경기도 고양시 일산동구 장항동 호수마을5단지 청구상가 2층
호수교실,1577-5105,
호수부영 1차,,경기 화성시 동탄대로6길 19 (산척동)
호수부영4차,1577-5105,부영4차
호암두진교실,043-848-0688,충북 충주시 성서1길 50
호원교실,031-504-8948,경기 안산시 단원구 초지동
호크마교실,031-438-0572,경기도 안산시 상록구 사동
호크마교실,1577-5105,충북 청주시 흥덕구 비하동
호평아이비교실,1577-5105,"경기 남양주시 호평로 134 (호평동, 호평아카데미) 호평아카데미빌딩 5층"
호평아이파크교실,010-3765-8721,"경기 남양주시 늘을3로 7 (호평동, 호평동현대아이파크) 1104-104"
호평초교실,1577-5105,"경기 남양주시 천마산로 65 (호평동, 호평 파라곤) 108동 401호"
호평한화교실,1577-5105,"경기 남양주시 늘을3로 71 (호평동, 한화꿈에그린아파트) 1502동 504호"
홍남교실,041-631-0553,충남 홍성군 홍성읍 고암리 656-11(2층)
홍선생해법영어교실,010-8287-1480,인천 연수구 독배로40번길 18
홍연교실,1577-5105,서울 서대문구 홍은동
홍은미성교실,1577-5105,
홍익 수 해법영수학원교실,055-322-7117,
홍제엘리트교실,01082959712,서울 서대문구 통일로37다길 27
홍천교실,033-433-0582,강원 홍천군 홍천읍
화랑교실,011-774-1009,경기도 안산시 단원구 선부동
화명낙천대교실,051-362-8268,
화명대림교실,051-335-1420,부산 북구 화명동
화명대림쌍용교실,051-361-1005,부산 북구 화명동
화명동원교실,051-343-6120,부산북구 화명동 금융복합스포츠타운 4층 406호
화명뜨란채교실,051-363-5105,부산 북구 화명동
화명멘토교실,010-2417-6641,부산광역시 북구 화명동 2277-6 메인프라자 502
화명벽산교실,051-363-5454,부산 북구 화명동
화명와석교실,051-911-4010,
화서교실,1577-5105,경기도 수원시 팔달구 화서2동
화순교실,1577-5105,
화원스마트교실,1577-5105,대구 달성군 화원읍 성암로1길 5 (본리리)
환호해맞이교실,054-251-4743,경북 포항시 북구 환호동 해맞이 그린빌 113동 103호
황골주공교실,1577-5105,경기 수원시 영통구 영통동 955-1
황금 앤젤교실,1577-5105,
황금엘리트1교실,1577-5105,대구광역시 수성구 청호로57길 14
황상성심교실,1577-5105,경상북도 구미시 검성로 100 2층
회기아카데미교실,1577-5105,
횡성해법교실,033-344-9384,강원 횡성군 횡성읍
효성금호교실,032-543-7288,인천광역시 계양구 효성2동 304-14
효성샛별교실,032-553-0205,
효성서교실,032-547-0607,인천 계양구 효성동
효자서도엘리트교실,063-224-5722,전북 전주시 완산구 효자동1가 서도프라자3층
효자우전교실,010-8543-9618,전라북도 전주시 완산구 우전2길 37
후평우미린교실,1577-5105,강원 춘천시 후평동
후포교실,1577-5105,경상북도 영덕군 군청길 123-1
휴먼빌교실,031-493-0585,경기도 안산시 단원구 신길동
휴먼시아교실,02-864-0579,서울 관악구 난향동
휴포레교실,1577-5105,부산 동구 고관로 95-1 (수정동) 4층
흑석교실,063-284-5333,전북 전주시 완산구 서서학동 푸은맨션 상가1층
흥덕동원교실,1577-5105,경기 용인시 기흥구 영덕동
흥해남산교실,054-262-7905,경북 포항시 북구 흥해읍 남성리 318-6
흥해삼도1교실,010-2525-6357,흥해읍 학천리 삼도미래타운 1차상가 205호
힐스셀파 우등생교실,1577-5105,서울 은평구 백련산로 38
힐스테이트교실,1577-5105,
힐스테이트교실,1577-5105,힐스테이트
힐탑교실,1577-5105,대전 서구 관저동 1962-9
Aisling교실,1577-5105,
Alice 호반교실,010-9372-7788,
Amy Ostar교실,031-635-0509,경기 이천시 아미리 677-5
ANN LEE교실,1577-5105,경기도 오산시 세마문학로 50
Anna Harvard교실,1577-5105,
Atop교실,1577-5105,부산광역시 기장군 정관4로 24 정관동일스위트1차 110동 201호
BLOSSOM ENGLISH,1577-5105,서울 송파구 잠실2동 리센츠 아파트
CNU교실,1577-5105,전라남도 목포시 옥암동
Dream교실,1577-5105,충북 청주시 흥덕구 가경동
e편한교실,055-364-0579,양산시 물금읍 범어리 e편한세상2차
e편한교실,010-3222-0579,전라북도 익산시 어양동 510-1
e편한교실,1577-5105,
e편한세상교실,010-8805-2694,충청남도 아산시 모종동 e편한세상
e해법솔루션학원,1577-5105,1577-5105
EM해법교실,02-3394-6690,동대문구 답십리동 268-8  . 3층
enocn교실,,
ETC교실,031-287-8748,경기도 용인시 기흥구 동백동
F&P교실,041-541-0045,충남 아산시 모종동
Genius교실,1577-5105,"경기 수원시 권선구 덕영대로1190번길 100 (권선동, 수원아이파크시티7단지)"
GM교실,1577-5105,
Grace교실,1577-5105,
GS자이교실,1577-5105,서울특별시 강서구 가양동
Happy 한보라교실,1577-5105,경기 용인시 기흥구 보라동 한보라마을휴먼시아5단지아파트
hb 가오교실,1577-5105,대전 동구 동구청로 89-2
HB English Academy 교실,1577-5105,서울 서초구 태봉로 2길 65 네이처힐4단지아파트 상가2층
HB멘토교실,01067552667,전남 목포시 대양동 257-4
HB브레인교실,01074457565,전남 나주시 그린로 335 (빛가람동)
hb연산교실,01088486761,전남 목포시 연산로159번길 5
hb열매교실,042-825-0511,대전 유성구 반석동 반석마을6단지아파트 상가 2층
hb용당교실,01035207996,전남 목포시 양을로 230
hb우진교실,1577-5105,
HBE교실,1577-5105,
Hello Fox교실,1577-5105,인천 부평구 부평1동
Hello교실,1577-5105,경기 시흥시 정왕동
HMB교실,1577-5105,대구광역시 달서구 용산로 254
I AM 해법영어교실,052-264-0589,울산광역시 울주군 북문7길
in잉글리쉬교실,1577-5105,
ING교실,031-889-7932,용인시 수지구 죽전동
IVY캐슬교실,051-321-1105,부산 사상구 엄궁동
JJ해법영어교실,1577-5105,
JnJ교실,1577-5105,신한미지엔@
JS교실,055-313-5006,김해시 장유면 대청동 332-4 대청프라자 A-403호
Jump교실,1577-5105,인천 부평구 부평5동
KCC스위첸교실,1577-5105,"경상북도 김천시 혁신5로 11 110동(율곡동,  경북혁신케이씨씨스위첸)"
kelly교실,1577-5105,수원시 영통구 청명로 100
LaLaLa Leena교실,070-4232-5105,강원 춘천시 퇴계동 지석로
LEI영어교실,010-5820-6603,
Leo교실,1577-5105,경기 화성시 진안동
LIC교실,031-841-1030,경기도 남양주시 별내면 청학로68번길 23-1 청학3단지상가 
Lucy교실,1577-5105,경기 화성시 병점동
M&M교실,1577-5105,경기 광주시 오포읍 수레실길 5 (능평리)
Millie교실,02-939-5084,서울 노원구 상계동 대림아파트
PRIME교실,02-893-5495,경기 광명시 소하2동 역세권 휴먼시아  406동 302호
Pumping교실,01059115390,"서울 영등포구 당산로4길 12 (문래동3가, 문래자이)"
Ruby교실,010-4207-0320,
Sally교실,1577 5105,전남 광양시 진등2길 13
SGC 롯데캐슬영어교실,1577-5105,
shine교실,010-3644-8447,"울산 북구 상방로 81 (화봉동, 동아청구아파트)"
Sk뷰2차교실,1577-5105,꿈에그린프레스티지@
sky해법영어교실,01092181556,경기 부천시 소사본동
SL 교실,054-855-0501,경상북도 안동시 강남6길 6
Smart HB 교실,1577-5105,
special교실,1577-5105,
Star교실,1577-5105,
Talk채움교실,053-984-5632,대구 동구 방촌동
tanya엘리트교실,043-235-0579,충북 청주시 흥덕구 비하동
Ted 교실,1577-5105,
THE 좋은교실,054-638-5112,경북 영주시 휴천1동
TheBest교실,043-900-0005,충북  청주시 청원구 오창읍 각리
TheFirst교실,1577-5105,
Tiffany교실,1577-5105,경기 안양시 동안구 관양동
Time교실,031-746-8080,경기 성남시 중원구 상대원1동 선경아파트
TOP교실,1577-5105,경기도 광명시 철산동
TOP에듀학원교실,01042705355,
VAN 해법영어교실,1577-5105,강원 속초시 온정로6  조양주공아파트 110동
World교실,1577-5105,경기 하남시 신장동
YJ엘리트교실,406-0830,경기 안산시 상록구 본오동 871-9
YJ엘리트교실,,경기 안산시 상록구 본오동 871-9
