name,addr
좌동SK뷰교실,부산광역시 해운대구 좌동
메트로팔레스1교실,대구 수성구 만촌로 120 (만촌동)
덕소강빛교실,경기 남양주시 와부읍 덕소리 주공아파트 301 ~ 310
진해충무교실,경남 창원시 진해구 태평동 84-44
별내스위첸교실,경기 남양주시 별내면
최강국어논술교실,대구 달서구 이곡동
평택세교교실,경기 평택시 세교동
부영교실,경기 남양주시 도농동 부영아파트
야음글샘교실,"울산 남구 야음로 24 (야음동, 야음동부아파트)"
첨단채움해법학원,광주 광산구 산월동 885-1
야탑목련교실,"경기 성남시 분당구 야탑로 237 (야탑동, 백마빌딩)"
인창삼보교실,경기 구리시 인창동
대천교실,대구광역시 달서구 대천동
남해교실,경남 남해군 남해읍 아산리
송강1교실,대전 유성구 송강동
인창동양교실,경기 구리시 인창동
부곡 경남한신교실,부산 금정구 부곡동
백석한아름교실,충남 천안시 서북구 백석동
답십리두산교실,서울 동대문구 답십리동 4-13
신창교실,광주 광산구 신창동
신화규글쓰기교실,"인천 남동구 만수서로 36 (만수동, 향촌휴먼시아2단지아파트)"
이명재국어논술교습소,"충남 예산군 예산읍 예산로 59 (주교리, 구억말빌딩)"
안성공도교실,경기 안성시 공도읍 만정리
동안부영교실,경기 안양시 동안구 평촌동
용방마을교실,대전광역시 동구 용운동
슬기교실,광주 서구 상무버들로 34 (유촌동)
거제중곡교실,경남 거제시 고현동
생각나무교실,"경기 시흥시 진말로 7 (장곡동, 한샘학원)"
강동교실,대구 동구 신서동
평택비전교실,"경기 평택시 용죽1로 14 (용이동, 평택 비전 푸르지오)"
신서혁신교실,대구 동구 반야월북로 242 (신서동)
중국 심천 교실,경기 안양시 동안구 평촌동
봉담 명문교실,경기 화성시 봉담읍 동화길 93-16 (동화리)
율전책꿈교실,경기 수원시 장안구 율전동 1~250
안성잎새교실,경기 안성시 금산길 48-8 (금산동)
도안채움교실,대전 유성구 상대동
독서와국어논술송산,"경기 화성시 수노을1로 147 (새솔동, 송산그린시티요진와이시티)"
하남덕풍교실,경기 하남시 신장동
금오교실,충남 예산군 예산읍 역전로126번길 46 (산성리)
깊은생각국어논술전문,"전북 익산시 고봉로26길 16 (영등동, 노벨문구완구)"
늘푸른동아교실,서울특별시 중랑구 면목4동
주엽교실,"경기 고양시 일산서구 강선로 116 (주엽동, 강선마을2단지아파트)"
해법독서논술 창의와논리,"서울 마포구 망원로 39 (망원동, 노블캐슬)"
중리캐슬교실,대구 서구 중리동 중리롯데캐슬아파트
오투그란데교실,전북 군산시 수송동 군산수송동제일오투그란데2단지아파트
명성교실,"경기 고양시 일산서구 후곡로 10 (일산동, 후곡마을9단지아파트)"
비산해법학원,"경기 안양시 동안구 관악대로 133 (비산동, 비산삼성래미안아파트 상가동)"
신영통주춧돌교실,경기 수원시 영통구 망포동 마젤란아파트 1101-1105
가평1교실,경기 가평군 가평읍 읍내리329-29
하중교실,경기 시흥시 하중동 855~880
운암 현대 해법교실,광주 북구 운암동 현대상가
노원마들교실,서울 노원구 상계8동 주공아파트
고잔푸르지오교실,경기 안산시 단원구 고잔동
동천빛고을교실,광주 서구 동천동 639
호평신명교실*,경기도 남양주시 호평동 신명스카이뷰아파트
오남한신1차,경기 남양주시 오남읍 오남리 한신1차아파트 102동
이천교실*,"경기 이천시 영창로 315 (갈산동, 휴먼시아)"
온누리 해법독서교실,전북 전주시 완산구 효자동3가
토마토교실*,대구 북구 침산3동 청구1차아파트
북대구교실*,대구 북구 산격2동 에덴1차아파트
안성어울림교실,"경기 안성시 공도읍 송원길 62 (만정리, 안성공도금호어울림(상가동))"
푸른나무교실,"울산 북구 중산로 47 (중산동, 미라주 2단지)"
초이논술,부산 강서구 명지국제8로 243 (명지동)
생각날개교실,대구 북구 서변동 화성리버파크2단지
책벌레독서논술,충남 홍성군 홍북읍 신경리 1181
당동교실,경기 군포시 금정동
등마,"서울 양천구 목동남로2길 60-30 (신정동, 세양청마루아파트)"
리틀멘사교실,"부산 동래구 쇠미로81번길 22 (사직동, 사직2차삼정그린코아아파트)"
전하동푸르지오교실,울산 동구 전하동
장미교실,경기 광명시 광명6동
효성그린교실,인천 계양구 효성동 556
김포 서당,경기 김포시 풍무동
칸 국어논술 학원,대전 유성구 반석동
김도은독서논술교실,"강원 삼척시 오십천로 529 (정상동, 동양아파트)"
북가좌 책나무생각숲교실,서울특별시 서대문구 북가좌1동
해법독서논술 로지카,서울 서대문구 연희동 88-24
개포마중물교실,서울 강남구 개포동 186-16
마음을 여는 교실,경기 김포시 북변동 풍년마을서광아파트
동작느티나무교실,서울 동작구 사당동 105-27
월성자이교실,대구 달서구 월성동
경운교실,대구 서구 내당동 246-12
원호푸르지오,경북 구미시 고아읍 원호리
책끼읽끼해법독서논술,제주시 일도2동 100-9번지 1층
서해해법독서논술,"경기 안산시 단원구 초지1로 76 (초지동, 행복한마을아파트 상가동)"
대우1 해법독서논술,"경기 안산시 단원구 광덕동로 26 (고잔동, 고잔1차푸르지오아파트)"
롯데캐슬교실,"경기 안산시 단원구 원초로 61 (초지동, 롯데캐슬더퍼스트)"
율하수교실,대구 동구 율하동
꿈마을 교실,경기 안양시 동안구 평촌동
아란국어논술,제주특별자치도 제주시 아란5길 14 (아라1동)
단구카멜레온교실,강원 원주시 단구동
정안순논술교실,경기 용인시 수지구 성복동
류샘토론논술,경기 파주시 가람로21번길 52-20 (와동동)
대구신암교실,대구 동구 신암5동 청기와아파트
일동꿈꾸는u1교실,경기 안산시 상록구 일동 산1~120
장기 솔로몬 교실,경기도 김포시 장기동
상도조연진교실,서울특별시 동작구 상도3동
반포은샘교실,서울 서초구 반포동 49-10
논현더배움교실,인천광역시 남동구 논현동
관저해법논술교실,대전광역시 서구 관저2동 신선마을아파트
갈현서선생논술교실,서울특별시 은평구 갈현동
천천 샘내교실,경기도 수원시 장안구 천천동 신안한일아파트
야탑 해냄교실*,경기도 성남시 분당구 야탑동
노블레스 삼각산교실*,서울특별시 강북구 삼각산동
그릿도안 교실,대전 유성구 월드컵대로316번길 30 (상대동)
해법독서논술 서유당,경기 안성시 공도읍 진건중길 45 (진사리)
조치원 도원,"세종특별자치시 조치원읍 이화1로 15 (신흥리, e편한세상아파트)"
봉명흥덕교실*,충청북도 청주시 흥덕구 봉명1동
생각의 숲,경기 수원시 장안구 정자천로13번길 15 (천천동)
송쌤교실,"경기 성남시 분당구 장미로 139 (야탑동, 매화마을주공2단지아파트)"
평택동삭교실,"경기 평택시 동삭로 386 (동삭동, 현대아파트)"
원당 지인논술교실,충청남도 당진시 원당동 그린빌아파트
보성원 올리브교실,중국 북경시 조양구 왕징 보성원 108동-8단원-1A
EL교실,경기도 의정부시 신곡1동 702~721
"송파한양1,2차교실",서울 송파구 방이동 224-10
장성해법독서논술교실,전라남도 장성군 장성읍
일원즐거운논술교실,서울특별시 강남구 수서동 까치마을아파트
통영 죽림교실,경상남도 통영시 광도면
화곡 아카데미 영재원,서울특별시 강서구 화곡동
동작구민체육센터,서울특별시 동작구 여의대방로 16길 53
오산운암라임교실,"경기 오산시 운암로 64 (오산동, 대동아파트)"
뿌리깊은 교실,"서울 양천구 중앙로52길 38 (신정동, 제일미노빌)"
신포 아이파크 교실,경상남도 창원시 마산합포구 신포동1가 신포동마산만아이파크아파트 (101~106동)
버드내해법독서논술교,"대전 중구 태평로 15 (태평동, 버드내마을아파트)"
진해 용원교실*,경상남도 창원시 진해구 안골동
신천 최샘교실,경기도 시흥시 신천동 876-15
봉명 이플교실*,충북 청주시 흥덕구 덕암로108번길 69 (봉명동)
돈암1교실,서울특별시 성북구 동소문동7가
구의초교실,서울특별시 광진구 구의동
강릉 스터디멘토+,강원도 강릉시 노암동 607번지
장안 해찬숲교실,경기도 수원시 장안구 이목동
양구백샘교실+,강원도 양구군 양구읍
해들교실,"세종특별자치시 대평로 80 (대평동, 해들마을 6단지)"
길음뉴타운9단지교실+,서울특별시 성북구 길음동
나운삼성교실+,전라북도 군산시 나운동
동패교실,"경기 파주시 동패로 117 (동패동, 벽산아파트)"
몽당연필교실,경기도 고양시 일산동구 정발산동
정관롯데캐슬2차교실,부산광역시 기장군 정관면 모전리 롯데캐슬2차아파트
매탄 빛글,경기도 수원시 영통구 매탄4동 현대아파트
가좌 글사랑,인천광역시 서구 가좌동
동탄푸른마을교실,"경기 화성시 10용사로 349-5 (능동, 스타타워)"
생각이크는교실,경기도 수원시 장안구 정자3동 한라비발디아파트
정릉차쌤교실,서울 성북구 서경로 30 (정릉동)
풍림휴먼교실,경기도 수원시 장안구 정자2동
오렌지교실,대전 동구 가양동 30-21
주약교실,경상남도 진주시 주약동 주약현대아파트
오산대우교실,"경기 오산시 청학로173번길 21 (수청동, 오산대우아파트)"
홍쌤,대전 대덕구 덕암동 58-30
달빛1교실,경기도 고양시 덕양구 화정1동 달빛마을2단지아파트
화성2힐스테이트,"경기 화성시 동탄순환대로19길 59 (목동, 힐스테이트 동탄)"
마음나눔창,경기도 고양시 일산서구 구산동
진월토론하는아이들,광주광역시 남구 진월동
금광 글고운교실,경기도 성남시 중원구 금광2동
신명독서논술,서울특별시 강남구 논현동
상암통통통논술교실,서울특별시 마포구 상암동
신창부영교실,광주광역시 광산구 신창동
길음대림교실,서울특별시 성북구 길음동
원주 김보민교실,강원도 원주시 태장1동 성호샤인힐즈2차아파트 (201~205동)
이진글숲교실,부산광역시 기장군 기장읍 대라리 이진캐스빌
하남창우교실,경기도 하남시 창우동 꿈동산 신안아파트
J클래스독서논술국어,"경기 고양시 덕양구 화중로 32-21 (화정동, 테마파크)"
토론과 논술,경기 성남시 분당구 판교동 562-8
강북우이교실,서울특별시 강북구 우이동
가정 책사랑,"인천 서구 봉오재3로 11 (가정동, 루원제일풍경채 아파트)"
한샘국어논술교실,전라남도 강진군 강진읍 평동리
독한 논술 강한 수학,"경북 상주시 복룡3길 25 (복룡동, 상주2차우방타운)"
세종 셀파이룸,세종특별자치시  종촌동
은행나무 봉덕 교실,대구광역시 남구 대명5동
정선 한민족독서논술교실,강원도 정선군 정선읍 봉양리
정릉풍림1교실,서울특별시 성북구 정릉4동
거제옥포덕산더탑,"경남 거제시 옥포로 305 (옥포동, 덕산4차아파트)"
군산)지곡교실,전라북도 군산시 지곡동
휴먼시아 해법논술,대전광역시 유성구 봉산동 하늘바람휴먼시아아파트 (101~113동)
해냄국어논술,강원 동해시 천곡동 1085-1
양산 신기 한마음교실,경상남도 양산시 신기동 한마음아파트
무원향샘교실,경기도 고양시 덕양구 행신2동 무원마을2단지아파트
거인의어깨교실,전라북도 익산시 영등동
생각의 숲,"울산 북구 신천로 105 (중산동, 오토밸리로 효성해링턴 플레이스)"
꿈다락교실,"서울 영등포구 도영로 66 (도림동, 영등포아트자이아파트)"
사당즐거운교실,서울 동작구 사당로 247 (사당동)
동탄기산교실,"경기 화성시 동탄지성로 292 (기산동, 행복마을 울트라참누리아파트2단지)"
철산 꿈꾸는논술,경기도 광명시 철산동
장암동아교실,경기도 의정부시 장암동 장암동아아파트
정읍)수성부영교실,전라북도 정읍시 수성동 부영2차아파트 (201~210동)
해법 가흥교실,경북 영주시 가흥동 1852
부영2차,"제주특별자치도 제주시 과원로 11 (노형동, 부영아파트)"
강내 해법 독서 교실,충청북도 청주시 흥덕구 강내면 월곡리
덕송 교실,대전광역시 유성구 구암동 1~598
평택용이교실,"경기 평택시 현신7길 43 (용이동, 용이 반도유보라아파트)"
그린나래,경상북도 영주시 하망동 코오롱아파트 2차
더올림 해법교실,"경북 봉화군 봉화읍 교촌길 41 (내성리, 삼영주택)"
래미안월곡교실,서울특별시 성북구 하월곡동
맑은논술,경기도 김포시 양촌읍 학운리 금빛마을김포양촌자연앤데시앙아파트 (101~113동)
가운교실,경기도 남양주시 가운동
해법독서논술 생각통통교실,서울특별시 종로구 명륜1가
대방대동아파트,"경남 창원시 성산구 대정로 138 (대방동, 대방대동아파트)"
민락이미영해법독서교,경기도 의정부시 민락동 대우푸르지오아파트
고읍 우미린교실,경기도 양주시 고읍동
책꿈씨교실,"경기 양주시 부흥로 2019 (고읍동, TS푸른솔1차아파트)"
화성한빛교실,경기도 화성시 반송동 시범한빛마을동탄아이파크아파트 (221~228동)
이편한글쓰기교실,"경기 양주시 옥정로5길 35 (옥정동, 이편한세상양주)"
당진 푸르지오,충남 당진시 읍내동 1602
송천엘림교실,서울특별시 강북구 미아5동
오름논술교실,서울특별시 용산구 이촌1동 한가람아파트
진영숙독서논술,경상남도 진주시 평거동
백샘 논술,충청남도 논산시 반월동
태장포란재교실,강원도 원주시 태장2동 금광포란재아파트 (101~119동)
우리말우리글교실,"강원 원주시 백간길 72 (단계동, 라이프타운)"
분평 해법독서논술교,"충북 청주시 흥덕구 가경로 100-20 (가경동, 삼일 원앙 아파트)"
갈현셀파논술교실,서울특별시 은평구 갈현동
성현마을 주공교실,"경기 용인시 수지구 죽전로193번길 11 (죽전동, 성현마을주공3단지아파트)"
진해 경화 삼정그린교,경상남도 창원시 진해구 경화동 삼정그린코아아파트
김은주해법교실,인천광역시 남구 관교동
해법 오성 교실,충청남도 천안시 서북구 두정동
종로창신교실,서울특별시 종로구 창신1동
해법 신수교실,서울특별시 마포구 토정로242(신수동)
e편한세상해법독서논술,경기도 광명시 하안동
광교에듀타운교실,"경기 수원시 영통구 도청로17번길 23 (이의동, 자연앤자이)"
호수마을교실,경기도 고양시 일산동구 장항2동 호수마을2단지아파트
칠보마을,"경기 수원시 권선구 금곡로 20 (금곡동, 칠보마을 6단지)"
철산한신,"경기 광명시 디지털로 64 (철산동, 철산한신아파트)"
정쌤솔로몬 현촌교실,"경기 평택시 현촌3길 21 (용이동, 평택용이금호어울림 1단지)"
태릉초교실,"서울 노원구 노원로1길 21 (공릉동, 공릉9단지청솔아파트)"
네오 스터디,서울특별시 영등포구 당산동4가
양지대림1.2차,서울특별시 노원구 중계1동 양지대림아파트
장위동 꿈의 숲 교실,서울특별시 성북구 장위동
이문쌍용느티나무교실,서울특별시 동대문구 이문2동
THE 오름,경기도 안양시 동안구 평촌동
용산글짱교실,대구광역시 달서구 성당동 2동
심천 참나무교실,경기도 안양시 동안구 호계동
생각나무교실,"서울 노원구 한글비석로8길 41 (중계동, 중계6단지주공아파트)"
에듀킹창의사고력교실,"세종특별자치시 누리로 59 (한솔동, 첫마을5단지)"
응암교실,서울특별시 은평구 응암동
글자람교실,인천광역시 남동구 구월동
봉서교실,전북 완주군 봉동읍 둔산리 877-1
신곡2동 2교실,경기도 의정부시 신곡2동 극동아파트
백마1교실,경기도 고양시 일산서구 탄현동 탄현마을16단지아파트
호평동원교실,경기도 남양주시 호평동
이리담학원,서울 은평구 응암동 760
세계로교실,"경기 고양시 덕양구 화신로 298 (화정동, 별빛마을8단지아파트)"
호원1동 한주교실,경기도 의정부시 호원1동 한주아파트1차 아파트
청아람신선생,대구광역시 달성군 다사읍 매곡리 대실역청아람2단지아파트
하나튜터교실,"강원 원주시 서원대로 427 (단구동, 개운2차한신휴플러스아파트)"
석관교실,서울특별시 성북구 석관동
쿵푸스논술,"광주 광산구 임방울대로378번길 45 (수완동, 수안채리치)"
화성봉담교실,"경기 화성시 봉담읍 와우로 71 (와우리, 봉담 휴먼빌)"
우신교실,부산 해운대구 재송2동
산본9단지 교실,"경기 군포시 고산로539번길 7-12 (산본동, 묘향롯데아파트)"
도신초,서울 영등포구 문래북로 31-1 (양평동1가)
크레센도교실,"대구 서구 국채보상로50길 20 (평리동, 평리 푸르지오)"
청학3단지교실,경기 남양주시 별내면
신우아파트교실,"경기 안산시 상록구 감골로 83 (사동, 신우아파트)"
당리엘리트,부산 사하구 당리동 164
다빈치학원,"경기 파주시 와석순환로 421 (와동동, 지산프라자)"
동해 천곡롯데,"강원 동해시 감추7길 22-11 (천곡동, 롯데아파트)"
이문청진교실,서울 동대문구 이문동 242-28
성사길라잡이교실,"경기 고양시 덕양구 호국로 846-16 (성사동, 진영상가빌딩)"
서현 가람교실,"경기 성남시 분당구 돌마로486번길 6 (서현동, 상록프라자)"
아리솔,서울 양천구 신목로5길 15-2 (신정동)
이근하 해법독서논술교실,광주 광역시 광산구 월계동
민락2지구 센트럴교실,"경기 의정부시 송양로 75 (민락동, 민락센트럴)"
샘머리2단지,"대전 서구 청사로 281 (둔산동, 샘머리아파트2단지)"
가람해법독서논술,"대전 서구 둔산북로 215 (둔산동, 가람아파트)"
까비교실,"대구 달서구 비슬로 2734 (대곡동, 대곡역 화성파크드림 위드)"
다독다독국어논술,"부산 동래구 문화로 33 (명륜동, 동래센트럴파크하이츠2차)"
힐스테이트위브 글숲,부산 해운대구 중동 힐스테이트 위브
처인구 역북교실,경기 용인시 처인구 역북동
화성박쌤교실,"경기 화성시 향남읍 행정동로 83 (행정리, 향남시범복사꽃마을상록하늘채아파트)"
신천효신교실,대구 동구 신천동 485-12
롯데캐슬디아망 교실,"부산 금정구 동부곡로15번길 76 (부곡동, 롯데캐슬디아망)"
논술쟁이,"경기 성남시 수정구 수정로 316 (신흥동, 우찬셀레스빌)"
코너스톤,인천 서구 신현동 281-30 1층
무지개교실,경기 고양시 덕양구 고양동 724
아크로폴리스교실,강원 춘천시 충혼길44번길 12-1 (온의동)
천호하나학원,"서울 강동구 성안로25길 6 (천호동, 삼성아파트)"
글고운교실,"경남 양산시 물금읍 범어로 77 (범어리, 우미린아파트)"
번동세진교실,서울 강북구 번동 412-13
양산 청어람교실,"경남 양산시 양주로 94 (남부동, 양산신도시아파트청어람)"
이인원동화독서논술,"경북 김천시 부곡길 162 (부곡동, 화성아파트)"
효자 엘드수목토교실,"전북 전주시 덕진구 틀못4길 17 (장동, 우미린 2단지)"
창원대방덕산,경남 창원시 성산구 대방동 356
구미도량교실,"경북 구미시 도봉로 67 (도량동, 뜨란채5단지아파트)"
평택자이교실,"경기 평택시 서재로 36 (동삭동, 서재자이아파트)"
북한산아이파크교실,서울 도봉구 창동 826
진주금산교실,경남 진주시 금산면 중천로 84 (장사리)
수원광교 ,"경기 수원시 영통구 센트럴타운로 76 (이의동, 이편한세상광교)"
창의톡톡,"서울 관악구 관악로30길 27 (봉천동, 관악푸르지오1단지아파트)"
전문가해법독서논술,"경기 수원시 영통구 봉영로1517번길 73 (영통동, 삼성.태영 아파트)"
다온교실,"경기 고양시 일산동구 고풍로 44-25 (풍동, 성원아파트)"
슬기교실,"경기 고양시 덕양구 화신로 76 (행신동, 샘터마을1단지아파트)"
영남우방,대구 달서구 이곡공원로 21-1 (이곡동)
캐슬해법독서교실,"서울 강동구 고덕로 133 (암사동, 강동롯데캐슬퍼스트아파트)"
쑥쑥교실,"대구 북구 매천로2길 19 (팔달동, 두산위브2001아파트)"
진구 연지자이,"부산 부산진구 초연로 11 (연지동, 연지자이2차아파트)"
경주 금장새한교실,"경북 경주시 현곡면 안현로 68-7 (금장리, 새한센시빌아파트)"
윤쌤국어논술교습소,경기 용인시 수지구 동천동 914
안천교실,"서울 금천구 한내로 62 (독산동, 한신아파트)"
용인 구갈교실,"경기 용인시 기흥구 강남동로 54 (구갈동, 강남마을7단지계룡리슈빌아파트)"
달콤샘논술,"세종특별자치시 남세종로 357 (소담동, 새샘마을1단지)"
잠원 내담교실,"서울 서초구 신반포로23길 41 (잠원동, 신반포2지구아파트)"
동백계룡교실,"경기 용인시 기흥구 동백평촌로 15 (동백동, 호수마을계룡리슈빌아파트)"
용봉동중흥교실,"광주 북구 서하로106번길 25 (용봉동, 중흥S클래스)"
공감논술,강원 강릉시 율곡초교길47번길 11 (교동)
생각을 키우는 논술,"서울 관악구 남부순환로 1430 (신림동, 신림푸르지오아파트)"
점핑논술,경남 진주시 진양호로 270 (신안동)
신창 지혜밭,"광주 광산구 왕버들로252번길 46 (신창동, 신창도시공사아파트)"
어울림 해법독서논술,충북 청주시 흥덕구 복대동 3366
가음정1교실,"경남 창원시 성산구 대정로 84 (남양동, 피오르빌아파트)"
시흥대원교실,"경기 시흥시 월곶중앙로 64 (월곶동, 풍산프라자)"
대명초,대구 남구 대명로20길 10 (대명동)
금호삼봉,광주 서구 풍암동 974
푸른나무 ,충북 청주시 서원구 수곡동 328
소만마을교실,"경기 고양시 덕양구 화신로 45 (행신동, 무원마을1단지)"
무원유레카교실,경기 고양시 덕양구 행신동 621
구미옥계이편한교실,"경북 구미시 산호대로39길 23 (옥계동, e편한세상아파트)"
상모사곡교실,"경북 구미시 상사서로12길 3 (사곡동, 우원 사곡1차 아파트)"
아름별교실,"경기 고양시 덕양구 원흥1로 11 (원흥동, 원흥마을12단지)"
평택소사벌교실,"경기 평택시 비전3로 36 (비전동, 소사벌 프라자)"
생각여행교실,"서울 노원구 공릉로34길 62 (공릉동, 태강아파트)"
오태교실,"경북 칠곡군 북삼읍 북삼로8길 19 (인평리, 동부늘푸른타운)"
혜윰,경기 광명시 소하동 1322-2
예시바독서논술교실,"충북 증평군 증평읍 북부두름길 48 (장동리, 리오프라자)"
반림 현대교실,"경남 창원시 성산구 외동반림로 219 (반림동, 현대아파트)"
상현금호1차교실,"경기 용인시 수지구 상현로 59 (상현동, 금호베스트빌1단지아파트)"
책먹는아이들교실,"경기 고양시 덕양구 화신로 45 (행신동, 무원마을1단지)"
아이비츠학원,"경기 안산시 단원구 새뿔길 22-1 (신길동, 새뿔프라자)"
가온누리해법논술교실,"충북 음성군 금왕읍 대금로 1458-5 (금석리, 음성금왕두진하트리움)"
행복한 에덴교실,경남 거제시 장승포동 643
포곡미르논술교실,"경기 용인시 처인구 포곡읍 포곡로 80 (둔전리, 청석빌딩)"
오샘 국어논술학원,경기 안양시 동안구 경수대로 935 (비산동)
혁신 만성초교실,전북 전주시 덕진구 기지로 91 (장동)
중국 무석교실,경기 안양시 동안구 호계동 846
우림필유교실,"경북 구미시 수출대로3길 130 (공단동, 우림필유아파트)"
한얼아카데미,"제주특별자치도 제주시 우정로15길 12 (외도1동, 부영아파트상가)"
영무예다음교실,"충북 진천군 덕산면 대하로 87 (두촌리, 영무예다음)"
속초 아카블,"강원 속초시 미시령로3337번길 6-17 (교동, 명지미래힐아파트)"
평창 토토교실,강원 평창군 평창읍 문화길 16 (하리)
진부더함교실,강원 평창군 진부면 진부시장뒷길 32 (하진부리)
송천서림,전북 전주시 덕진구 송천동1가 831-2
수학엔논술교실,"경기 고양시 일산서구 원일로 51 (일산동, 메이저프라자)"
글 읽는 씨앗,"충남 계룡시 엄사면 번영3길 91 (유동리, 대동황토방아파트)"
원주보리수교실,강원 원주시 단관초교길 22-13 (관설동)
모현부영,"전북 익산시 선화로 41 (모현동1가, 익산배산사랑으로부영1차아파트)"
박달한라교실,"경기 안양시 만안구 박달로 453 (박달동, 한라비발디아파트)"
현대깨움교실,"인천 부평구 안남로 91 (산곡동, 현대2차아파트)"
창동쌍용교실,서울 도봉구 창동 807
해법갈현2교실,서울 은평구 갈현동 452-18
A+교실,"부산 서구 망양로33번길 27 (서대신동3가, 구덕자유아파트)"
대정교실,"제주특별자치도 서귀포시 대정읍 신영로 123-1 (하모리, 좋은아이들)"
천안 신방,충남 천안시 서북구 새말4길 20 (쌍용동)
영천망정교실,"경북 영천시 창신1길 21 (망정동, 창신타운)"
강산에,"부산 기장군 정관읍 정관2로 9 (모전리, 이지 더원 2차 아파트)"
신촌 다원교실,"경남 창원시 성산구 신촌로 101 (신촌동, 양곡상가아파트)"
안홍구 영재 논술,충남 아산시 배방읍 공수리 640
제천현대아이파크교실,"충북 제천시 용두대로15길 38 (하소동, 현대아파트)"
두진하트리움교실,"충북 청주시 흥덕구 덕암로30번길 19 (봉명동, 두진하트리움아파트)"
명쾌한 e,"충남 천안시 서북구 봉서산1길 41 (쌍용동, 농협)"
최상위학원,"세종특별자치시 새롬중앙로 34 (새롬동, 크리스마스빌딩)"
한양수자인,"인천 중구 하늘별빛로 111 (중산동, 스카이시티자이)"
오산새벽날개교실,"경기 오산시 한신대길 117 (양산동, 중앙메티칼의원)"
해울 독서논술,충남 천안시 서북구 백석동 984
김해 한림풀에버교실,"경남 김해시 율하3로 100 (관동동, 죽림마을 한림풀에버7단지아파트)"
솔샘꿈쟁이교실,"강원 원주시 시청로 88 (무실동, 무실주공4단지아파트)"
자이해법독서논술,"충남 아산시 배방읍 호서로 460 (갈매리, 배방자이1차아파트)"
아름다운교실,경기 화성시 동탄신리천로 268 (오산동)
브레인,"강원 동해시 임항로 52 (부곡동, 무릉체육관)"
해법말글독서논술,대구 수성구 지산동 1064-7
글담해법독서교실,서울 송파구 석촌동 265
정다운독서토론논술,광주 북구 첨단연신로107번길 21 (신용동)
파모스라움 해법독서,"충북 청주시 상당구 수영로 180 (영운동, 파모스라움)"
용암해법독서논술교실,"충북 청주시 상당구 월평로 161 (용암동, 건영아파트)"
미아한일교실,"서울 강북구 오패산로60길 21 (미아동, 한일아파트)"
석관그랑빌교실,"서울 성북구 한천로72길 24-8 (석관동, 한솔그랑빌)"
화성병점교실,"경기 화성시 병점서로 8 (병점동, 남수원두산아파트)"
석동그린빌교실,"경남 창원시 진해구 석동로 60 (석동, 벚꽃그린빌 주공3단지)"
평택안중건영교실,"경기 평택시 안중읍 안현로서9길 164-9 (현화리, 이화마을 건영캐스빌)"
김정은국어논술교실,광주 남구 봉선동 550-9
'생각의 숲' 해법독서,충남 아산시 용화동 1394
동투호투교실,"경기 화성시 동탄대로시범길 122 (청계동, 시범호반베르디움)"
한라 국어 논술교실,"충북 청주시 청원구 오창읍 오창중앙로 94 (각리, 한라비발디아파트)"
윤명상 국어논술학원,대전 유성구 반석동 638-8
두정 해법독서논술,"충남 천안시 서북구 봉정로 365 (두정동, 대우1차아파트)"
서강 해법독서논술,충남 아산시 둔포면 둔포로38번길 3 (둔포리)
김쌤해법독서논술,"충남 계룡시 장안1길 9 (금암동, 신성미소지움1차아파트)"
번동한양교실,"서울 강북구 한천로109길 69 (번동, 한양아파트)"
초월도곡,경기 광주시 초월읍 도곡길 22 (쌍동리)
초월도평,"경기 광주시 초월읍 현산로 82 (도평리, 동희빌딩)"
한명화독서논술,광주 동구 산수동 536-19
기흥청덕교실,경기 용인시 기흥구 청덕동 491-19
홍천미담교실,강원 홍천군 홍천읍 마지기로 30 (희망리)
대원공부방,"충북 청주시 청원구 율량로 103 (주성동, 대원칸타빌1단지아파트)"
대명글수레,대구 남구 대명동 1641-17
한빛누마루교실,"경기 파주시 한빛로 70 (야당동, 한빛마을5단지 캐슬&칸타빌)"
칠곡 SDL,대구 북구 동천로24길 5 (동천동)
감지영 해법독서논술,"충남 천안시 서북구 불당4로 39-35 (불당동, 영재바둑교실)"
맨투맨여주,"경기 여주시 세종로 204-5 (교동, 한마음학원)"
김해 어방교실,"경남 김해시 인제로 167 (어방동, 대우유토피아아파트)"
화도뜨레빌,경기 남양주시 화도읍 묵현리 575-4
김경미논술국어,서울 노원구 월계동 435-10
김제 검산교실,전북 김제시 동서로 300 (신풍동)
한나샘국어교습소,경기 광주시 송정로 64 (탄벌동)
감천유림1,"부산 사하구 감천로 24 (감천동, 유림1차아파트)"
삼성5차교실,"경기 용인시 수지구 진산로 90 (풍덕천동, 진산마을삼성래미안5차아파트)"
천진교실,경남 함안군 칠북면 검단2길 21 (검단리)
비손해법독서논술,충남 천안시 서북구 한들3로 78-23 (백석동)
다온세실교실,"충북 청주시 서원구 쌍샘로107번길 12 (모충동, 금호타운아파트)"
생각이 자라는 교실,"경북 경산시 남매로6길 7 (상방동, 상방주공아파트)"
죽동,대전 유성구 죽동 695-4
쉐마학원,"경기 안양시 동안구 호성로 49 (호계동, 두성상가)"
빛글,"충남 천안시 서북구 불당11로 68 (불당동, 한성아파트)"
한양수자인,경기 수원시 권선구 호매실동 1342
지우국어논술교실,"경기 용인시 기흥구 죽전로 52 (보정동, 훼미리프라자)"
화성논술과코칭교실,"경기 화성시 향남읍 상신하길로274번길 21 (하길리, 서봉마을 사랑으로부영7단지아파트)"
생각술술 해법독서논,"충북 보은군 보은읍 교사삼산1길 17 (삼산리, 동한빌딩)"
글빛국어논술,"경기 성남시 분당구 장미로 101 (야탑동, 장미마을)"
솔샘세영교실,"강원 원주시 무실로 382 (무실동, 세영리첼아파트)"
남경화,"서울 구로구 경인로47다길 34-7 (고척동, 우성꿈동산아파트)"
한라교실,"경기 군포시 번영로 328 (산본동, 한라2차아파트)"
책과 글,경북 안동시 정하동 300-1
생각키움동학교실,"경기 화성시 영통로27번길 14-17 (반월동, 신영통 현대타운)"
신안2학이시습교실,"경기 화성시 동탄청계로 303-13 (청계동, 신안인스빌 리베라 2차)"
에스엠,대구 동구 화랑로 417 (방촌동)
해법독서논술중앙교습,"경기 안산시 단원구 예술대학로 82 (고잔동, 중앙시장)"
파이데이아,"경기 시흥시 역전로 375-10 (정왕동, 화성아파트 상가동)"
선부한양,"경기 안산시 단원구 선부로 166 (선부동, 공작한양아파트)"
생각톡톡 논술교실,"부산 해운대구 반여로 83 (반여동, 센텀롯데캐슬3차아파트)"
내수 삼일 해법 독서논술,"충북 청주시 청원구 내수읍 내수로 639 (내수리, 삼일아파트)"
명지창의사고논술,부산 사상구 사상로181번길 36-8 (괘법동)
생각자람나무,"부산 해운대구 마린시티3로 1 (우동, 썬프라자)"
별밭교실,"부산 연제구 중앙대로1226번길 30 (거제동, 태경썬-싸인 아파트)"
온수남부,"서울 구로구 경인로3길 97 (온수동, 대흥빌라)"
대림 만점쌤,"인천 부평구 부영로 196 (부평동, 대림아파트)"
신부동아,"충남 천안시 동남구 터미널9길 13 (신부동, 동아아파트)"
옥포,"대구 달서구 조암남로32길 13 (유천동, 월배쌍용예가아파트)"
용용쌤의 역사교실,"부산 남구 유엔로 161 (대연동, 청자아파트)"
해법방이교실,"서울 송파구 위례성대로14길 11 (방이동, 옥산크리스탈아파트)"
글사임당,경북 상주시 상산로 203 (남성동)
SGC,서울 금천구 독산동 1052-2
월배e편안세상,대구 달서구 월성동 1300
지혜자람자이교실,"경남 거제시 해명로 52 (수월동, 거제자이)"
자이교실,"경기 안양시 동안구 동안로 11 (호계동, 무궁화코오롱,건영아파트)"
양주 해동마을교실,경기 양주시 광사동 676-1
신길논술,"경기 시흥시 정왕대로117번길 31 (정왕동, 주공3단지아파트)"
마곡아람,"서울 강서구 수명로 76 (내발산동, 서울메디스테이트빌딩)"
황금사과통합논술,"대구 수성구 청수로 213 (황금동, 캐슬골드파크1단지)"
동두천 지행교실,"경기 동두천시 중앙로 116 (지행동, 두손프라자)"
글숲국어논술,"서울 노원구 중계로12길 24 (중계동, 금호아파트)"
간서치해법독서논술,"충북 음성군 맹동면 장성1길 9 (동성리, 충북혁신도시 영무예다음3차)"
말글샘교실,"충남 서산시 고운로 275-5 (동문동, 동문프라자)"
강남학원,충남 당진시 무수동6길 7-22 (읍내동)
관양교실,"경기 안양시 동안구 관평로 338 (관양동, 아리랑타워아파트)"
해법오디세이논술교실,서울 서대문구 홍은동 397-31
이천신하,경기 이천시 부발읍 경충대로 2236 (신하리)
개봉,서울 구로구 개봉로16길 31 (개봉동)
백마삼성교실,"경기 고양시 일산동구 일산로 241 (마두동, 백마마을1단지아파트)"
유가 진아,"대구 달성군 유가면 테크노대로5길 79 (봉리, 대구테크노폴리스진아리채아파트)"
해법독서논술 은빛초,"서울 은평구 진관3로 70 (진관동, 은평뉴타운상림마을)"
효자서곡교실,전북 전주시 완산구 효자동3가 1458-5
여주아인스,"경기 여주시 세종로45번길 38 (홍문동, 모범빌딩)"
라온논술,서울 광진구 구의동 212-3
해법하이스토리논술,서울 종로구 옥인동 104
북스 테이크 해법독서,경기 안산시 상록구 샘골로 126 (본오동)
코아루,"경북 구미시 봉곡북로7길 25 (봉곡동, 구미 봉곡 코아루)"
도청유쌤교실,경북 안동시 풍천면 풍요4길 24-6 (갈전리)
합천읍교실,경남 합천군 합천읍 대야로 880-4 (합천리)
진동 해법독서논술교,"경남 창원시 마산합포구 진동면 진북산업로 58 (진동리, 한일유앤아이아파트)"
태전맨투맨,경기 광주시 고불로 58-5 (중대동)
장기더원교실,"경기 김포시 김포한강2로 178 (장기동, 고창마을 이지더원)"
배방푸르지오1차,"충남 아산시 배방읍 배방로105번길 31 (공수리, 대우 푸르지오 아파트)"
교방벽산교실,"경남 창원시 마산합포구 동서북4길 10 (서성동, 동서프라임)"
에코르교실,"전북 익산시 배산로 93 (모현동1가, 익산배산에코르아파트)"
아카테미아논술,경기 수원시 권선구 곡반정동 613-1
동탄2연세교실,경기 화성시 동탄대로시범길 148-20 (청계동)
해법독서논술 이화캠퍼스,"서울 서대문구 이화여대8길 62 (북아현동, 두산아파트)"
송수학학원,경기 구리시 수택동 273-4
써니의 스토리텔링 하,"경북 구미시 형곡로 73 (형곡동, 우방3차아파트)"
영종해법교실,"인천 중구 신도시남로 15 (운서동, 금호베스트빌)"
하양교실,경북 경산시 하양읍 대경로147길 22 (금락리)
해냄교실,경기 고양시 일산서구 탄현동 1582
생각뿌리교실,"서울 관악구 신림로3가길 7 (신림동, 신림2차금호타운아파트)"
K아카데미,제주특별자치도 제주시 중앙로 172 (이도1동)
모라 해법사고력,부산 사상구 모라로 28-9 (모라동)
이레 교실,"충북 청주시 서원구 분평로 18 (분평동, 분평주공7단지아파트)"
상도교실,"경북 포항시 남구 상도남로 25 (상도동, 포항 상도 코아루 센트럴 하임)"
유가 페르마교실,대구 달성군 유가면 테크노중앙대로 326-34 (봉리)
수내샛별,"경기 성남시 분당구 수내로 181 (분당동, 샛별마을우방아파트)"
목양마을교실,"세종특별자치시 시청대로 236 (소담동, 새샘마을3단지)"
상계주공3단지교실,"서울 노원구 동일로215길 48 (상계동, 상계주공3단지아파트)"
동구중교실,경기 구리시 인창동 469-1
투샘해법논술교실,충북 청주시 서원구 구룡산로326번길 44 (수곡동)
당진힐스테이트,충남 태안군 태안읍 동백로 284 (남문리)
제이앤에스,경기 남양주시 도농동 295-15
운정교실,"경기 파주시 가람로 2 (와동동, 센타프라자)"
매화교실,경기 성남시 수정구 위례서일로1길 21-14 (창곡동)
즐거운해법독서논술,"대전 동구 대전로542번길 78 (천동, 휴먼시아1단지아파트)"
백쌤논술길라잡이교실,"인천 연수구 해돋이로6번길 7 (송도동, 아이파크송도)"
YB엘리트,경기 의정부시 금오동 343-2
봉쌤교실,경북 구미시 도봉로3길 3-13 (봉곡동)
벽산교실,서울 강북구 미아동 1354-5
해법키움논술교실,"세종특별자치시 국책연구원1로 15 (소담동, 새샘마을9단지)"
베스트클래스153,경기 이천시 송정동 314-7
반지 까치 교실,"경남 창원시 성산구 창원천로 294 (반지동, 대동아파트)"
한빛 독서 논술,"충남 천안시 동남구 용곡2길 43-11 (용곡동, 용곡한라비발디아파트)"
한라 해법독서논술,"충남 아산시 배방읍 배방로 131 (공수리, 한라비발디아파트)"
동해 평릉코아루,"강원 동해시 평원로 100 (평릉동, 코아루디오션)"
파라곤,"대전 중구 유등천동로 428 (태평동, 파라곤아파트)"
구미 우방 신천지,경북 칠곡군 석적읍 남율리 710
태백 수와글 교실,강원 태백시 연립길 16 (황지동)
대원칸타빌2차 해법독,"충북 청주시 청원구 율량로 77 (주중동, 대원칸타빌2차아파트)"
김재영 국어,제주특별자치도 제주시 남광로2길 17-6 (이도2동)
무전해법독서논술,"경남 통영시 무전6길 14-12 (무전동, 주영에이스빌1차)"
옥포이편한,경남 거제시 성산로 33 (옥포동)
세종청어람학원,세종특별자치시 부강면 부강로 33 (부강리)
옥길 호반,"경기 부천시 범안로 220 (옥길동, 옥길호반베르디움)"
혜윰,대구 북구 복현로 179 (복현동)
오륙도 교실,"부산 남구 오륙도로 85 (용호동, 오륙도 에스케이뷰 아파트)"
EM 해법교실,서울 동대문구 전농로3길 12 (답십리동)
동대문꿈틀교실,"서울 동대문구 한천로33길 11 (답십리동, 래미안엘파인아파트)"
달천 그린카운티 교실,울산 북구 달천동 107
한화꿈에그린교실,"경기 화성시 동탄대로시범길 20 (청계동, 동탄역 시범한화 꿈에그린 프레스티지)"
직산명문해법독서논술,충남 천안시 서북구 직산읍 자은가리1길 55 (자은가리)
구성미소지움,"충남 천안시 동남구 천안대로 483-8 (구성동, 신성미소지움아파트)"
이도국어논술,제주특별자치도 제주시 남광로2길 17-5 (이도이동)
장천 그루터기 교실,"경남 창원시 진해구 행암로 25 (장천동, 진해 장천 대동 다:숲아파트)"
수학사랑학원,경기 용인시 기흥구 구갈동 352-1
하랑공부방,"광주 북구 설죽로389번길 70 (삼각동, 삼각동 그린타운 아파트)"
유노아이생각하는논술,광주 북구 풍향동 646
김주희국어교실,"경기 성남시 분당구 돌마로356번길 3 (수내동, 그랜드빌딩)"
울산 남창서희교실,울산 울주군 온양읍 발리 499-23
점프스쿨교실,광주 남구 양림동 242
복덩이교실,"충북 청주시 흥덕구 서현북로 15 (가경동, 가경이-편한세상)"
김진희해법독서논술,"경기 파주시 동패로 100 (동패동, 한울마을 3단지)"
내동교실,대전 서구 내동 10-14
죽전진흥교실,"경기 용인시 수지구 죽전로254번길 29 (죽전동, 내대지마을 진흥더블파크)"
책읽는 다락방,"대전 중구 태평로 35 (태평동, 버드내마을아파트2단지)"
압구정양쌤해법논술,"서울 강남구 압구정로33길 48 (압구정동, 압구정동주민센터)"
국화,"대전 서구 둔산로 201 (둔산동, 국화아파트)"
처인둔전교실,경기 용인시 처인구 포곡읍 둔전리 150-1
해법윤수학교실,"충남 천안시 동남구 일봉로 87-4 (용곡동, 나현빌딩)"
해법독서논술녹번교실,서울 은평구 통일로 625-7 (녹번동)
금호2차해법교실,"인천 남구 매소홀로 68 (용현동, 용현2단지금호타운)"
다담독서논술,"제주특별자치도 제주시 월광로 26 (노형동, 노형다담빌리지1차)"
인창건영교실,경기 구리시 인창동 474
꿈에그린 교실,"부산 해운대구 반여로 67 (반여동, 해운대메가센텀한화꿈에그린아파트)"
제니해법영어학원,"충북 옥천군 옥천읍 삼양로7길 9-19 (삼양리, 소매점)"
연세제일학원,"대전 유성구 노은로 166 (지족동, 계룡프라자)"
금릉교실,"경기 파주시 후곡로 50 (금촌동, 후곡마을뜨란채)"
성균관교육원,"대전 유성구 노은서로142번길 24 (지족동, 아이캔킨더)"
원일안혜영교실,경기 구리시 인창동 651-27
윤쌤수학&독서논술,경기 여주시 여흥로105번길 25 (창동)
당진 이지 교실,충남 당진시 송악읍 송악로 6-7 (가학리)
해법키움독서논술,"인천 계양구 효서로 385 (작전동, 현대2차아파트)"
영주2동교실,경북 영주시 구성로 321 (영주동)
가재울독서논술교실,서울 서대문구 북가좌동 449
SK2차 일등급교실,"경기 화성시 동탄지성로 256 (기산동, 에스케이뷰파크2차)"
백석현대,"충남 천안시 서북구 백석3로 130 (백석동, 현대빌딩)"
아름 독서논술,"충남 천안시 서북구 불당21로 40 (불당동, 천안불당 호반써밋플레이스)"
미아청수교실,"서울 강북구 삼양로54라길 25 (미아동, 청수빌라)"
구남현대해법,"부산 북구 백양대로 1003 (구포동, 현대아파트)"
하지혜국어논술,"서울 서초구 신반포로 157 (잠원동, 반포쇼핑타운)"
베스트홈스쿨,"경기 군포시 번영로550번길 6 (금정동, 무궁화아파트)"
생연2동 김은주교실,"경기 동두천시 생연로 72 (생연동, 부영아파트)"
동탄2 꿈자람,"경기 화성시 동탄순환대로10길 88 (산척동, 레이크힐 반도유보라 아이비파크 10.2)"
호원동 바이스토리교,경기 의정부시 평화로 220 (호원동)
"정왕해법논술,셀파중","경기 시흥시 정왕신길로49번길 7 (정왕동, 고합아파트)"
하브루타교실,"강원 원주시 포란재로 36 (태장동, 금광포란재아파트1단지)"
사천용강현대,"경남 사천시 주공로 64 (용강동, 용강현대아파트)"
이유리,"경기 양주시 화합로1325번길 22-33 (덕정동, 양주서희스타힐스2단지)"
풀리페 교실,"부산 기장군 정관읍 정관5로 144 (용수리, 정관 풀리페)"
책과노니는집,"대전 서구 청사로 70 (월평동, 누리아파트)"
도안교실,"대전 유성구 상대남로 26 (상대동, 도안신도시9블록 트리풀시티아파트)"
참솔 ,"충남 천안시 서북구 서부19길 20 (성정동, 태양속셈학원)"
현대성우교실,"경기 이천시 부발읍 경충대로2092번길 39-50 (아미리, 현대성우2단지아파트)"
장미아점프교실,광주 북구 본촌동 3078
배곧 해법독서논술 셀,"경기 시흥시 배곧1로 27-15 (정왕동, 한라비발디캠퍼스1차)"
문성자이교실,"경북 구미시 고아읍 문성로 20 (문성리, 문성파크자이)"
풍암부영교실,광주 서구 풍암동 830
해솔연리지교실,"경기 파주시 해솔로 20 (목동동, 해솔마을4단지 벽산우남연리지)"
여우래,"경기 수원시 장안구 장안로 200 (정자동, 동신아파트)"
당하4차교실,"인천 서구 청마로 92 (당하동, 검단 힐스테이트 4차)"
숭신교실,서울 성동구 하왕십리동 1066
영양교실,"경북 영양군 영양읍 군청길 5-8 (서부리, 율호재)"
연성해법 한양1차,"인천 연수구 원인재로 124 (동춘동, 한양1차아파트)"
마음의부자교실,"울산 남구 대공원입구로21번길 50 (옥동, 우진빌라)"
증포대우교실,"경기 이천시 이섭대천로1407번길 38 (증포동, 증포동대우2차아파트)"
강북이진캐스빌교실,"대구 북구 칠곡중앙대로51길 50 (태전동, 강북 이진캐스빌)"
양산 현대교실,"경남 양산시 양주로 94 (남부동, 양산신도시아파트청어람)"
민락 한라교실,"경기 의정부시 오목로 73 (민락동, 한라비발디아파트)"
평내대주1차교실,"경기 남양주시 평내로 113 (평내동, 대주1차아파트)"
첫마을교실,"세종특별자치시 누리로 27 (한솔동, 첫마을6단지)"
북변신일,"경기 김포시 김포대로926번길 88-27 (북변동, 풍년마을신일아파트)"
대화마을교실,"경기 고양시 일산서구 대화2로 102 (대화동, 대화타운)"
사천향촌,"경남 사천시 향촌2길 15-31 (향촌동, 경상향촌마을)"
불당지웰시티 엘리트,"충남 천안시 서북구 불당26로 80 (불당동, 천안불당지웰시티푸르지오1단지)"
대성독서논술학원,"충북 청주시 서원구 창직로 50 (사직동, 청주푸르지오캐슬4단지)"
일등급 국어논술,"서울 도봉구 마들로 624 (방학동, 대상타운현대아파트)"
백석 호반,"충남 천안시 서북구 백석2길 12 (백석동, 호반리젠시빌아파트)"
남세종,"세종특별자치시 남세종로 462 (보람동, 위너스타워)"
샘머리1단지해법독서,"대전 서구 문예로 174 (둔산동, 샘머리아파트)"
클라비어음악학원,서울 중랑구 망우로72길 42 (망우동)
위례해법독서교실,"서울 송파구 위례광장로 188 (장지동, 아이온스퀘어)"
이천사동교실,경기 이천시 대월면 사동리 311-8
동아에코빌교실,"경기 의왕시 흥안대로456번길 111 (포일동, 동아에코빌아파트)"
서초서이해법논술,"서울 서초구 사임당로 130 (서초동, 신동아아파트)"
ybm시사교실,"경기 김포시 걸포로 6 (걸포동, 케이탑리츠 김포빌딩)"
김지수국어논술,광주 남구 주월동 467-2
일취월장 독서논술,충남 아산시 어의정로 184 (풍기동)
상월곡카이로스교실,서울 성북구 상월곡동 101
평택럭키덕동교실,"경기 평택시 평택4로 124 (비전동, 엘지덕동아파트)"
서종교실,경기 양평군 서종면 중미산로 5 (문호리)
깊은공부,"서울 서초구 고무래로 90-7 (서초동, 서초쇼핑)"
해법독서논술 은명초,서울 은평구 응암동 115-27
동탄2 생각나무교실,"경기 화성시 동탄기흥로 479-12 (오산동, 동탄역 반도유보라 아이비파크6.0)"
일취월장국어논술교실,광주 북구 매곡동 189
과천4단지교실,"경기 과천시 별양로 12 (원문동, 래미안 슈르)"
도곡초우등생,경기 광주시 초월읍 쌍동리 390
개신 예일 수학 교습소,충북 청주시 서원구 신율로 15 (개신동)
감계초 교실,"경남 창원시 의창구 북면 감계로 233 (감계리, 창원 감계 힐스테이트 4차)"
새인논술교실,"강원 원주시 백간길 75 (단계동, 장미아파트)"
구동글방교실,경기 안양시 만안구 병목안로130번길 17 (안양동)
사고뭉치논술,"경기 의정부시 오목로 1 (용현동, 현대2차아파트)"
상도신쌤,"서울 동작구 만양로 12 (상도동, 은혜빌딩)"
새롬동교실,"세종특별자치시 새롬중앙로 19 (새롬동, 새뜸마을5단지)"
에스더,충남 논산시 연무읍 연무로 211-5 (동산리)
계양태산,"인천 계양구 오조산로62번길 10 (계산동, 은행마을태산아파트)"
덕정주공1단지교실,"경기 양주시 화합로1426번길 39 (덕정동, 은동마을주공1단지아파트)"
국어대표학원,경기 수원시 영통구 영통동 1038-4
구서롯데교실,"부산 금정구 금강로 502 (구서동, 롯데캐슬골드1단지)"
동일스위트 해법교실,"부산 기장군 정관읍 정관4로 24 (용수리, 정관동일스위트1차)"
애플논술교실,"경기 수원시 권선구 금곡로31번길 7 (금곡동, 금곡엘지아파트)"
서원주초교실,강원 원주시 남원로469번길 25-12 (명륜동)
생각이 자라는 나무,"서울 노원구 섬밭로 139 (공릉동, 공릉풍림아파트)"
성미연국어논술,경기 화성시 반송동 86-1
사능한신2차교실,"경기 남양주시 진건읍 진건오남로86번길 11 (용정리, 한신그린아파트)"
수유동 마틴,"서울 강북구 한천로 1102 (수유동, 성일빌딩)"
명진학원,"서울 성동구 한림말길 31 (옥수동, 옥수삼성아파트 상가)"
생각하는 나무,"세종특별자치시 새롬북로 13 (새롬동, 새뜸마을4단지)"
삼성쉐르빌,"충남 천안시 동남구 일봉로 110 (용곡동, 삼성쉐르빌아파트)"
형곡교실,경북 구미시 형곡동로 37 (형곡동)
감돌역사교실,"경기 안산시 상록구 해양1로 30 (사동, 안산고잔7차푸르지오)"
성현반도교실,"경기 용인시 수지구 죽전로193번길 35 (죽전동, 성현마을반도유보라)"
김해 더원학원,경남 김해시 관동로27번길 99 (관동동)
신방성지 해법독서논술,"충남 천안시 동남구 일봉로 20 (신방동, 성지새말아파트)"
당산리더스해법,서울 영등포구 당산동 121-12
가좌마을교실,"경기 고양시 일산서구 가좌3로 43 (가좌동, 가좌마을2단지)"
리드인독서논술교실,"경기 용인시 기흥구 동백중앙로 283 (중동, 골드프라자)"
손쌤생각플러스,강원 원주시 단관길 194 (관설동)
해법생각키움교실,서울 서대문구 북가좌동 371-1
정성입시학원,충남 태안군 태안읍 샘골로 78 (동문리)
서산동문,"충남 서산시 대사동12로 19 (동문동, 평화아파트)"
라임나무독서논술,"충남 서산시 고운로 276 (동문동, 서산 동문동 한라비발디)"
강릉 마이쌤,"강원 강릉시 성덕포남로 39 (입암동, 입암6주공아파트)"
미라클논술교실,서울 성북구 길음동 1170-19
유가하나리움,"대구 달성군 유가면 테크노북로 164 (봉리, 하나리움퀸즈파크)"
논쌤교실,전북 군산시 미장동 536-10
닥터스피드백학원,"대전 서구 청사로 65 (월평동, 황실타운)"
죽현아이파크교실,"경기 용인시 기흥구 보정로 87 (보정동, 죽현마을 아이파크)"
삼화홈스쿨,"전북 정읍시 수성1로 7 (농소동, 삼화타운 아파트)"
한빛교실,대전 유성구 어은동 99
대치학원,서울 마포구 굴레방로 27 (아현동)
무지개교실,부산 해운대구 우동3로 94 (우동)
광장현대10차,서울 광진구 광장동 577
운양화성,"경기 김포시 김포한강11로 38 (운양동, 모담마을 한강 화성파크드림)"
"수,좌학원국어논술",서울 광진구 구의동 202-2
다산e편한교실,경기 남양주시 지금동 646-1
풍암우미,광주 서구 금화로 206 (풍암동)
와이즈교실,대구 북구 칠곡중앙대로86길 30 (읍내동)
김해제이논술교실,경남 김해시 평전로 142-1 (내동)
호반생각토론,광주 광산구 수완동 668-1
세종 중앙 학원,"세종특별자치시 한누리대로 157 (나성동, 금강프라자)"
해법TOP학원,"경기 파주시 송화로 13 (아동동, 팜스프링아파트)"
푸른나래교실,경기 고양시 덕양구 원흥동 717
12단지 한양교실,"경기 군포시 산본로432번길 22 (산본동, 한양목련아파트분산상가)"
구영교실,울산 울주군 범서읍 점촌1길 18-18 (구영리)
봄봄교실,"대전 서구 도산로253번길 75 (내동, 내동탑스빌아파트)"
왜관 지담스터디교실,"경북 칠곡군 석적읍 석적로 905 (남율리, 한솔솔파크강변아파트)"
월성 월드메르디앙,"대구 달서구 조암로6길 19 (월성동, 월성월드메르디앙)"
원주 현명교실,강원 원주시 단계동 811-7
평리은율교실,대구 서구 통학로 147-1 (평리동)
홍샘국어,"경기 시흥시 배곧1로 27-16 (정왕동, 한라비발디캠퍼스2차)"
이지3단지 독서논술,"충남 아산시 둔포면 아산밸리중앙로 47 (석곡리, 아산테크노벨리이지더원3단지아파트)"
김해 율하서희논술교,"경남 김해시 관동로27번길 95 (관동동, 김해 율하 서희스타힐스)"
씨드학원,"경기 광명시 양달로 7 (일직동, 광명역푸르지오)"
송도 리딩엠,인천 연수구 송도동 20-18
아이북논술,경기 성남시 분당구 운중동 948
조이독서논술토론,"세종특별자치시 남세종로 358 (소담동, 새샘마을2단지)"
효성현대,"인천 계양구 새벌로133번길 4 (효성동, 현대3차아파트)"
아이누리논술교실,서울 마포구 새창로4라길 3 (도화동)
당진송산,"충남 당진시 송산면 유곡로 20 (유곡리, 당진엠코타운)"
생각이 자라는 교실,충남 부여군 규암면 반산리 81-7
화성교실,부산 남구 대연동 55-1
혜윰교실,경기 고양시 일산동구 산두로175번길 37 (정발산동)
자양 광양중교실,서울 광진구 자양동 678-24
광주역이편한교실,"경기 광주시 순암로36번길 87 (역동, 이편한세상 광주역 3단지)"
오이도 해법독서논술,경기 시흥시 옥터로36번길 10 (정왕동)
우리,"대전 중구 목중로 50 (중촌동, 중촌동제일프라자)"
작전 성지학원교실,"인천 계양구 주부토로472번길 17 (계산동, 흥인아이젠아파트)"
현대타운2단지교실,"경기 화성시 영통로27번길 53 (반월동, 신영통 현대타운)"
송썜해법독서논술,경기 수원시 장안구 조원동 883
대우해법논술,"인천 부평구 원적로 361 (산곡동, 한화아파트)"
우면창의융합과학,"서울 서초구 양재대로2길 90 (우면동, 서초힐스)"
구성초교실,"경기 용인시 기흥구 구성로39번길 3 (마북동, 리딩프라자)"
원메이저 힐스테이트,"경남 김해시 율하5로 99 (장유동, 원메이저힐스테이트)"
이베스트도원학원,"서울 용산구 새창로 70 (도원동, 도원동삼성래미안)"
예천독서논술,"충남 서산시 석림4로 70 (석림동, 신일오피스텔)"
로뎀교실,"대구 북구 복현로 71 (복현동, 복현블루밍브라운스톤 명문세가아파트)"
브레인빅뱅교실,서울 은평구 대조동 223-15
구산명가은해법논술교실,서울 은평구 구산동 24-44
모전교실,"부산 기장군 정관읍 모전1길 9 (모전리, 정관동일스위트3차)"
책꿈터,대전 서구 둔산로 133 (둔산동)
책갈피독서논술,"대전 서구 둔산로 155 (둔산동, 크로바아파트)"
채움교실,경기 고양시 일산동구 장항동 742
앤즈스터디메이트학원,경남 양산시 중부동 708-4
동문 해법독서논술,충남 천안시 동남구 신부14길 17 (신부동)
호계초교실,"경기 안양시 동안구 경수대로707번길 39 (호계동, 신성호계미소지움아파트)"
한림풀에버,"경남 진주시 소호로 39 (충무공동, 한림 풀에버)"
임선생국어논술교실,"전북 군산시 수송로 257 (미장동, 금강빌딩)"
엑스포 교실,"대전 유성구 엑스포로 448 (전민동, 엑스포아파트)"
아이비독서논술,"제주특별자치도 서귀포시 흙담솔로 15 (서홍동, 소남슈퍼)"
새샘해법독서논술,"충남 천안시 동남구 통정9로 75 (신방동, 신방한라비발디아파트)"
책먹는 아이들,"경기 부천시 장말로 137 (상동, 사랑마을 청구아파트)"
강동해법독서,"서울 강동구 동남로79길 26 (고덕동, 고덕아이파크)"
하이탑학원,"경기 안양시 동안구 경수대로609번길 34 (호계동, 에이치에이치아이브라운빌3차 상가동)"
말글삶교실,서울 동대문구 제기동 148-44
동천우방논술,경북 경주시 동천동 681-1
관악타운교실,"경기 안양시 동안구 학의로 20 (비산동, 관악아파트)"
당감1번지,부산 부산진구 당감동 503-2
금왕해법논술교실,"충북 음성군 금왕읍 탑골길 20 (무극리, 음성두진백로아파트)"
내포책벌레,"충남 홍성군 홍북읍 청사로 36 (신경리, 승우빌딩)"
이지더원해법교실,광주 광산구 풍영로101번안길 19-12 (흑석동)
정명,서울 구로구 오류동 13-13
효성 책읽는아이 교실,"인천 계양구 안남로573번길 18 (효성동, 두산아파트)"
시지욱수교실,대구 수성구 신매동 592-8
해링턴 쩡쌤교실,"경기 평택시 소사3로 22 (소사동, 평택효성해링턴플레이스2단지아파트)"
장기청송교실,"경기 김포시 청송로 19 (장기동, 청송마을현대아파트)"
능원경지로즈타운,"경기 용인시 처인구 모현읍 충렬로8번길 23-10 (능원리, 경지로즈타운)"
필해법독서논술,서울 동작구 대방동 395-21
검단연세baum,"인천 서구 검단로 500 (마전동, 플러스빌딩)"
종암헤럴드교실,서울 성북구 종암동 3-1237
시지매동교실,대구 수성구 매호동 1327-10
한마음독서논술교실,"경기 의정부시 용민로 374 (낙양동, 민락노블랜드엔에이치에프)"
경성큰마을,"대전 서구 대덕대로 150 (갈마동, 큰마을아파트)"
I Love Books,경북 안동시 강남1길 105 (정하동)
혜화해법논술,광주 서구 풍암동 423-24
고암 조현화독서교실,"경기 양주시 고암길 354 (덕정동, 봉우마을주공5단지아파트)"
인창동원교실,"경기 구리시 동구릉로53번길 42 (인창동, 동원베네스트)"
동해 대동독서논술교,"강원 동해시 청운1길 29 (동회동, 대동,현대아파트)"
문경 이젠교실,"경북 문경시 여중1길 28 (모전동, 문경신원아침도시아파트)"
별내하우스토리교실,"경기 남양주시 송산로307번길 16 (별내동, 남양주 별내 남광하우스토리)"
민락푸르지오교실,"경기 의정부시 용현로105번길 11 (민락동, 이프라자)"
위 베스트 학원,부산 수영구 민락로34번길 62 (민락동)
성수캠퍼스,서울 성동구 성수동1가 95
도란도란공부방,"인천 남동구 만수서로 36 (만수동, 향촌휴먼시아2단지아파트)"
윤샘논술,"경기 안산시 단원구 광덕서로 19 (고잔동, 호수공원대림아파트)"
주은교실,"충북 청주시 서원구 1순환로1137번길 79 (분평동, 주은프레지던트아파트)"
책벌레숲 독서논술,"세종특별자치시 고운서길 14 (고운동, 금화빌딩)"
성북마하교실,"서울 성북구 월계로40길 7 (장위동, 센트럴타운)"
함안 자이교실,"경남 함안군 칠원읍 삼호길 181 (오곡리, 광려천 메트로자이)"
해법독서논술김현숙교,"서울 성북구 길음로 118 (길음동, 길음뉴타운)"
해법독서논술이건임교실,"서울 강북구 삼양로19길 113 (미아동, 삼각산아이원아파트)"
해법독서논술 김지연교실,"서울 강북구 솔샘로 174 (미아동, SK북한산시티아파트)"
해법독서논술박정임교실,"서울 강북구 솔샘로 174 (미아동, SK북한산시티아파트)"
창의력 발전소&주인공,"경기 김포시 김포한강2로 92 (장기동, 가현프라자)"
영화,"서울 구로구 경인로40길 11 (개봉동, 영화아파트)"
한숲바롬,"경기 용인시 처인구 남사면 한숲로 84 (완장리, e편한세상 용인 한숲시티)"
뿌리샘의 생각나무,경기 의정부시 호원동 452-2
꿈꾸는 해법독서논술,"대전 서구 만년로 25 (만년동, 강변아파트)"
트리지움 해법 교실,"서울 송파구 석촌호수로 61 (잠실동, 트리지움)"
다정 한결 교실,"세종특별자치시 다정북로 109 (다정동, 가온마을3단지)"
한빛롯데캐슬파크타운,"경기 파주시 와석순환로 16 (야당동, 롯데캐슬파크타운)"
라원 해법독서논술교,대구 수성구 수성로 149 (중동)
반도유보라아이파크,"대구 달성군 구지면 과학마을로3길 14 (응암리, 대구국가산단 반도유보라 아이비파크)"
라별교실,"경북 구미시 상모로10길 21-13 (상모동, 삼학빌라2차)"
백운학원교실,서울 도봉구 삼양로146길 10 (쌍문동)
신원교실,서울 도봉구 쌍문동 723
녹양 홍명숙해법독서,경기 의정부시 녹양동 80
행복아이교실,"강원 원주시 지정면 가곡로 120 (가곡리, 원주 호반 베르디움)"
노효숙독서논술,"광주 남구 노대실로 33 (노대동, 송화마을휴먼시아)"
수에듀,"광주 남구 효우로 332-11 (행암동, 효천2지구 중흥S-클래스 아파트)"
이안서가 논술학원,"인천 서구 청라루비로 93 (청라동, 루비타워)"
오산대원초교실,"경기 오산시 오산로50번길 31 (갈곶동, 통문장영어)"
네모논술,"경기 부천시 부흥로 102 (상동, 한아름마을 한국아파트)"
상상논술교실,"서울 강북구 삼양로19길 25 (미아동, 삼성래미안트리베라1차아파트)"
이룸입시논술교실,"경남 양산시 물금읍 백호로 96 (가촌리, 미소프라자)"
뉴턴과학교습소,전남 순천시 왕지로 65 (왕지동)
이선영해법독서교실,경기 양주시 고읍동 455
계양작전,"인천 계양구 도두리로 46 (작전동, 도두리마을동보아파트)"
생각나무교실,"경기 의왕시 갈미로 5 (내손동, 대원칸타빌1단지 상가)"
책과함께교실,"경기 파주시 한빛로 67 (야당동, 한빛마을2단지휴먼빌레이크팰리스)"
동산 반월,"전북 전주시 덕진구 혁신로 655 (여의동, 여의동 영무예다음)"
권영주독서논술교실,"인천 연수구 먼우금로 19 (동춘동, 동남아파트)"
sk해법독서논술,"경기 수원시 장안구 이목로 24 (정자동, 수원에스케이스카이뷰아파트)"
배봉초교실,"서울 동대문구 한천로41길 16-2 (전농동, 전농동다세대)"
베리타스학원,서울 은평구 증산동 209-26
건영3차교실,"서울 노원구 노원로22길 71 (중계동, 건영3차아파트)"
이은영독서논술,"광주 북구 매곡로 90 (매곡동, 매곡동 아남아파트)"
밀양 리베리움,"경남 밀양시 미리벌중앙로3길 46 (삼문동, 삼문동 지엘리베라움)"
양산물금주공5단지교,"경남 양산시 물금읍 새실로 54 (가촌리, 양산신도시엘에이치아파트5단지)"
황세희  해법논술교실,"광주 서구 풍암순환로 68 (풍암동, 현대아파트)"
바우밥스토리,"부산 기장군 정관읍 방곡3로 11 (방곡리, 서희스타힐스)"
대방해법논술,서울 동작구 여의대방로44길 49 (대방동)
소크라테스독서논술,"경기 시흥시 중심상가로 349 (정왕동, 시화유천아파트)"
광주오포교실,경기 광주시 오포읍 수레실길 5 (능평리)
써니 셀파학원,"전남 광양시 사동로 139 (중동, 광양써니밸리아파트)"
영주하망교실,"경북 영주시 번영로102번길 37 (하망동, 우현3차)"
보리소리 독서논술,서울 영등포구 도신로29길 10 (도림동)
민백교실,"경기 안양시 동안구 귀인로 294 (평촌동, 꿈마을건영아파트)"
라엘,서울 금천구 시흥동 936-7
청라 2단지 글숲,인천 서구 청라에메랄드로133번길 14 (청라동)
청라 4단지 가온누리,인천 서구 청라커낼로233번길 7 (청라동)
김포 구래동 마중물 ,"경기 김포시 김포한강4로420번길 19 (구래동, 호반베르디움 더 레이크 5차)"
이룸국어논술,"경남 김해시 분성로 155 (외동, 한국2차아파트)"
동탄에듀벨리교실,"경기 화성시 동탄대로24길 199 (영천동, 동탄 에듀밸리 사랑으로 부영아파트)"
풍기,"충남 아산시 남부로 321-8 (풍기동, 아산아이파크)"
브레인매쓰원당,"충남 당진시 밤절로 42-77 (원당동, 투다리)"
브레인매쓰신평,"충남 당진시 신평면 솔안말길 21 (거산리, 당진 신평 풍림아이원)"
가경비발디,"충북 청주시 흥덕구 서현서로 40 (가경동, 가경한라비발디아파트)"
금정 쌍용교실,경기 군포시 금정동 704
하이엔드신장교실,경기 하남시 하남대로802번길 11 (신장동)
범지기 8단지,"세종특별자치시 달빛로 165 (아름동, 범지기마을 8단지)"
탑스터디아카데미,전남 목포시 신흥로83번길 3 (옥암동)
윤상혁논술교실,광주 서구 풍암동 608-2
중흥교실,"충북 청주시 상당구 단재로 312 (방서동, 방서중흥에스클래스)"
모종 한성2차,"충남 아산시 모종로 22 (모종동, 모종2차한성필하우스)"
교하교실,"경기 파주시 청석로 256 (동패동, 교하일번가빌딩)"
청라1교시 국어학원,"인천 서구 보석로 41 (경서동, 청명프라자2)"
신보람해법독서교실,"경기 의정부시 부용로 174 (신곡동, 상록아이파크)"
관저더샵,"대전 서구 관저서로 19 (관저동, 관저더샵)"
스마트수유교실,"서울 강북구 삼양로99길 33 (수유동, 우이교회 사회교육관)"
유선교실,"경기 구리시 건원대로76번길 134 (인창동, 인창4단지주공아파트)"
복대 해법독서논술교,충북 청주시 흥덕구 증안로 75 (복대동)
가재울뉴턴클럽교실,"서울 서대문구 응암로 28 (북가좌동, 연희한양아파트)"
계산 아이비,인천 계양구 주부토로532번길 20 (계산동)
부개,"인천 부평구 부흥로333번길 19-2 (부평동, 리코팰리스)"
바른해법논술교실,"울산 북구 천곡남로 38 (천곡동, 쌍용아진그린타운4차)"
꿈나래교실,"충남 아산시 온천대로1333번길 10 (방축동, 동아나래2차아파트)"
로고스교실,"경기 고양시 일산동구 중앙로 1124 (백석동, 흰돌마을1단지아파트)"
포항이동 교실,"경북 포항시 북구 대이로176번길 15 (득량동, 경성홈타운1차아파트)"
월산부영1차교실,"경기 남양주시 화도읍 경춘로2290번길 2 (월산리, 남양주월산사랑으로부영1단지)"
행복한논술,"광주 서구 풍암순환로 14 (풍암동, 호반?중흥아파트)"
상하쌍용교실,"경기 용인시 기흥구 중부대로788번길 20 (상하동, 수원동마을 쌍용아파트)"
동일1차 교실,"부산 기장군 정관읍 정관4로 24 (용수리, 정관동일스위트1차)"
화북세일교실,"제주특별자치도 제주시 진서로 20 (화북1동, 천일맨션)"
대치논술,서울 금천구 가산동 237-41
도램국어논술,"세종특별자치시 한누리대로 583 (도담동, 도담센트럴프라자)"
빛가람스마트센터,전남 나주시 우정로 56 (빛가람동)
행복한공부방,"경기 안양시 만안구 충훈로71번길 6 (석수동, 석수아이파크)"
관양공부방,경기 안양시 동안구 관양동 1404-8
HB브레인논술,전남 나주시 그린로 335 (빛가람동)
이촌라임학원,서울 용산구 이촌동 302-94
호원동 백연화해법독,경기 의정부시 호원동 377-1
목3동,서울 양천구 목동 619-4
동2부영3차교실,경기 화성시 동탄대로 198 (산척동)
YBM영어,전남 순천시 연향동 1610-4
엠코애스톤해법논술,"서울 동작구 상도로 346-2 (상도동, 상도엠코타운 애스톤파크)"
평화지곡,"전북 전주시 완산구 구이로 2065 (평화동2가, 영무예다음아파트)"
만점국어교실,대구 수성구 달구벌대로627길 6-27 (매호동)
마.나.암,"인천 연수구 독배로40번길 35 (옥련동, 대명빌딩)"
구리장자초교실,"경기 남양주시 진건읍 진건오남로 100 (용정리, 한신그린아파트)"
리체해법독서논술,"서울 서초구 고무래로 35 (반포동, 반포리체아파트)"
정왕서해해법독서논술,"경기 시흥시 정왕신길로49번길 21 (정왕동, 서해아파트)"
덕의초,서울 구로구 고척동 215-3
해법독서논술 행복한,"경기 부천시 장말로 137 (상동, 사랑마을 청구아파트)"
유니홈스쿨,"경기 안산시 단원구 큰우물길 49 (고잔동, 대동11차아파트)"
베스의문학교실,서울 서대문구 연희로 199 (연희동)
낙성대해법논술,"서울 관악구 낙성대로3길 37 (봉천동, 관악구민종합체육센터)"
청라1단지 자이교실,"인천 서구 청라에메랄드로 30 (청라동, 청라자이)"
이매 마블러스,"경기 성남시 분당구 이매로 51 (이매동, 한라프라자)"
한라동백,"충남 천안시 동남구 서부대로 226-12 (신방동, 한라동백2차아파트)"
강릉내곡,"강원 강릉시 남산초교길 22 (내곡동, 내곡시영아파트)"
해법독서 박영숙,경기 의정부시 신곡동 565-9
목련교실,"경기 안양시 동안구 동안로 102 (호계동, 목련선경아파트)"
허쌤해동공부방교실,경남 양산시 북정로 35 (북정동)
이지 학원,"충북 충주시 중앙탑면 원앙9길 15 (용전리, e편한세상 충주)"
푸르지오 교실,"충북 청주시 흥덕구 2순환로1375번길 20 (가경동, 가경 푸르지오)"
타오름국어논술,"인천 남동구 석산로 135 (간석동, 금호센터프라자)"
산들오스타교실,"경기 고양시 일산서구 하늘마을로 184 (일산동, 현대성우오스타)"
라움독서논술,"대구 달서구 조암남로 10 (월성동, 월성 e-편한세상)"
동일 하이빌 교실,"충북 충주시 염밭로 22 (용산동, 남산동일하이빌)"
토월성원,"경남 창원시 성산구 원이대로 774 (상남동, 성원아파트)"
장항,"충남 서천군 장항읍 신창서로 81 (화천리, 신흥아파트)"
영종 스카이시티 해법,"인천 중구 하늘별빛로 111 (중산동, 스카이시티자이)"
수정교실,서울 노원구 공릉동 392-6
김량장현대교실,"경기 용인시 처인구 백옥대로1068번길 10 (김량장동, 현대아파트)"
금강2차해법독서논술,"경기 화성시 동탄산척로2길 56 (산척동, 동탄호수공원 금강펜테리움 센트럴파크II)"
목감 신안인스빌,"경기 시흥시 목감중앙로 36 (조남동, 신안인스빌)"
동백호수서해교실,"경기 용인시 기흥구 동백7로 56 (동백동, 호수마을서해그랑블)"
강릉 어울림,"강원 강릉시 성덕로 328-9 (입암동, 금호M프라자)"
황쌤독서논술,"대구 달서구 선원남로 99 (이곡동, 한빛마을)"
고성상승학원,경남 고성군 고성읍 중앙로25번길 26 (성내리)
안쌤독서논술,"광주 동구 남문로753번길 20 (학동, 무등산 아이파크)"
책이랑나랑,경기 의정부시 녹양동 380-4
써니티쳐교실,"충북 제천시 죽하로 30 (장락동, 장락주공아파트1단지)"
베스트해법독서논술,"경기 수원시 장안구 정자로42번길 52 (천천동, 비단마을 베스트타운)"
해법독서논술 신도초,"서울 은평구 진관1로 77-8 (진관동, 은평뉴타운 폭포동)"
정정희교실,"경북 김천시 신음새동네길 109 (신음동, 김천신음그린빌)"
양주황영희해법독서,"경기 양주시 고읍남로39번길 84 (광사동, 해동마을 한양수자인)"
대림독서논술,"경기 군포시 고산로 596-15 (산본동, 주몽마을대림아파트)"
해법독서논술 공덕초,서울 마포구 신공덕동 13-2
미키샘교실,"충북 충주시 예성로 401 (연수동, 연수주공4,5단지아파트)"
금강해법독서논술,"경기 시흥시 정왕대로266번길 4 (정왕동, 금강아파트)"
매천휴먼시아교실,"대구 북구 매전로4길 9 (매천동, 매천휴먼시아2단지)"
영월주천교실,강원 영월군 주천면 도천길 16-11 (주천리)
동탄2 포스코에듀타운,"경기 화성시 동탄산척로 93-17 (산척동, 동탄 더샵 레이크에듀타운)"
박쌤국어,"대전 동구 동대전로46번길 30 (신흥동, LH이스트시티1단지)"
가화교실,"부산 기장군 정관읍 구연방곡로 120 (방곡리, 정관 가화만사성 더 테라스 1차)"
강한글교실,"전북 전주시 덕진구 송천3길 55 (송천동1가, 벽산 e리버파크)"
꿈이크는나무,광주 남구 방림로 34 (방림동)
연세YT어학원,"서울 용산구 청파로47길 49 (청파동3가, 캠퍼스프라자)"
마린교실,"부산 해운대구 마린시티2로 2 (우동, 마린파크)"
성성초,충남 천안시 서북구 성성10길 57 (성성동)
멘토스쿨,충남 홍성군 홍성읍 홍장북로 461 (오관리)
역곡동곡초교실,"경기 부천시 지봉로77번길 35 (역곡동, 동부센트레빌1단지아파트)"
연향독서교실,"전남 순천시 연향중앙상가길 41 (연향동, 연향2차현대아파트)"
청라에뜰교실,"인천 서구 청라커낼로 249 (청라동, 동양엔파트)"
송도 하버뷰14단지,"인천 연수구 아트센터대로97번길 76 (송도동, 송도 더샵 하버뷰 14단지)"
하계1차청구교실,"서울 노원구 한글비석로 91 (하계동, 하계1차청구아파트)"
구윌 힐스테이트1,"인천 남동구 구월로 192 (구월동, 힐스테이트롯데캐슬골드1단지아파트)"
책읽는 풍경,경북 경주시 용담로 92 (황성동)
광주태전,"경기 광주시 태전동로 50 (태전동, 힐스테이트 태전)"
청록학원,충남 천안시 서북구 성거읍 봉주로 93 (신월리)
내손대림교실,"경기 의왕시 내손로 70-14 (내손동, 의왕내손이편한세상)"
김샘논술교실,"경기 고양시 일산서구 하이파크로 113 (덕이동, 하이파크시티일산아이파크1단지)"
장안교실,"경기 성남시 분당구 불정로376번길 37 (서현동, 범한프라자)"
동자초교실,서울 광진구 자양동 462-20
온스타토론논술스피치,서울 동작구 대방동 500
동탄나루마을해법독서,"경기 화성시 동탄중앙로 51 (반송동, 동탄나루마을한화꿈에그린아파트)"
가온누리 해법논술,"경기 안산시 단원구 원초로 9 (원곡동, 안산8차푸르지오)"
배곧 한라3차 클래스해법논술,"경기 시흥시 서울대학로 172-20 (정왕동, 한라비발디캠퍼스3차)"
생각자람,서울 구로구 경인로59길 8 (신도림동)
에이블 학원,"경북 구미시 박정희로 90-14 (상모동, 세양청마루아파트)"
해법상암,"서울 마포구 월드컵로42길 12 (상암동, 상암월드컵8단지)"
꿈의 열매 교실,"대구 수성구 달구벌대로 3206 (신매동, 창성빌딩)"
톡톡 공부방,"충북 청주시 흥덕구 덕암로108번길 44 (봉명동, 봉명아이파크)"
달고나 공부방,"충북 청주시 청원구 오창읍 오창중앙로 13 (각리, 우림필유1차아파트)"
동해 I.S논술,"강원 동해시 동해대로 5059 (효가동, 꼬마마을어린이집)"
둥지,"대전 서구 청사로 254 (둔산동, 둥지아파트)"
펜타힐즈교실,경북 경산시 펜타힐즈2로 45 (중산동)
햇살 해법독서논술 ,"충북 충주시 지곡10길 8 (지현동, 지현현대아파트)"
트라 해법,"충남 아산시 탕정면 탕정면로 37 (명암리, 탕정삼성트라팰리스아파트)"
수학더하기,광주 남구 효천2로가길 11 (임암동)
호암해법논술,"서울 관악구 호암로 541 (신림동, 신림태흥아파트)"
한뫼국어,"대구 달서구 상인서로 39 (상인동, 상인동서아파트)"
남도교실,대구 남구 현충로26길 7 (대명동)
사임당교실,부산 금정구 부곡로156번길 26 (부곡동)
골드해법독서논술,광주 광산구 장덕로 143 (수완동)
신우해법독서논술,"경기 수원시 권선구 권중로 82 (권선동, 신우아파트)"
송도 캠퍼스타운 교실,"인천 연수구 송도과학로27번길 55 (송도동, 롯데캐슬 캠퍼스타운)"
논술나무,경남 진주시 상대동 472
강철 무지개교실,"경기 성남시 분당구 미금로 45 (구미동, 진도훼미리프라자)"
생각키움교실,"울산 북구 중산로 47 (중산동, U스타시티일동미라주더스타2단지)"
유천비상,"대구 달성군 화원읍 비슬로539길 17 (구라리, 삼우청솔타운)"
우성독서교실,"전북 전주시 완산구 영경1길 25 (중화산동2가, 우성근영타운)"
푸르지오,"대구 달서구 상화로 235 (상인동, 대구상인푸르지오)"
최강수학과학,울산 울주군 범서읍 구영리 848-2
감삼글터,"대구 달서구 와룡로 143 (감삼동, 우방드림시티아파트)"
우리유치원교실,"서울 노원구 한글비석로 281 (중계동, 우리유치원)"
박샘토론논술,"광주 남구 광복마을4길 9 (진월동, 한신1차아파트)"
번동신원교실,서울 강북구 번동 204
청산학원,"대구 수성구 달구벌대로 2489 (범어동, 범어동합동빌딩)"
양덕메트로시티,"경남 창원시 마산회원구 양덕서로 30 (양덕동, 메트로시티)"
반림현대2차,"경남 창원시 성산구 반송로 177 (반림동, 현대아파트)"
송악이편한,"충남 당진시 송악읍 반촌로 103 (가학리, 송악e편한세상)"
 정관 롯데 교실,"부산 기장군 정관읍 정관3로 51 (모전리, 정관롯데캐슬2차)"
유클리드,"충남 아산시 배방읍 북수로 116 (북수리, 배방자이2 북수마을)"
김선희해법독서,경기 의정부시 민락동 550-4
임윤순,경기 의정부시 용현동 46
이정우 옥계교실,"경북 구미시 옥계북로 33 (옥계동, 삼구트리니엔)"
일동 가온누리,경기 안산시 상록구 도매시장로4길 15 (일동)
아미국어논술,"경기 의왕시 포일로 43 (내손동, 대림프라자)"
강북교실,"대구 북구 구암서로 70 (구암동, 그린빌2차)"
독서의 달인,경기 동두천시 지행동 719-1
더키즈아트논술,부산 북구 만덕1로 53 (만덕동)
김포 구래,"경기 김포시 김포한강4로 564 (구래동, LH 한가람마을 2단지)"
풍림교실,"경북 구미시 형곡로 109 (형곡동, 풍림2차아파트)"
석적우방교실,"경북 칠곡군 석적읍 석적로 955-19 (남율리, 우방신천지아파트)"
박은숙,"대전 중구 태평로 35 (태평동, 버드내마을아파트2단지)"
역북푸르지오교실,"경기 용인시 처인구 명지로40번길 35-16 (역북동, 역북지웰푸르지오)"
연수 영남해법교실,"인천 연수구 새말로 111 (연수동, 영남아파트)"
도화SOS학원,서울 마포구 도화동 153
경주 책읽는교실,경북 경주시 안강읍 구부랑4길 24-10 (산대리)
한쌤수학교실,"전남 순천시 서면 강청길 82 (선평리, 순천 라송 센트럴카운티)"
책으로 크는 아이들,충북 청주시 청원구 공항로150번길 125 (율량동)
지웰씨티국어학원,"충북 청주시 서원구 대림로 493 (죽림동, 청주가경3주공아파트)"
서래해법논술,서울 서초구 반포동 96-9
목동현대,"서울 양천구 목동동로12길 60 (신정동, 목동현대아파트)"
돈암현대교실,"서울 성북구 정릉로 402 (돈암동, 돈암현대아파트)"
꿈꾸는독서논술,광주 광산구 장덕동 1677
덕풍이영해법독서논술,경기 하남시 덕풍공원로87번길 40 (덕풍동)
호수부영4차 해법논술,"경기 화성시 동탄순환대로7길 21 (산척동, 더레이크시티부영4단지)"
이민선논술,"경기 성남시 분당구 백현로 265 (수내동, 푸른마을 아파트)"
온천미남교실,부산 동래구 석사북로 63 (온천동)
해법글쓰기교실/태평1차,"인천 남동구 장아산로 181 (서창동, 태평아파트)"
래미안아트리치교실,"서울 성북구 돌곶이로8길 22 (석관동, 래미안아트리치)"
해법해링턴,"경기 용인시 기흥구 덕영대로2077번길 33 (영덕동, 기흥효성해링턴플레이스)"
석적남광교실,"경북 칠곡군 석적읍 서중리4길 32 (남율리, 남광하우스스토리)"
푸르지오캐슬 교실,"경북 구미시 박정희로 599 (송정동, 푸르지오캐슬 A단지)"
다정교실,"세종특별자치시 다정북로 180 (다정동, 가온마을8단지)"
헬리오해법교실,서울 송파구 송파동 130
개롱해법교실,"서울 송파구 오금로 405 (오금동, 가락상아아파트)"
탑플러스,대구 달성군 논공읍 남리길 32-5 (남리)
홈런교실,"대구 달서구 한들로 36 (장기동, 영남네오빌파크)"
"청수 해법독서,역사논","충남 천안시 동남구 청수로 98 (청수동, 청솔LG아파트)"
오유정교실,"경기 남양주시 다산중앙로172번길 42 (다산동, 다산진건지구 근생1-1-3)"
우민늘푸른,"서울 구로구 도림로20길 50 (구로동, 우민늘푸른아파트)"
목련교실,"경기 안양시 동안구 평촌대로179번길 40 (호계동, 목련우성아파트 상가동)"
상갈그린프라자,"경기 용인시 기흥구 금화로 101 (상갈동, 그린빌프라자)"
순천왕지교실,"전남 순천시 왕궁길 60 (조례동, 중흥3차아파트)"
보령,"충남 보령시 동현로 46 (동대동, 현대아파트)"
여울독서교실,"전북 전주시 덕진구 가리내로 216 (덕진동2가, 하가휴먼빌아파트)"
사직동 교실,"충북 청주시 흥덕구 봉명로204번길 12 (봉명동, 중앙빌라)"
센트럴 국어 교습소,"충북 청주시 청원구 오창읍 오창공원로 96 (각리, 한신 더 휴 센트럴파크)"
글밭독서논술역사,"경남 김해시 율하1로 90 (율하동, 율상마을모아미래도6단지)"
가경 해법독서논술교실,"충북 청주시 흥덕구 가경로 64 (가경동, 동부아파트)"
석산 홍익인간,"경남 양산시 동면 금오16길 122 (석산리, 남양산역반도유보라아이비파크5)"
뿌리깊은논술,광주 광산구 장덕동 992-8
해법독서 민락2지구,경기 의정부시 낙양동 755
사곡경남아너스빌,"경남 거제시 사등면 두동로 30 (사곡리, 경남 아너스빌)"
사과나무,서울 구로구 오류동 223-5
연가초교실,서울 서대문구 남가좌동 377
도화삼성교실,서울 마포구 도화동 550
다솔교실,"대전 유성구 궁동로 5 (궁동, 다솔아파트)"
에스엠논술,"경기 수원시 영통구 센트럴파크로 100 (이의동, 광교 센트럴타운 오드카운티)"
청당현쌤논술,"충남 천안시 동남구 청수14로 117 (청당동, 청수중흥S클래스아파트)"
송내우성점,"경기 부천시 경인로53번길 30 (송내동, 동궁빌딩)"
생각뿌리,"경기 용인시 수지구 상현로 59 (상현동, 금호베스트빌1단지아파트)"
풍무 법양교실,"경기 김포시 풍무로 36 (풍무동, 당곡마을범양아파트)"
래미안크레시티교실,"서울 동대문구 사가정로 65 (전농동, 래미안 크레시티)"
사천ES학원,경남 사천시 중앙로 195 (벌리동)
낭만국어,전남 순천시 해룡면 연향로 166 (상삼리)
생각숲논술보습학원,전남 광양시 광양읍 와룡2길 6-3 (용강리)
별하 해법국어논술교,"경기 화성시 동탄대로시범길 236 (청계동, 시범계룡리슈빌아파트)"
해법독서논술미리내교,"경기 부천시 조마루로 271 (중동, 미리내마을 롯데아파트)"
전창희교실,서울 중랑구 중화동 158-16
풍납교실,"서울 송파구 올림픽로 525 (풍납동, 현대아파트)"
이쌤국어논술,"충남 천안시 서북구 봉서산로 85 (불당동, 호반리젠시빌아파트)"
해법경희궁자이교실,"서울 종로구 송월길 99 (홍파동, 경희궁자이 2단지)"
사랑,"대전 유성구 노은동로 187 (지족동, 열매마을 아파트 6단지)"
해법리더학원,"경기 김포시 김포한강11로 288-19 (운양동, 운양프라자)"
당하풍림,"인천 서구 청마로 160 (당하동, 당하1차 풍림아이원아파트)"
아름드리,"경기 성남시 분당구 탄천로 95 (이매동, 아름마을삼호두산아파트)"
성동무학교실,서울 성동구 무학봉15길 17-1 (하왕십리동)
이문대림교실,서울 동대문구 이문동 339-4
사동 자이해법독서논,경기 안산시 상록구 해안로 738 (사동)
해법북한산초교실,서울 은평구 진관동 303-18
메이플러닝센터교실,"경기 남양주시 다산중앙로172번길 42 (다산동, 다산진건지구 근생1-1-3)"
능동이지교실,"경기 화성시 동탄원천로 315-33 (능동, 능동마을이지더원아파트)"
북삼해법논술교실,경북 칠곡군 북삼읍 숭오리 30-1
호원박연미해법독서교실,경기 의정부시 호원동 461
덕정독서아이교실,경기 양주시 덕정동 208-2
착한꿈학습센터,경기 안양시 동안구 관평로336번길 20 (관양동)
중산마을교실,경기 고양시 일산동구 탄중로417번길 7-9 (중산동)
거창온누리국어논술,"경남 거창군 거창읍 상동1길 45 (상림리, 웰리스아파트)"
샘지,"서울 금천구 독산로44길 50 (시흥동, 미르.빌)"
지혜의샘,서울 강남구 남부순환로365길 39 (도곡동)
천바라독서교실,경기 의정부시 호원동 458-11
양은정해법독서교실,경기 의정부시 호원동 121
보람 해법,"세종특별자치시 한누리대로 2144 (보람동, 스마트허브Ⅱ)"
중흥교실,"경북 구미시 산동면 신당3로 43 (신당리, 구미확장단지골드클래스)"
이천상위1%논술,경기 이천시 향교로 120 (창전동)
이튼클래스학원,서울 광진구 뚝섬로 541 (자양동)
우장초,"서울 강서구 우장산로 9 (내발산동, 서광빌딩)"
양산물금튼튼리딩클럽,"경남 양산시 물금읍 범어로 57 (범어리, 반도유보라2차아파트)"
김해관동초교실,경남 김해시 관동동 1112-7
장유율하푸르지오,"경남 김해시 율하2로 57 (율하동, 율상마을푸르지오3단지아파트)"
금정교실,부산 금정구 수림로50번길 147-3 (구서동)
파라디아  교실,"충북 제천시 내토로57길 19 (장락동, 장락파라디아)"
김해장유원메이저푸르,"경남 김해시 율하로 479 (장유동, 원메이저푸르지오아파트)"
샐리해법독서논술,"경기 부천시 여월로 60 (여월동, 폴리프라자)"
김해율하자이교실,"경남 김해시 율하6로 17 (장유동, 율하자이힐스테이트)"
도안수목토,"대전 서구 도안동로 177 (도안동, 도안신도시 수목토 APT)"
한밭가든,"대전 중구 보문산로 31 (산성동, 한밭가든아파트)"
태릉현대교실,서울 노원구 노원로1길 110 (공릉동)
하명일,"서울 중랑구 숙선옹주로 85 (묵동, 신내4단지신내아파트)"
해법키움독서논술,"서울 서초구 고무래로 10-6 (반포동, 상영빌딩)"
글싹 키움 논술,"경기 성남시 분당구 판교역로 98 (백현동, 백현마을7단지아파트)"
해법와석학원,"경기 파주시 한빛로 9 (야당동, 한빛마을3단지자유로아이파크아파트)"
메이드,"대구 달서구 월곡로 294 (상인동, 에스앤시티)"
석적부영 바니샘교실,"경북 칠곡군 석적읍 북중리3길 70 (중리, 3공단부영아파트)"
장천교실,경북 구미시 장천면 신장2길 140-8 (신장리)
라임독서논술,"서울 성북구 성북로4길 52 (돈암동, 한진아파트)"
갈현하늘공부방교실,서울 은평구 갈현동 502-27
여주가남예인,경기 여주시 가남읍 태평리 178-13
화성 이경직독서논술,"경기 화성시 향남읍 행정중앙2로 69-19 (행정리, 백현프라자)"
행복한논술교실,"경기 화성시 효행로1156번길 21 (병점동, 신미주아파트)"
내곡푸른,"서울 서초구 신흥말길 79-1 (내곡동, 무지개아파트)"
정릉초교실,"서울 성북구 솔샘로 120 (정릉동, 정릉풍림아이원아파트)"
생각나무논술교실,"충북 청주시 상당구 단재로 316 (방서동, 청주센트럴자이)"
롯데캐슬2단지,"서울 금천구 벚꽃로 30 (독산동, 금천롯데캐슬골드파크2차)"
해법홍은초교실,서울 서대문구 홍제동 286-1
청라6단지 경연초 교실,"인천 서구 비지니스로 166 (청라동, 청라국제 업무단지 센텀 대광로제비앙)"
기업 기린교실,"강원 원주시 지정면 가곡로 50 (가곡리, 원주 롯데캐슬 더퍼스트)"
행당대림교실,"서울 성동구 난계로 56 (행당동, 행당동 대림아파트)"
책나무논술,"전남 목포시 삼학로 363 (용해동, 신안인스빌아파트)"
와이논술교실,"경기 파주시 한울로 100 (동패동, 한울마을 6단지)"
이지윤 입시연구소,"세종특별자치시 보듬4로 9 (도담동, 도램마을11단지)"
예맥학원,서울 중랑구 묵동 243-28
양지독서논술교실,"전북 전주시 완산구 양지2길 10 (평화동2가, 동신아파트)"
지혜 교실,"세종특별자치시 마음안로 221 (고운동, 가락마을21단지)"
연화8단지,"충남 아산시 배방읍 연화로 36 (장재리, 연화마을휴먼시아8단지아파트)"
생각N논리,"서울 서대문구 응암로 79 (북가좌동, 문화빌딩)"
시나브로,경기 안양시 동안구 평촌대로 111 (호계동)
온누리해법독서논술교실,"충북 음성군 금왕읍 대금로 1458-5 (금석리, 음성금왕두진하트리움)"
다산교실,"경기 고양시 덕양구 화신로 311 (화정동, 별빛마을9단지아파트)"
보라매해법논술,"서울 동작구 보라매로5길 28 (신대방동, 동작구시설관리공단)"
금강수목원,"서울 구로구 오리로 1197 (오류동, 금강수목원아파트)"
고촌초교실,"경기 김포시 고촌읍 신곡로29번길 31 (신곡리, 다빈치프라자)"
팀 해법독서논술교실,"충북 청주시 흥덕구 사운로 335 (신봉동, 삼성아파트)"
수완실크밸리논술,광주 광산구 장덕동 992-17
조경희논술,광주 서구 풍암동 423-24
센텀파크교실,"부산 해운대구 센텀중앙로 145 (재송동, 더샵센텀파크1차아파트)"
백재선해법독서교실,경기 의정부시 의정부동 721
동성교실,"서울 중랑구 봉화산로 203 (신내동, 동성아파트)"
동천교실,경기 용인시 수지구 동천동 465
증산초교실,서울 은평구 증산동 255
그린교실,"경기 파주시 송학1길 110 (야당동, 에버빌)"
상인한우리,대구 달서구 상원로3길 31 (상인동)
다사태왕,"대구 달성군 다사읍 달구벌대로 802 (매곡리, 태왕드림하이츠)"
형곡삼우교실,경북 구미시 형곡동 235-1
이도경논술,"전남 목포시 청호로220번길 34-1 (연산동, 중앙센트럴시티아파트)"
푸르넷다니엘학원,"서울 종로구 성균관로 90 (명륜1가, 유성빌딩)"
두드림독서논술,전남 나주시 남평읍 강변1길 21-30 (동사리)
이노벨리 해법독서논술교실,"충북 음성군 맹동면 학예로 55 (동성리, 엘에이치이노밸리)"
한수위수학과학,광주 북구 일곡마을로 25 (일곡동)
신현동 김민소학원,인천 서구 가정로 411 (신현동)
EBS STUDY,"충남 천안시 동남구 용곡2길 43-11 (용곡동, 용곡한라비발디아파트)"
평거10호광장,"경남 진주시 순환로 528 (평거동, 원정스카이팰리스)"
위례 교실,"경기 성남시 수정구 위례광장로 320 (창곡동, 아이에스센트럴타워)"
신원교실,"경기 고양시 덕양구 신원3로 40 (신원동, 신원마을23단지)"
생각톡만덕동문,"부산 북구 덕천로276번길 60 (만덕동, 백양산동문굿모닝힐)"
종로엠스쿨교실,"경기 화성시 동탄중심상가1길 36 (반송동, 원영빌딩)"
해맑은 해법독서논술,"광주 서구 풍암신암로 31 (풍암동, 금호타운풍암1차아파트)"
원흥7단지교실,"경기 고양시 덕양구 도래울1로 80 (도내동, 고양 원흥 동일스위트)"
동탄솔빛마을교실,"경기 화성시 동탄반석로 70 (반송동, 솔빛마을신도브래뉴아파트)"
배곧 해법독서논술 최강논술,"경기 시흥시 서울대학로 지하 100 (정왕동, 시흥배곧신도시 이지더원2차 에듀그린)"
동문그린시티교실,"경기 파주시 조리읍 대원로 45 (대원리, 그린시티동문아파트)"
금광래미안,"경기 성남시 중원구 황송로 77 (금광동, 래미안금광아파트)"
대림진흥해법독서논술,"경기 수원시 장안구 천천로74번길 92 (정자동, 대월마을대림진흥아파트)"
현풍2교실,대구 달성군 현풍읍 비슬로121길 13-1 (원교리)
다온역사교실,"대구 북구 구암서로 41 (구암동, 그린빌3차)"
조직샘역사교실,"서울 노원구 동일로227길 25 (상계동, 상계주공11단지아파트)"
비젼학원,서울 광진구 군자로 80 (군자동)
깊은공부,"서울 동작구 서달로 91 (흑석동, 흑석한강센트레빌2차)"
북면교실,경남 창원시 의창구 북면 감계로110번길 54-39 (감계리)
이재순해법독서교실,경기 의정부시 민락동 735-1
창동상아교실,"서울 도봉구 해등로 118 (창동, 상아1차아파트)"
석계그랑빌교실,"서울 노원구 마들로 31 (월계동, 그랑빌아파트)"
김보현해법독서,경기 의정부시 민락동 899
인창삼성교실,"경기 구리시 동구릉로85번길 57 (인창동, 삼성아파트)"
열린 책,"전남 목포시 신흥로83번길 4 (옥암동, 영신그린빌)"
꿈자람터,"전남 목포시 신흥로 113 (옥암동, 제일2차하이빌아파트)"
책과 꿈꾸는 교실,전남 목포시 백년대로412번길 5-1 (옥암동)
평거휴먼시아,"경남 진주시 새평거로 75 (평거동, 평거휴먼시아4단지)"
하나쌤논술,"광주 남구 봉선로51번길 12 (주월동, 주월동 이지 더원 아파트 3단지)"
아름드리,"전남 나주시 그린로 328 (빛가람동, 빛가람 사랑으로 부영1단지 아파트)"
자연애독서논술교실,"전남 광양시 진등5길 1 (마동, 자연애비버리힐아파트)"
어드벤처,대전 서구 탄방로7번길 3 (탄방동)
일리국어논술,"세종특별자치시 새롬중앙로 59 (새롬동, 새롬빌딩)"
은진독서논술교실,서울 은평구 진관동 102
포항해맞이교실,경북 포항시 북구 환호동 409-1
파크루트,"경북 구미시 송동로 154 (도량동, 파크맨션)"
다올논술,"제주특별자치도 제주시 성신로 37 (연동, 한도빌라)"
후쌤's 책글공간,서울 강남구 삼성로67길 47 (대치동)
가재울생각키움교실,서울 서대문구 남가좌동 191-10
지샘입시학원,경북 경산시 압량면 부적길 29 (부적리)
오름논술교실,"경기 군포시 고산로151번길 26-11 (당정동, 당정마을 엘지아파트 상가)"
늘푸른논술,"전남 목포시 신흥로 91 (옥암동, 하당초원2차아파트)"
속초 교동초,"강원 속초시 미시령로 3361 (교동, 현대2차아파트)"
한결장림,"부산 사하구 하신중앙로 2 (장림동, 동원로얄듀크)"
길미해법독서논술,"전남 영암군 삼호읍 녹색로 1015-9 (용앙리, 길촌파크빌 102동)"
가락쌍용해법교실,"서울 송파구 동남로 189 (가락동, 가락쌍용아파트)"
문학,"대구 달서구 구마로40길 21 (송현동, 청구그린맨션1차아파트)"
가람마을교실,"경기 파주시 가람로 20 (와동동, 가람마을1단지벽산한라아파트)"
 진림해법학원,"서울 마포구 숭문길 98 (염리동, 마포자이3차)"
시티프라디움,"경남 창원시 진해구 안골로108번길 93 (안골동, 고흥식당)"
박샘,전남 목포시 옥암동 1300-5
성훈학원,"서울 동작구 장승배기로 34 (상도동, 대한카센타)"
영천 한신휴교실,"경북 영천시 망정1길 171 (야사동, 한신THE휴영천퍼스트)"
금성교실,"부산 금정구 중리2길 16-7 (금성동, 한솔)"
수독서논술교실,서울 서대문구 홍제동 467
농공우신미가뷰,"대구 달성군 논공읍 금포로 75-20 (금포리, 우신미가뷰 아파트)"
신미림초,서울 구로구 신도림동 642
생각소리논술 교실,부산 금정구 금강로 206-14 (장전동)
벽산5단지,"서울 금천구 금하로 816 (시흥동, 벽산5단지아파트)"
더좋은글쓰기,경기 양평군 서종면 중미산로 5 (문호리)
김주연교실,서울 중랑구 동일로123길 5-1 (중화동)
꿈이 있는 공부방,"경북 구미시 금오대로12길 11-2 (오태동, 오태3차대동타운)"
우미린독서교실,"전북 전주시 덕진구 틀못4길 17 (장동, 우미린 2단지)"
라엘논술,광주 남구 정율성로 22 (양림동)
브레인스토리,경남 김해시 해반천로144번길 4 (삼계동)
생각꾸러미,"경남 창원시 의창구 중동로 33 (중동, 창원중동유니시티2단지)"
압구정해법독서논술,"서울 강남구 압구정로 321 (압구정동, 한양아파트)"
노벨천재교실,"강원 원주시 단구로 414 (단구동, 청솔4차아파트)"
강변교실,"대구 동구 화랑로100길 17 (용계동, 강변동서마을)"
한솔,"경기 성남시 분당구 운중로 233 (판교동, 한솔프라자)"
칠보마을5단지,"경기 수원시 권선구 금곡로 46 (금곡동, 수원호매실휴먼시아5단지)"
김해양산지사직영교실,경남 김해시 해반천로144번길 4 (삼계동)
창원2지사직영교실,"경남 창원시 성산구 외동반림로 219 (반림동, 현대아파트)"
순천광양여수직영교실,"전남 순천시 율산길 50 (연향동, 퀸마트)"
부천지사직영교실,"경기 부천시 장말로 137 (상동, 사랑마을 청구아파트)"
대구수성중구직영교실,대구 달서구 이곡동 1250-3
목포지사직영교실,"전남 목포시 신흥로 113 (옥암동, 제일2차하이빌아파트)"
광주남부2지사직영교,광주 남구 진월동 499-81
구미김천지사직영교실,경북 구미시 1공단로 15-37 (광평동)
제주2지사직영교실,제주특별자치도 제주시 과원북4길 37 (노형동)
부산남부3지사직영교,"부산 남구 수영로 312 (대연동, 21 센츄리시티 오피스텔)"
하남광주지사직영교실,경기 광주시 오포읍 수렁개길 11-5 (문형리)
대전남부지사직영교실,대전 서구 만년로22번길 6 (만년동)
천안아산직영교실,"충남 천안시 서북구 불당17길 27 (불당동, 그랜드플라자)"
강동송파2지사직영교,"서울 송파구 올림픽로35길 10 (신천동, 파크리오)"
충북지사직영교실,"충북 청주시 흥덕구 풍년로95번길 35 (가경동, (주)휴림건설)"
의정부지사직영교실,경기도 의정부시 금오동
구미김천2지사직영교실,"경북 구미시 도봉로 7 (봉곡동, 골든프라자)"
이천지사직영교실,경기도 이천시 부발읍
강서양천구로직영교실,서울특별시 구로구 구로5동
강북직영교실,서울특별시 노원구 하계1동
수원직영교실,경기도 수원시 권선구 권선동
성남분당직영교실,경기도 성남시 중원구 상대원동
대전북부직영교실,대전 서구 만년동
해법테스트교실,경기도 고양시 일산동구 식사동
군산직영교실,전북 전주시 완산구 서신동
안산직영교실,경기 안산시 단원구 고잔동
인천북부직영교실,인천광역시 계양구 병방동
강원영동직영교실,강원도 강릉시 포남2동
강원영서직영교실,강원도 원주시 무실동
광주서부직영교실,광주 남구 주월동 주월프라자 906호
부산서부2직영교실,"부산 남구 우암로374번길 10-13 (문현동, 동양연립)"
화성지사직영교실,경기 수원시 영통구 망포동
서대문은평직영교실,서울 은평구 진관동 102
고양파주지사직영교실,"경기 고양시 일산동구 강송로 181 (마두동, 일산프라자)"
강남동작직영교실,서울 동작구 상도동
인천북부교실,
북부직영교실,서울 중랑구 중화동 301-11
안양직영교실,경기 안양시 동안구 평촌동
대전교실,
대구상인1교실,대구광역시 달서구 상인2동
진주직영교실,경남 진주시 대신로340번길 7-5 (하대동)
용인지사직영교실,"경기 용인시 수지구 성복2로76번길 26-3 (성복동, 드림타워)"
부산2교실,
인천남부2지사 직영교,"인천 남동구 매소홀로 1103 (서창동, 현대모닝사이드아파트)"
안동바칼교실,경북 안동시 북후면 경북대로 952 (오산리)
광명시흥교실,
대구2직영교실,"경북 경산시 하양읍 대학로296길 13 (금락리, 삐아제어린이집)"
