name,addr,tel
강남대 지석역점 ,"경기도 용인시 기흥구 어정로 36 104호(상하동, 오토갤러리)",031-283-8370
의정부 장암점,경기도 의정부시 동일로 108 101호 (장암동),070-4739-8001
포항 대잠 2호점,경북 포항시 남구 새천년대로 447 (대잠동),054-274-7822
인천 만수점 ,인천시 남동구 백범로 247 101호,032-463-5390
고양 지축점 ,"경기도 고양시 덕양구 삼송로 245 101,  102호(지축동)",02-6925-1115
전북 정읍점 ,전북 정읍시 샘골로 115,063-532-1155
금촌 아동점,경기도 파주시 평화로 126 금촌동,031-946-8884
서귀포버텍스점,제주도 서귀포시 서귀동 253-11,064-733-8769
부천소사대로점 ,경기도 부천시 소사로141번길 18-2 1층(소사본동),032-351-3294
순천 신대지구점,전남 순천시 해룡면 상성길 137,061-722-6990
포천 소흘점,경기도 포천시 소흘읍 솔모루로 154,031-542-3867
경기 광주 송정점,"경기도 광주시 광주대로 103 (송정동, 송광빌딩주건축물1층전체)",070-4255-0030
군산경장점,전북 군산시 경포천로 156 경장동,063-453-9266
의정부 중앙점 ,"경기도 의정부시 금오로 15 금오동, 1층 동쪽",031-847-5533
문경모전점(구문경1호점),경북 문경시 모전로 156,054-553-0360
광명 일직점 ,경기도 광명시 양달로10번길 11,02-899-1590
부산 이마트 타운점 ,부산시 연제구 좌수영로 290 (연산동),010-2845-8978
부산해운대재송점 ,부산시 해운대구 해운대로177번길 10-4 재송동,051-782-2260
안양 만안구청점 ,경기도 안양시 만안구 수리산로 22-1,031-448-0600
인천 원당대로점,인천시 서구 원당대로608번길 30 2동(당하동),010-4504-9731
원주 우산점 ,강원도 원주시 북원로 2475 1층(우산동),010-2799-1248
평택 포승점 ,경기도 평택시 포승읍 서동대로 1185,031-682-2447
이천 장록점 ,경기도 이천시 중부대로 1203-1 장록동,031-634-9992
부천 송내역점 ,경기도 부천시 경인로1185번길 70 1층 (송내동),032-656-8255
CVTG일산장항점 ,경기도 고양시 일산동구 장대길 160-58 장항동,031-914-6666
부산 온천점,"부산시 동래구충렬대로107번길 9   온천동, 대성빌딩 1층",051-555-2922
남양주 경강로점(구 영등포문래점) ,"경기도 남양주시 경강로 324 2층 (삼패동, 프라임빌딩)",02-2637-6900
광명 옥길점 ,경기도 광명시 금오로 825 1층 (옥길동),02-6104-2263
인천 일신점 ,인천시 부평구 경인로 1124  (일신동),032-511-3385
김해 분성점,경남 김해시 분성로 635 (안동),055-313-0067
인천 학익점 ,인천시 미추홀구 한나루로458번길 2 1층,032-207-8484
CVTG 제천점 ,충북 제천시 강저로 7(강제동),043-646-9911
CVTG오창점 ,"충북 청주시 청원구 오창읍 중부로 538, 1층",043-217-0067
전주 삼천점 ,전북 전주시 완산구 거마중앙로 3 (삼천동1가),063-903-1849
김포 고촌점 ,"경기도 김포시 고촌읍 은행영사정로 25, 1동 1층",070-7867-6757
은평 대조점 ,"서울시 은평구 서오릉로 114, 1층 101호   대조동, 원창오피스텔",02-388-4803
대구달서 현풍 테크노폴리스점,대구시 달성군 유가읍 테크노중앙대로6길 23  1층 102호,053-615-6141
한경대점,"경기도 안성시 개내교4길 4, 1동 1, 2호 (신건지동)",010-2995-3382
진주 초전점 ,"경남 진주시 대신로 424, 1층(초전동)",055-761-7955
포항 문덕점,경북 포항시 남구 오천읍 원리 905-1,054-291-0109
부천약대점 ,경기도 부천시 신흥로 331 (약대동),032-661-1616
목포 옥암점 ,"전남 목포시 통일대로 105  (옥암동, 국제빌딩 102호)",061-287-8232
서귀포 동홍점,제주도 서귀포시 중앙로 194,064-763-0854
일산 식사점,경기도 고양시 일산동구 동국로 81-8,02-1800-2530
화성 반송2호점 ,경기도 화성시 동탄반송1길 30-7,031-8015-3903
노원 월계점 ,서울시 노원구 광운로 140,02-6405-4647
인천 청라점(인천 중봉대로점) ,인천시 서구 중봉대로 811-1 (경서동),032-565-9686
천안 통정점,"충남 천안시 동남구 통정12로 10  101호(신방동, 1층)",041-578-4648
춘천 후평점,강원도 춘천시 공단로 26,033-255-7132
대구북구 매천점 ,대구시 북구 매천로 131  1층(매천동),053-321-9303
양주 은현점 ,경기도 양주시 은현면 화합로 911,031-861-4351
태백시청점,강원도 태백시 번영로 270,033-553-9205
경북상주 낙양점,경북 상주시 중앙로 102,054-535-5931
춘천 거두점 ,강원도 춘천시 동내면 동내로 5-1  자동차검사소 앞,033-243-4525
인천 송도점(구일신점),인천시 부평구 경인로 1124,032-505-4601
김포 대로점 ,경기도 김포시 김포대로 1462(운양동),010-6523-3003
강릉 성덕점,강원도 강릉시 성덕로 261 1층 입암동,033-651-2988
마포 성산점,서울시 마포구 월드컵북로 108 영창빌딩 1층,02-324-9880
고양 대자점,경기도 고양시 덕양구 호국로 1651(대자동),031-968-6933
CVTG 인천점 /  1호점,인천시 서구 북항로31번길 65 (석남동) 루마썬팅,032-575-8066
부산 교대역점,"부산시 연제구 거제대로 295 1층(거제동, 아이비젼)",051-505-9530
CVTG 평택점 ,경기 평택시 포승읍 평택항로 268번길 189 1층 삼우공무(주),031-684-0150
광주 북구점 ,광주시 북구 서림로 150  (임동),062-512-9190
서초IC점 ,서울시 서초구 남부순환로337가길 63-5,02-588-6372
부천상동점 (구 부천원미점),경기도 부천시 석천로 4,032-654-5255
인천 미추홀대점 ,"인천시 미추홀구 미추홀대로 651 (주안동, 우진빌딩 1층)",032-875-7858
공주신관점 ,충남 공주시 번영1로 152  루마썬팅 MS자동차용품,041-854-0061
수원신동점,경기도 수원시 영통구 권선로908번길 7(신동),010-5281-2918
곤지암점 ,경기도 광주시 순암로 349(중대동),031-764-7375
북수원점 ,경기도 수원시 장안구 만석로 216(송죽동),031-243-2012
광주 용봉점 ,광주시 북구 설죽로 252 (용봉동),062-513-5500
군산 미장점 ,전북 군산시 공단대로 81(미장동),063-451-0048
전주 여의동점,전북 전주시 덕진구 온고을로 468 3동 1층(여의동),010-3680-5354
영천 야사점,경북 영천시 호국로 32,054-336-1911
부산 명지점 ,부산시 강서구 명지국제5로 148번길 46 1층 101호(명지동),051-206-0617
파주 월롱점 ,경기도 파주시 월롱면 통일로 692 (1층),031-947-5817
양산 물금점,"경남 양산시 물금읍 범구4길 1, 1층",010-5022-4851
양천 오목교점,서울시 양천구 목동동로14길 6 1층(목동),02-2642-3505
인천 관교점,인천광역시 미추홀구 인하로 403,032-422-9861
대구남구 성당점,대구시 남구 성당로 90-2,053-623-5364
부산 법원점,"부산시 연제구 월드컵대로 265, 1층  거제동, 외 1필지",051-501-3721
당진점,충남 당진시 남부로 236(수청동),041-354-7979
성북 정릉점 ,서울시 성북구 정릉로10길 22 (정릉동),02-6084-0123
경주 동천점 ,경북 경주시 양정로 190 (동천동),054-741-0124
대구 반야월점 ,대구시 동구 반야월로 1 광남빌딩 1~2층,053-963-2753
경북 울진점 ,경북 울진군 울진읍 읍내리 616-22,054-782-6622
수원 이목점 ,경기도 수원시 장안구 장안로346번길 85,031-271-6663
평택 도일점 ,경기도 평택시 도일유통길 20-3(도일동),031-667-9218
파주 와동점 ,경기도 파주시 가람로21번길 61-36,031-948-7472
고양 삼송점,경기도 고양시 세솔로 126 101호,010-2569-2220
쌍문점 ,서울시 도봉구 도봉로 425,02-990-2857
포천 중앙점,경기도 포천시 중앙로 21,010-5246-2929
과천 중앙점 ,경기도 과천시 중앙로 386,02-3678-5007
남양주 퇴계원점 ,경기도 남양주시 퇴계원면 퇴계원로 110  1층,031-527-0688
구로 고척점 ,서울시 구로구 고척동 77,02-2683-4934
충북 오송점,충북 청주시 흥덕구 만수2길 30 (오송읍),043-233-5150
부천 심곡천점 ,경기도 부천시 부흥로 416 (심곡동),032-681-2000
화성 영천점 ,경기도 화성시 동탄대로21가길 14-9 1층(영천동),031-376-5108
강동 길동점 ,서울시 강동구 양재대로124길 73 1층 (길동),02-479-2191
용산역점 ,서울시 용산구 한강대로39길 20 (한강로2가),02-797-3390
성북 월곡점 ,서울시 성북구 오패산로3길 56 (하월곡동),02-921-7783
충북 증평점 ,충북 증평군 초중6길 85 1층 (증평읍),043-838-3677
수원 호매실점,경기도 수원시 권선구 금곡로 140번길 95-75 1층(호매실동),010-5293-1980
안양 만안점,경기도 안양시 만안구 안양동 857-47,031-444-8877
관악 서울대역점 ,"서울시 관악구 봉천로 346. 1층 101호 (봉천동,웰빙오피스텔)",02-812-8585
동시화점 ,경기도 시흥시 정왕동 1594-9 1층,031-432-1472
부평 삼산점 ,인천시 부평구 평천로 381-1 갈산동 1층,010-9445-1599
고양 원흥점 ,경기도 고양시 덕양구 서삼릉1 길 26  (원흥동),031-818-6309
일산 마두점 ,경기도 고양시 일산동구 일산로286번길 43 마두동,031-907-7869
화성 치동천로점 ,경기도 화성시 동탄치동천로2길 4-28(영천동),010-8630-4146
경기광주 시청점 ,경기도 광주시 행정타운로 92 회덕동,010-9416-0440
강원 양구점 ,강원도 양구군 중심로 150,033-482-5459
대구서구평리점,대구시 서구 국채보상로 305 평리동 루마썬팅 평리점,053-623-3516
양산 덕계점,경남 양산시 웅상대로 925 (평산동)/루마썬팅,055-384-2889
울산 병영점/(구 남구 옥동점),울산시 중구 번영로 611 (남외동),070-8232-0279
부산신평2호점 ,부산시 사하구 서포로 22,051-266-0320
울산북구1호점/구:울산남구 스타트,울산시 북구 진장24길 13 (진장동),052-269-3201
부산 수영 민락점(구 부산연제구점),부산시 수영구 광남로257번길 1 (민락동/영빌딩) 루마썬팅,051-865-5865
PPF 신길점,서울시 영등포구 도림로 316 (신길동),02-849-8102
대구 남구 대명역점,대구시 남구 대명로 68 (대명동) 1층,053-431-6777
대구 달서 스카이,대구시 서구 국채보상로3길 10 (이현동) 루마썬팅,053-573-4947
동대구역점,대구시 동구 신암남로 135,053-951-3111
정읍 연지점,전북 정읍시 충정로 307 (연지동/MR.AUTO),063-531-6336
프리미엄 수원점,경기도 화성시 효행로 1385 (반월동) 루마썬팅 프리마 수원,031-202-5331
수원 영통구점,경기도 수원시 영통구 동탄원천로 1125 (원천동),031-214-5290
인천 간석점,인천시 남동구 경인로 607 (간석동) 경복빌딩 1층,032-424-5554
고양 덕양점,경기도 고양시 덕양구 호국로 755 (성사동/보훈회관 1층),031-965-7005
남춘천역점,강원도 춘천시 역전옛길 6 (퇴계동),033-256-7673
창원역점,경남 창원시 의창구 사화로1번길 8 (팔용동),055-255-3543
산곡점,인천시 부평구 마장로 249-1 산곡동 1층,032-524-4117
용인 역북점 ,경기도 용인시 처인구 삼가로 14 삼가동,031-321-0900
동두천 송내점,경기도 동두천시 평화로 2227 (송내동),031-862-9933
충주 금릉점,충북 충주시 팽고리산길 78  (금릉동 125-36),043-856-0717
김해대로점,경남 김해시 김해대로2400번길 52 (삼정동 493-35),055-333-2260
안양 범계점,"경기도 안양시 동안구 경수대로 813 , 105호 (호계동, 피카빌딩)",031-427-3346
안산 본오점,경기도 안산시 상록구 샘골로 68 (본오동),031-417-4447
순천 덕연점,"전남 순천시 충효로 63 (연향동,2동 1호)",061-741-7778
광진구 구의점,서울시 광진구 구의로 29-1 (구의동),02-6498-8404
평택 지산점,경기도 평택시 지산로 307 (지산동),031-667-7557
여수 쌍봉로점,전남 여수시 쌍봉로 346 (둔덕동),061-652-8111
대전 오토월드점,대전시 유성구 복용동 511번지,042-824-4477
화성 능동점,경기도 화성시 여울로 112 (능동),031-223-3246
청주 사천점,충북 청주시 청원구 토성로 5 (사천동),043-217-0026
전주점,전북 전주시 완산구 효자로 58 (효자동3가),063-242-0004
부산경남총판,부산시 해운대구 해운대로 161번길 30 (재송동),051-784-5521
대구경북총판/동신,대구시 수성구 수성로 150 (상동),053-767-5288
광주남구 진월점 ,광주시 남구 서문대로 633 (진월동),062-671-4567
경산 계양점,경북 경산시 계양로 54 (계양동) 1층,053-267-7776
의정부 호원점,경기도 의정부시 평화로 16,031-873-7587
수원 북부점,경기도 수원시 장안구 만석로 235 (송죽동),031-252-7714
부평 동암점,인천시 부평구 백범로 496 (십정동) 1층,032-423-0060
경남 창녕점,경남 창녕군 창녕읍 창녕대로 125-6,055-532-1222
성남 하탑점,경기도 성남시 분당구 야탑로167번길 10 (야탑동),010-7208-9979
파주 금촌역점,경기도 파주시 새꽃로 88 (금촌동) 성원빌딩1층,031-947-7090
대전 자양점,대전시 동구 백룡로 47 (자양동) 스마트뷰 1층 커스텀카클럽,042-383-8250
충북 예술로점,충북 음성군 음성읍 예술로 86-4,043-873-8181
대구 달서 송현점,대구시 달서구 월배로 358 (송현동),053-218-2698
관악 봉천점 ,서울시 관악구 봉천로 500 (봉천동/삼원),02-878-3336
인천 석바위점,인천시 미추홀구 구월로 27,032-431-5230
강남 논현점,서울시 강남구 도산대로38길 11 (논현동),02-512-8199
부산 토곡점,부산시 수영구 과정로 22 (망미동) 1층,051-554-7855
일산 백석점,경기도 고양시 일산동구 호수로446번길 8-2 (백석동) 루마썬팅,031-932-6268
인천 연수점,인천시 연수구 벚꽃로 150 (연수동),032-818-2704
수원 매탄점,경기도 수원시 영통구 매탄로196번길 1 (매탄동),031-244-5951
성남 정자점,경기도 성남시 분당구 황새울로12번길 17-1 (정자동),031-711-9994
분당 서현점,경기도 성남시 분당구 불정로420번길 55 (분당동),031-709-3358
신내점(구 상봉점),서울특별시 중랑구 신내역로1가길 8 (신내동) 1층,02-496-8893
용두점,서울시 동대문구 한빛로 73 (용두동)/용두롯데캐슬리치 상가동 103호,02-925-6800
고양 행신점,경기도 고양시 덕양구 토당로 4 (토당동) 1층,031-979-9390
진주 혁신점,경남 진주시 송백로 111 (충무공동),055-762-2538
평택 쌍용점,경기도 평택시 산단로 277 (칠괴동),031-618-1942
양천 월정점,서울시 양천구 월정로 249 신월동/거산아파트 1층 111호,02-2065-9797
서초 남부점,서울시 서초구 반포대로18길 11 (서초동 1582-17번지),02-595-1472
수원 청명점,경기도 수원시 영통구 청명북로 14 (영통동 1033-4),031-273-2855
성남 가천대점,경기도 성남시 수정구 성남대로 1294 (태평동),031-753-7755
평택 법원점,경기도 평택시 서재5길 11 (동삭동),031-651-6222
화성 효행점,경기도 화성시 효행로 967 (진안동),031-226-7447
군산 문화점,전북 군산시 대학로 207 (문화동),063-451-4525
남양주 오남점,경기도 남양주시 오남읍 진건오남로 488,031-528-1378
수원광교점,경기도 수원시 영통구 법조로149번길 77 (하동),031-211-5686
양주 중앙점,경기도 양주시 평화로 1521 (덕계동),031-858-7703
제천점,충북 제천시 의림대로 210 (청전동),043-644-1147
프리미엄 안동 용상점,경북 안동시 경동로 1004 (용상동),054-821-3028
전주 전북대점,전북 전주시 덕진구 백제대로 555 (금암동),063-252-0058
여수 시청점,전남 여수시 신월로 6-1 (신기동),061-685-5047
순천 연향 3지구점,전남 순천시 명말2길 10 (연향동),061-746-7469
구미 인동2호점,경북 구미시 인동중앙로6길 39 (인의동),054-475-2626
제주 법원점,제주도 제주시 연삼로 426 (이도이동),064-722-8810
장유 율하점,경남 김해시 장유로 374 (신문동),055-902-9595
양산 웅상점,경남 양산시 웅상대로 747 (덕계동),055-386-6899
거제 아주점,경남 거제시 아주로 43-4 (아주동) 1층,055-682-5224
부산 사상 엄궁점,부산시 사상구 대동로 10 (엄궁동)/서진빌딩 외1필지A동,051-322-8296
양천 신월점,서울시 양천구 남부순환로 556 (신월동),02-1661-8959
대구 달서 신당점,대구시 달서구 달구벌대로 1182 (신당동),053-585-4241
순천 서면점,전남 순천시 강청길 40  루마썬팅(순천소방소 옆),061-754-9778
프리미엄 평택점,경기도 평택시 만세로 1720 죽백동,031-656-7737
대구 달서 두류점,대구시 달서구 야외음악당로 179 (두류동),053-653-5525
경기 양평점,경기도 양평군 중앙로 371  (백안리),031-775-3239
원주 혁신도시점,강원도 원주시 치악로 1474 (단구동) 1487-6/1487-7,033-764-7138
일산 포소바점,경기도 고양시 일산동구 고양대로 864-20 (중산동),031-976-9171
부산 금정 부산대점,부산시 금정구 중앙대로 1672 (부곡동) 1층,051-583-7770
분당 야탑점,경기도 성남시 중원구 여수울로15번길 8-10 (여수동),031-751-8253
가드존점,서울시 서초구 언남12길 12 (양재동),02-577-4074
성남 시청점,경기도 성남시 중원구 성남대로 997 번길 45-6 1층 루마썬팅 성남시청점,031-751-6665
창원 가음점,경남 창원시 성산구 동산로 60 (상남동),055-284-6339
진해이동점,경남 창원시 진해구 충장로 450-1 (이동),055-551-8835
광주 신안점,광주시 북구 서암대로 87 (신안동),062-526-0406
울산북구4호점,울산시 북구 진장로 66,052-269-1030
광주 우산점,광주시 광산구 사암로 75 (소촌동),062-945-8565
부산 사상 개금점,부산시 사상구 가야대로230번길 3 (주례동),051-325-6800
광주 수완 도천점,광주시 광산구 임방울대로 578 (도천동) 루마썬팅,062-954-5700
영천 동부점,경북 영천시 동부로 78 (야사동) 루마썬팅,054-331-0020
평택 동삭점,경기도 평택시 도일유통길 31-16 104호 (도일동 1168-9),031-653-4916
강남 대치점,서울시 강남구 영동대로 309 (대치동),02-544-8228
순천조례호수점,전남 순천시 백강로 336 (조례동) 202호 루마썬팅,061-725-4888
신도림점,서울시 구로구 경인로63길 21-33 (신도림동),02-6101-1324
아산 용화점,충남 아산시 남부로 288-3 (용화동) 101-102호,041-546-1541
광주 계림점,광주시 동구 중앙로 329 계림동 1층 루마썬팅,062-430-8846
광주 백운점,광주시 남구 독립로 25 (백운동),062-652-0072
광주 첨단점,광주시 광산구 첨단봉산길 6 (산월동) 루마썬팅,062-972-5002
도봉점,서울시 도봉구 도봉로 761 (도봉동),070-4739-8003
제주 드림점,제주도 제주시 서광로 144 (오라이동) 루마썬팅드림점,064-721-0303
광주 광산점,광주시 광산구 왕버들로 167 (수완동) 루마썬팅,062-962-0121
광주 남구봉선점,광주시 남구 대남대로 115 (방림동) 1층 루마썬팅,062-674-2105
여수 웅천점,전남 여수시 웅남4길 25 (웅천동) 루마썬팅,061-682-7778
영주 진종합점,경북 영주시 원당로 71 (영주동) 루마썬팅,054-638-6630
광주 서구점,"광주시 서구 상무대로 1185-1, 101호(농성동)",062-528-0112
부산 초량점,부산시 동구 중앙대로274번길 7-7 (초량동) 105호 루마썬팅,051-465-8758
은평 응암점,서울시 은평구 연서로 30-1 (역촌동) 1층 루마썬팅,02-1600-2335
천안 종합운동장점 ,충남 천안시 서북구 백석로 41 백석동/주성빌딩,041-522-5735
대구 달서 월성점,대구시 달서구 월곡로99길 7-1 (월성동),053-581-2990
여수 무선점,전남 여수시 성산로 32 (화장동) 루마썬팅,061-691-6651
김해 시청점,경남 김해시 김해대로 2387 (부원동) 루마썬팅,055-338-6998
일산카존,경기도 고양시 일산서구 덕이로 281-5,031-921-8281
파주 월롱LCD점,경기도 파주시 송화로 176-1  (덕은리 192-3) 루마썬팅,031-945-1007
충북 진천점,충북 진천군 문화로 28  (장미웨딩홀 맞은편),043-533-2614
강서 염창점 ,서울시 강서구 공항대로71길 5 (염창동),02-3661-9826
김천 덕곡점,경북 김천시 영남대로 2097 (덕곡동),054-435-1072
전북 고창점,전북 고창군 중앙로 337 루마썬팅,063-564-8990
서귀포 중앙점,제주도 서귀포시 토평서로11번길 152 동홍동,064-763-5362
대구 수성 월드컵점 ,대구시 수성구 달구벌대로 3051 (시지동),053-792-0002
대전 대흥점 ,대전시 중구 충무로 156 문창동,042-222-1919
대전 서구 용문점,대전시 서구 도산로 464 (용문동),042-525-5511
안양 박달점,경기도 안양시 만안구 오리로52번길 93 박달동 루마썬팅,031-447-1133
광주 광천점 ,광주시 서구 죽봉대로 110 (광천동),062-366-8801
광주 수완2호점,광주시 광산구 임방울대로 468-1 (수완동) k모터스 루마썬팅,062-961-8560
의왕청계점,경기도 의왕시 백운로 591 (포일동),031-424-4810
대구 북구 칠곡점,대구시 북구 학정로 60 (태전동) 루마썬팅,053-311-0106
안양 평촌점,경기도 안양시 동안구 시민대로 349 관양동,031-422-3323
제주 오라점,제주도 제주시 오라로 59 (오라이동) 루마썬팅,064-748-7044
프리미엄 인천점 ,"인천시 남동구 소래역동로 1-6, 1층 (논현동)",032-438-8066
부산 수영 남천점 ,부산시 수영구 광안로16번길 52 (광안동) 태경더클레스센텀 101호,051-757-7463
양주 덕정점 ,경기도 양주시 평화로 1807 (회정동),031-858-5001
경기 김포점 ,경기도 김포시 풍무로 145-1 (풍무동),031-996-5418
울산달동 번영로점 ,울산시 남구 번영로 166 (달동) 현대해상사거리 아이나비남구점,052-275-2211
프리미엄 의정부점,경기도 의정부시 평화로 730 (가능동) 루마썬팅 의정부점,031-845-8822
강진점,전남 강진군 보은로 87  (평동리 134-2)루마썬팅,061-433-1107
오산 운암점(은계동),경기도 오산시 현충로 68 (은계동),031-374-5217
광주 풍암점 ,광주시 서구 매월1로 18 (매월동) 루마썬팅,062-655-4577
광주상무점 (치평),광주시 서구 상무대로 720 (마륵동) 루마썬팅,062-383-4001
성동마장점,서울시 성동구 고산자로 323 (마장동),02-2282-5688
자양점,서울시 광진구 동일로 34-11,010-4655-3246
평택 안중점,경기도 평택시 안현로 422,031-684-3461
전주 평화점 ,전북 전주시 완산구 평화로 178 (평화동1가),063-223-2664
여수 둔덕점 ,전남 여수시 좌수영로 330 (오림동),061-655-4114
철원점 ,강원도 철원군 금학로 128 (이평리),033-455-9440
해남점 ,전남 해남군 중앙1로 489  루마썬팅,061-536-8203
구미 신평점 ,경북 구미시 야은로 734 (신평동),054-444-0008
인천계양작전점 ,인천시 계양구 계양대로 103 (작전동) 2호,032-541-6363
PPF 용답점,서울시 성동구 천호대로 450 (용답동),010-3055-3566
한강 신도시점,"경기도 김포시 김포한강2로24번길 134-34, 상가101호 (장기동)",031-997-1822
목포 상동점 ,전남 목포시 백년대로 260 (상동),061-281-7989
경주 용강점 ,경북 경주시 원화로 517 용강동,054-742-3100
평택 합정점 ,경기도 평택시 중앙2로 122 합정동 쌍용자동차평택영업소 내 루마테크,031-653-0303
밀양 시청점,경남 밀양시 밀양대로 2063 교동,055-352-0875
포천점 ,경기도 포천시 호국로 1364 (어룡동),031-536-9595
안동 일창점 ,경북 안동시 서경지5길 20 (태화동),054-856-6868
부천 소사점,경기도 부천시 소안로 78,032-349-8767
대구수성범어2호점,대구시시 수성구 국채보상로 971 (만촌동 425-25) 루마썬팅,053-763-9482
구로 오류점,서울시 구로구 서해안로 2240 (오류동),02-3666-0216
대구서구북구청점 ,대구시 서구 옥산로 46-1 (원대동2가),053-353-6002
부산 동구점 ,부산시 부산진구 중앙대로 587-1 (범천동),051-266-7625
강원 홍천점,강원도 홍천군 무궁화로 76,033-433-0114
경기남부총판(쉴드런),경기도 화성시 동탄기흥로257번가길 20-9,031-224-8474
경북고령점,경북 고령군 중앙로 62,054-956-3855
창원 상남동점,경남 창원시 성산구 마디미서로 68 (상남동),055-237-0577
청주 성화점 ,충북 청주시 서원구 장전로32번길 13-1 (성화동),043-231-5011
원주 단구점 ,강원도 원주시 천매봉길 26-17 (단구동),033-765-3125
영등포구청 ,서울특별시 영등포구 영신로 216-1 (영등포동8가) 루마썬팅 영등포구청점,02-2671-1775
부산연제거제리점 ,부산시 연제구 거제천로 145 (거제동),051-864-5003
거제 상동점,경남 거제시 계룡로 56 (상동동),055-637-6601
진주 칠암점,경남 진주시 강남로 105 (칠암동) 루마썬팅,055-763-5355
부산 가야점(구 부산 진구 범천점),부산시 사상구 주감로 223,051-817-2998
부산북구금곡점 ,부산시 북구 금곡대로 604 (금곡동),051-363-1134
서초점,서울시 서초구 반포대로 73 서초동/서초빌딩 1층,02-2055-1004
부산하단신평점 ,부산시 사하구 하신중앙로 306 하단동 608-10,051-292-3330
전주 진북점,전북 전주시 덕진구 팔달로 326  (진북동363-16) 루마썬팅,063-277-1379
창원 소답점 ,경남 창원시 의창구 의창대로282번길 4-14 (중동) 아이네비,055-253-5537
남양주 진접점 ,경기도 남양주시 양진로 925  1층 루마썬팅,031-574-6708
청주 영운점,충북 청주시 상당구 영운천로 29 (영운동),043-221-1886
인천 주안점 ,인천시 미추홀구 인주대로 361,032-867-6976
평내 호평점 ,경기도 남양주시 경춘로 1318 (평내동),031-573-3420
용인 신갈점 ,경기도 용인시 기흥구 용구대로 1965 (상갈동) 몰상갈빌딩 101호,031-282-6562
전남 화순점 ,전남 화순군 화순읍 자치샘로 57,061-375-7001
대구 북구 읍내점 ,대구시 북구 동암로 11 (읍내동),053-325-7728
경북 칠곡 북삼점 ,경북 칠곡군 금오대로 251,054-977-1516
충남 서산점,충남 서산시 안견로 237 (동문동) 루마썬팅 서산점,041-665-1175
수지 풍덕천점 ,경기도 용인시 수지구 문인로3번길 14 (풍덕천동 675-12),031-261-2266
부산 중앙점 ,부산시 중구 중앙대로 123-3 (대창동1가) 루마썬팅 중앙점 (토요코인호텔 옆),051-441-8595
청주 수곡점 ,충북 청주시 서원구 수영로23번길 2(수곡동),043-234-9895
부천 원종점 ,경기도 부천시 소사로 829 루마썬팅 원종점 (비젼오토),032-675-5075
창원 신월점 ,경남 창원시 의창구 신월로20번길 1 (신월동),055-283-3139
부산남구3호점 ,부산시 남구 유엔로 217 (대연동)카오디오프라자 루마썬팅,051-624-1233
완도점,전남 완도군 장보고대로 207,061-552-2101
전주 백제로점<아성>,전북 전주시 완산구 백제대로 327  (중화산동2가 700-5),063-224-0464
화성 기아점  ,경기도 화성시 매화길 5-20  루마화성기아점,031-358-4800
프리미엄 금촌중앙점,경기도 파주시 중앙로 213 (금촌동),031-945-6077
화성 진안점 ,경기도 화성시 10용사로 372 (능동),031-8003-4461
대구 달성 논공점 ,대구시 달성군 논공로 756,053-617-3040
진해 태백점 ,경남 창원시 진해구 충장로 195,055-542-6685
익산 부송점,전북 익산시 궁동로 165 루마썬팅 (삼성동 주민센터 사거리에 위치),063-833-0550
중랑 망우점 ,서울시 중랑구 봉우재로 205 (망우동) 루마썬팅,02-436-0064
부산 진구 전포점 ,부산시 부산시진구 전포대로 198 (전포동),051-818-0234
서대문점,서울시 서대문구 증가로 103 (남가좌동) 루마썬팅,02-307-9108
문경점(구문경2호점),경북 문경시 당교6길 2 (모전동),054-553-9119
김천 부곡점 ,경북 김천시 영남대로 1580 평화동,054-430-2877
연신내점,서울시 은평구 통일로 938 (불광동),02-353-3335
광주 하남점 ,광주시 광산구 하남대로 111 (하남동),062-710-6666
부산 연제 양정점 ,부산시 연제구 연수로 59 (연산동),051-866-1233
부산 해운대 4호점 ,부산시 해운대구 해운대해변로 391 (중동) 1층,051-747-1518
울산남구오토클럽,울산시 북구 사청1길 5 (화봉동),052-276-9006
부산진구서면점,부산시 부산시진구 서면문화로 44-1 (부전동),051-806-5540
프리미엄 노원점,서울시 노원구 상계로 129 (상계동) 루마썬팅,02-939-3111
강동 구청점 ,서울시 강동구 올림픽로 588 성내동/귀뚜라미빌딩 1층 루마썬팅,02-484-2222
대구북구 서변점,"대구시 북구 호국로 249, 1층(서변동, 대도빌딩)",053-939-4889
일산 풍동점 ,경기도 고양시 일산동구 백마로 523 (풍동) 2호,031-904-7558
안산 초지점 ,"경기도 안산시 단원구 원포공원2로 24 (초지동)/마트자동차매매단지 117,118호",031-475-5455
강북 미아점,서울시 강북구 삼양로 921층  (미아동1261-412),02-945-0050
구미 문성점 (구 구미선산점),경북 구미시 들성로 293  (문성리),054-481-9394
안동 강남점 ,경북 안동시 강남14길 7-17 (정하동 236-8),054-854-5855
의정부 금오점 ,경기도 의정부시 부용로19 스마트 빌딩 1층,031-838-7477
속초교동점 ,강원도 속초시 먹거리9길 26 교동  오토프라자B/D 1층,033-631-2828
서수원점,경기도 수원시 권선구 구운로63번길 56-26 (구운동),010-6382-6747
김해 장유점 ,경남 김해시 능동로 61 삼문동,055-314-0187
대전 도안점 ,대전시 유성구 계룡로74번길 85 (봉명동),042-822-3463
부산 정관점 ,부산시 기장군 용수로 69  (용수리),051-727-6311
진해 용원점 ,경남 창원시 진해구 용재로 53  (용원동 1193-16),055-541-0708
포항 북부점 ,경북 포항시 북구 삼호로 157 (항구동),054-255-5506
인천부평부흥점,인천시 부평구 장제로 124 (부평동),032-522-0762
프리미엄 동해 효가점 ,강원도 동해시 동해대로 4996 (효가동),033-521-1828
대구 북구 홈플러스점 ,대구시 북구 중앙대로 554 (침산동),053-427-5643
화성 발안점,경기도 화성시 삼천병마로 355-83,031-353-9035
전주 중화산점 ,전북 전주시 완산구 메너머3길 144  진우자동차,063-245-0333
군산 나운점(구 군산문화점),전북 군산시 대학로 380 (나운동),063-445-1423
포항북구2호점 ,경북 포항시 북구 새천년대로 514 죽도동,054-277-8171
화성 반송점 ,경기도 화성시 동탄반송3길 57-1 (반송동),031-8015-4449
울산 무거 1호점 ,울산시 남구 삼호로 35-1 (무거동),052-224-1515
거제 고현2호점 ,경남 거제시 거제중앙로31길 15 (고현동) 루마썬팅고현점,055-634-1101
울산 울주 범서점 ,울산시 울주군 울밀로 2816,052-222-5572
대구 수성구청점,대구시 수성구 범어로 174 (범어동),053-325-6001
김해 진영점,경남 김해시 진영읍 장등1로 48 102호,055-342-5767
마산 양덕점 ,경남 창원시 마산회원구 양덕천길 157 (양덕동),055-292-4946
동두천점,경기도 동두천시 평화로2169번길 13 송내동,031-858-1240
마산석전점 ,경남 창원시 마산회원구 3·15대로 609 석전동,055-252-3183
평택 서정점 ,경기도 평택시 서정북로 89 (서정동),031-668-9333
송파풍납1호점,서울시 송파구 한가람로 437  (풍납동 동아한가람아파트101동 옆),02-483-1555
당진 신평점 ,충남 당진시 덕평로 1438  1층 카마을,041-363-9928
익산 송학점 ,전북 익산시 군익로 385,063-858-3131
강릉 포남점,강원도 강릉시 강릉대로 388 (포남동),033-653-7224
성동점,서울시 성동구 광나루로6길 49 성수동2가/모터씨티빌딩,02-461-5552
포항장성점,경북 포항시 북구 새천년대로 1335 (장성동),054-246-3838
울산 북구 2호점 ,울산시 북구 진장로 73 진장동 루마썬팅,052-276-1612
울산 언양점,울산시 울주군 봉화로 25,052-254-5445
울산남구신정점/(구 남구 야음점),울산시 남구 중앙로 125 신정동 770-1 (중앙로 125),052-265-9974
충북 금왕점 ,충북 음성군 응천동길 4,043-883-0077
진주 신안점 ,경남 진주시 신안로 16 (신안동),055-746-1887
김해 동상점,경남 김해시 가야로 454 (동상동) 101호,055-337-2260
구미 인동점,경북 구미시 인동남길 32 (진평동),054-471-5011
대전 가오점 ,대전시 동구 대전시로 535 (천동 71-30),042-284-8080
원주 무실점 ,강원도 원주시 송삼길 213 (무실동),033-763-0137
광주 수완점 ,광주시 광산구 수완로49번길 8 (수완동) 진영모터스 (루마썬팅),062-955-4784
광주 북구 양산점,광주시 북구 연양로 81 (양산동),062-571-1915
대구 이천점,대구시 남구 명덕로 230-1 (이천동),053-473-3543
수원 서부점,경기도 수원시 권선구 서부로 1610 (고색동),031-293-1451
구미 옥계점,경북 구미시 산호대로24길 5 옥계동/골드캐슬,054-444-1148
제주 연동점,제주도 제주시 일주서로 7818 연동 101호  루마썬팅,064-749-4851
전주 인후점,전북 전주시 덕진구 백제대로 690 (인후동2가),063-246-0105
강동 성내점,서울시 강동구 풍성로 168 (성내동),02-475-5615
청주 용암점,충북 청주시 서원구 산미로 56 (미평동),043-285-3900
강북구점,"서울시 강북구 덕릉로 150-1 (번동) 1층, 루마썬팅",02-981-8200
목동점,서울시 강서구 등촌로 53 (화곡동),02-2652-6571
청주 율량점(구 청주 미평점),충북 청주시 청원구 율천북로165번길 7 ( 율량동 958번지 ) 청주여고정문 입구,043-294-4141
대구달서 유천점,대구시 달서구 달서대로 89 (유천동),053-635-3232
대구달서 진천점,대구시 달서구 월배로 24 (진천동),053-641-2552
일산 킨텍스점,경기도 고양시 일산동구 장대길 160-58  장항동,031-914-6666
천안 백석점,충남 천안시 서북구 백석5길 33 백석동/매직카,041-554-5463
부산 남구2호점,부산시 남구 유엔로 223 (대연동),051-627-5158
광주 임동점,광주시 북구 자동차로 36 (임동),062-528-8861
김제 요촌점,전북 김제시 벽성로 559 (하동),063-546-0395
대전중구 대사점,대전시 중구 충무로 106 (대사동 84-15),042-254-1506
광주 신가점,광주시 광산구 목련로 345-1 (신가지구 입구),062-956-0217
프리미엄 판교점,경기도 성남시 분당구 동판교로52번길 26 (백현동 595-3),031-703-7799
울산 꾸밈방점,울산시 동구 방어진순환도로 531 (방어동),052-201-7388
광주 동광주점,광주시 북구 각화대로 5 (각화동),062-252-3621
프리미엄 홍성점,충남 홍성군 홍장북로 450,041-631-2125
의왕 고천점,경기도 의왕시 고천공업로 3 (고천동),031-455-0136
안산 월피점,경기도 안산시 상록구 월피로 93 월피동,031-405-8588
대전서구 관저점,대전시 유성구 계백로 967 (원내동),042-545-2357
프리미엄 구리점 ,경기도 구리시 동구릉로33번길  25-15(인창동),031-551-2236
부산사하 다대포점,부산시 사하구 사하로 1 (구평동),051-266-7204
인천옥련점(구 인천동춘점),인천시 연수구 앵고개로 115 (동춘동),032-832-2525
전북 부안점,전북 부안군 오리정로 68-1 /차사랑자동차용품백화점 68-1,063-581-7787
포항 대잠점,경북 포항시 남구 새천년대로 450 (대잠동) 1층,054-283-1771
통영2호점,경남 통영시 남해안대로 1039,055-642-0337
창원 수출자유지역점,경남 창원시 마산회원구 봉양로 185 (봉암동),055-252-8818
부산동래사직점,부산시 동래구 아시아드대로 169 (사직동),051-504-5044
목포하당점,전남 목포시 통일대로 78 (상동),061-284-5515
춘천 칠전점,강원도 춘천시 칠전동3길 35 (칠전동),033-264-8391
시화 정왕점,경기도 시흥시 옥구공원로 189 (정왕동) 로얄퍼스트빌 110,031-434-1080
성북 장위점,서울시 성북구 화랑로 309 장위동,02-919-7230
대구달서 성서점,대구시 달서구 성서로 358 이곡동 1층,053-551-7100
대구달서 대천점,대구시 달서구 월암로 89 (대천동) 1층,053-584-4230
대구달서 죽전점,대구시 달서구 와룡로57길 1 (죽전동),053-563-0980
대구수성 카코,대구시 동구 화랑로 35 CARCO,053-751-2332
일산 탄현점,경기도 고양시 일산서구 경의로 823 덕이동,031-917-9181
경남 고성점,경남 고성군 중앙로 134  소가야별관1층,055-674-7989
프리미엄 영대점,경북 경산시 대학로 215 (계양동),053-801-6060
한신대점,경기도 화성시 한신대길 69 (안녕동),031-226-8994
김천 신음점,경북 김천시 시청로 187 (신음동),054-431-9600
프리미엄 석적점,경북 칠곡군 강변대로 2446,054-977-5381
거제 옥포점,경남 거제시 거제대로 3797 드림카오디오 네비매립전문점,055-687-6612
광주 동림점,광주시 북구 하남대로 645 (동림동),062-511-7880
구미도량점,경북 구미시 야은로 385 (도량동),054-455-0015
강서화곡점,서울시 강서구 화곡로 258 (화곡동/대한빌딩) 1층,02-2696-2600
대전 노은점,대전시 유성구 노은동로 89(노은동),042-822-9449
금천점,서울시 금천구 시흥대로 177,02-864-3358
대전 테크노점,대전시 유성구 관들1길 54-3 (관평동),042-933-4654
대전 용전점,"대전시 동구 계족로 454, 1층 (용전동)",042-628-2613
장안평점,서울시 동대문구 한천로 4  1층  루마썬팅,02-2242-7035
태백점,강원도 태백시 황연길 59 (황지동),033-552-9035
삼척점,강원도 삼척시 중앙로4길 14-34 (남양동) 자동차관리클럽,033-574-0158
여수광무점,전남 여수시 좌수영로 158 (연등동),061-642-6420
프리미엄 포천점,경기도 포천시 호국로 936 (선단동)  프리미엄루마선팅,031-544-4568
종로 대학로점,서울시 종로구 율곡로 221 (이화동),02-741-5300
충남 서천점,충남 서천군 서천로 207,041-952-3773
동백 어정점,경기도 용인시 기흥구 어정로 89  (상하동 465-5번지),031-281-4411
수원 성대점,경기도 수원시 장안구 서부로 2065 (율전동),031-293-8200
경주 성건점,경북 경주시 금성로 380 (성건동),054-773-8211
목포석현점,전남 목포시 영산로 715 석현동 금강자동차,061-282-5488
대구수성 범어점,대구시 수성구 들안로 207-1 (중동),053-761-6575
충남 보령점,충남 보령시 매방아2길 2-9 (동대동),041-935-8628
판교 궁내점,경기도 성남시 분당구 대왕판교로 255 (궁내동) 드림상가102,031-711-1515
성남 수정구점,경기도 성남시 수정구 산성대로 55 수진동,031-721-5254
대전대덕중리점(구 신탄진점),대전시 동구 한밭대로 1225 (용전동),042-623-7480
창원 팔용점,경남 창원시 의창구 팔용로 395 (팔용동),055-251-8991
울산남구3호점,울산시 남구 화합로 238 (삼산동),052-256-0730
광양중동점,전남 광양시 중마로 181 (중동),061-791-5855
서부역점,서울시 용산구 청파로 359 (서계동),02-711-8001
대구수성 시지점,대구시 수성구 달구벌대로 3016 (시지동),053-794-8286
거창점,경남 거창군 거함대로 3177,055-941-0698
아산 실옥점,충남 아산시 아산로141번길 17-8 (실옥동),041-547-3336
군포 금정점,경기도 군포시 금정로18번길 2 (금정동),031-456-4265
청주 비하점,충북 청주시 흥덕구 2순환로 1126 (비하동),043-234-9897
춘천 퇴계점,"강원도 춘천시 효자로24번길 4, 1층(퇴계동)",033-255-3702
송파잠실점,서울시 송파구 삼전로 39 (잠실동),02-420-5022
이천 부발점,경기도 이천시 경충대로 2174  (신하리),031-632-1633
경남합천점,경남 합천군 대야로 920  루마썬팅,055-932-0696
대구동대구점,"대구시 동구 화랑로 59, 1층(신천동) 1층",053-959-0033
프리미엄 광명점,경기도 광명시 신촌로15번길 27 소하동,02-2613-3086
인천서구검단점,인천시 서구 서곶로 770 (당하동),032-565-7772
울산북구 진장점,울산시 북구 진장유통로 11 진장동 (차량등록사업소 정문옆),052-227-0333
안산단원와동점,경기도 안산시 단원구 선부로 288 (와동),031-403-2334
군산시청점,전북 군산시 번영로 178 (조촌동),063-451-0301
군산수송점,전북 군산시 공단대로 252 (수송동),063-451-7700
경북 상주점,경북 상주시 경상대로 2967 낙양동,054-536-6069
경남 함양점 ,경남 함양군 함양로 1213,055-963-4997
부산 연산점,부산시 연제구 연동로8번길 54 경복빌딩 101호,051-853-8246
대구수성만촌<제일>,대구시 수성구 국채보상로 931 (만촌동),053-756-2384
진천 광혜원점,충북 진천군 장기길 11,043-535-8252
인천남동<구월점>,인천시 남동구 인주대로 647 (구월동),032-426-8284
영주점,경북 영주시 시청로2번길 33,054-631-7676
부산사상 주례점,부산시 사상구 학장로 256-1 (주례3동),051-315-0705
김해외동점,경남 김해시 전하로 269(외동),055-334-9912
대구동구 방촌점,대구시 동구 화랑로 439 방촌동,053-983-0028
대구북구 구암점,대구시 북구 팔거천동로 20 (구암동),053-322-6381
천안직산점,충남 천안시 서북구 천안대로 1409 (신당동),041-583-0226
용인구성점,경기도 용인시 기흥구 용구대로 2444 (보정동),031-274-0830
울산중구 반구점,울산시 중구 구교로 251 반구동,052-297-5292
양산신기점,경남 양산시 양산대로 852 (북부동),055-367-1847
시흥대야점,경기도 시흥시 복지로99번길 15 (대야동),031-314-3088
통영점,경남 통영시 중앙로 332 (무전동/carfe현우상사),055-649-5400
안산단원호수점,경기도 안산시 단원구 광덕3로 51 초지동 1층,031-475-8222
울산남구2호점,울산시 남구 돋질로 376 (삼산동),052-273-1243
부산금정 구서점,부산시 금정구 중앙대로1826번길 6,051-515-4720
동해 천곡점,강원도 동해시 동굴로 103 (천곡동),033-535-0440
마산구암점,경남 창원시 마산회원구 팔용로 259 (구암동) 우신빌딩 101호,055-296-3692
창원 중앙점,경남 창원시 성산구 외동반림로 140 (중앙동),055-266-1418
창원 대방점,경남 창원시 성산구 가음로 56 (가음동),055-264-6350
익산 원대로점,전북 익산시 어곳2길 48 (어양동),063-856-0058
여수신기점,전남 여수시 쌍봉로 172 (신기동),061-682-7070
포항 죽도점(구 포항북구3호점),경북 포항시 북구 중흥로 148 (죽도동) 루마썬팅 죽도점,054-285-7576
부산사상 모라점,부산시 사상구 모라로 82 루마썬팅 (모라동 905-2),051-302-7446
부산해운대2호점,부산시 해운대구 좌동순환로15번길 39 좌동,051-731-5425
포항오천점,경북 포항시 남구 정몽주로 813 (청림동),054-292-8255
프리미엄 청전점,충북 제천시 명륜로 23-1,043-644-1146
부산진구서면연지점,"부산시 부산시진구 성지로 4 (연지동,동원통상}",051-806-3933
목포용당점,전남 목포시 산정로 39 (산정동),061-279-7604
경남 삼천포점,경남 사천시 삼상로 95 (벌리동/모비스카페24시),055-833-0855
부산사하 하단점,부산시 사하구 괴정로 75 (하단동),051-205-4644
경남 사천읍점,경남 사천시 옥산로 19-2 (사천읍),055-852-9033
프리미엄 대구본동점,대구시 달서구 구마로 76 본동,053-551-6431
동대문답십리점,서울시 동대문구 사가정로 31 (답십리동),02-2212-3801
영천 중앙점,경북 영천시 최무선로 278 (과전동),054-331-8171
서초 방배점,서울시 서초구 효령로 175 (서초동),02-3472-6005
프리미엄 서초반포점,서울시 서초구 신반포로 312,02-553-2522
포항형산점(구 오광장점),경북 포항시 남구 중앙로 26 (해도동),054-277-6111
전주 아중점,전북 전주시 덕진구 아중로 130 (인후동1가),063-245-2369
오창과학단지점,충북 청주시 청원구 양청2안길 29  (양청리),043-218-8945
하남점,경기도 하남시 천현로 1 (천현동),031-795-2047
충주 성남점,충북 충주시 사직로 242 (성남동),043-855-8621
대구서구 만평점,대구시 서구 팔달로 100 (비산7동),053-559-5355
인천서구청점,인천시 서구 경명대로 666-1 (공촌동),032-568-0240
안산 고잔점,경기도 안산시 상록구 용신로 256 (사동) 그랑프리B/D 전관,031-502-7878
거제 고현점,경남 거제시 고현로 150 (고현동),055-635-9881
구미송정점,경북 구미시 신시로10길 43 (송정동),054-443-3332
천안신방점 (구 두정점),충남 천안시 동남구 충무로 60 (신방동),041-574-2255
프리미엄 진량점,경북 경산시 진량읍 낙산길 61,053-854-2266
부산동래수안점,부산시 동래구 명륜로 50 (수안동),051-555-0217
김천점 ,경북 김천시 신음3길 2 (신음동),054-435-8333
군산조촌점,전북 군산시 조촌로 128 조촌동/자동차용품백화점,063-452-5005
이천점,경기도 이천시 이섭대천로 1177 (중리동),031-632-6257
제주 연삼로점,제주도 제주시 연미길 1 (오라이동),064-747-4733
경북칠곡왜관점,경북 칠곡군 중앙로 65-1  루마썬팅,054-973-5989
대구 달성 화원점,대구시 달성군 비슬로 2502  (화원읍),053-634-1311
서귀포점,제주도 서귀포시 중앙로 114 (동홍동),064-732-0417
포항남구대도점,경북 포항시 남구 대해로 97 (대도동),054-283-7575
동김해점,경남 김해시 인제로 93 어방동 루마썬팅,055-327-3360
충주 봉방동점,충북 충주시 봉현로 104-1 (봉방동),043-853-8315
안동 태화점,경북 안동시 경동로 502(태화동) 루마썬팅태화점,054-853-2029
프리미엄 천운점,대구시 중구 명덕로35길 27 남산동 천운모터스,053-256-3541
경산점(중산),경북 경산시 경산로 277 중산동,053-816-1420
대구수성<리무진>,대구시 수성구 무학로 161 (지산동),053-768-9886
프리미엄 경주 성동동점,경북 경주시 북문로 123 (성동동),054-773-6781
창원 대원동점,경남 창원시 의창구 두대로 73 (대원동),055-273-0577
창원 사림동점,경남 창원시 의창구 사림로 6 (사림동 100-8),055-266-6484
동진주점,경남 진주시 상대로 71 (하대동),055-758-6952
신마산점(디아트),경남 창원시 마산합포구 해안대로 314 (신포동2가),055-221-8089
부산 남구점,부산시 남구 유엔로 226(대연동) 미래상사,051-624-9014
부산 사하구점,부산시 사하구 낙동대로 386 (당리동),051-292-3340
부산 북구점,부산시 북구 금곡대로 108 진명통상 (덕천동),051-342-2307
대전중구 산성점,대전시 중구 문화로 46 (산성동) 썬팅타운,042-581-5812
익산 영등점,전북 익산시 고봉로 289 (영등동/국민건강보험공단 옆),063-857-7491
남원 도통점,전북 남원시 충정로 161 (향교동) 오토하우스,063-625-1100
전주 덕진점,전북 전주시 덕진구 들사평1길 50 (덕진동1가),063-253-0577
순천 연향점 (구 덕암점),전남 순천시 장자보3길 48 (연향동) 루마썬팅,061-741-1191
세종 조치원점,세종시 번암안동네길 6 (조치원읍),044-863-6099
프리미엄 천안 성정점,충남 천안시 서북구 쌍용대로 212 (성정동/루마썬팅),041-578-5335
강릉점,강원도 강릉시 강릉대로 433 (포남동) 루마썬팅 강릉점,033-646-6688
인천 남구점,인천시 미추홀구 석정로 40-4,032-887-7100
분당 1호점,경기도 성남시 분당구 느티로63번길 25 (정자동) 1층,031-715-2212
성남 중원구점,경기도 성남시 중원구 둔촌대로 148 (하대원동),031-734-0605
안양 동안구점,경기도 안양시 동안구 경수대로 520 (호계동),031-454-8111
수원 장안구점,경기도 수원시 장안구 수성로 382 (영화동),031-241-1682
마포 합정점,서울시 마포구 동교로 46 (합정동),02-323-9826
프리미엄 영등포점(보라매),서울시 영등포구 신풍로 107 (신길동) 루마썬팅점,02-835-3355
강동점,서울시 강동구 상암로 293 (명일동),02-426-5424
송파가락점,서울시 송파구 중대로 199 (가락동)성원빌딩 101호,02-448-9818
