name,addr,tel,time
춘천롯데마트,강원도 춘천시 방송길 84(온의동) 롯데마트 춘천점,033-257-1318,10:00 ~21:00
춘천이마트,강원도 춘천시 경춘로 2353이마트 춘천점,033-244-1318,10:00 ~21:00
춘천명동대리점,강원도 춘천시 명동길 13-1(조양동),033-252-7747,10:00 ~21:00
T춘천롯데마트,강원도 춘천시 방송길 84(온의동) 롯데마트 춘천점,033-257-1318,10:00 ~21:00
T강릉이마트,강원도 강릉시 경강로 2398-10(송정동),033-561-7402,10:00 ~21:00
속초,강원도 속초시 중앙로 94(청학동),033-631-5592,10:00 ~21:00
동해대리점,강원도 동해시 중앙로 248(천곡동),033)533-1888,10:00 ~21:00
원주HYS(상설),강원도 원주시 원일로 61(일산동),033)745-2574,10:00 ~21:00
강릉대리점,"강원도 강릉시 경강로 2100(임당동,신영상가내)",033-643-7400,10:00 ~21:00
태백대리점,강원도 태백시 황지로153(황지동),033-552-3106,10:00 ~21:00
AK원주,강원도 원주시 봉화로1(단계동),033-811-5778,10:00 ~20:00
신양구,강원도 양구군 양주읍 중앙길 14,033)481-8877,10:00 ~21:00
속초이마트,"강원도 속초시 설악금강대교로 12(청호동, 이마트내)",033-631-5592,10:00 ~21:00
T속초이마트,"강원도 속초시 설악금강대교로 12(청호동, 이마트내)",033-631-5592,10:00 ~21:00
삼척점,"강원도 삼척시 척주로 26, 104호 (남양동)",033-573-4441,10:00 ~21:00
원주,강원도 원주시 원일로 127(일산동),033-746-9339,10:00 ~21:00
원주HYS,강원도 원주시 원일로 61(원동),033-745-2574,10:00 ~21:00
T신양구,강원도 양구군 양주읍 중앙길14,033-481-8877,10:00 ~21:00
T태백대리점,강원도 태백시 황지로153(황지동),033-552-3106,10:00 ~21:00
평창,강원도 평창군 평창읍 평창중앙로24,033-333-3338,10:00 ~21:00
T평창,강원도 평창군 평창읍 평창중앙로24,033-333-3338,10:00 ~21:00
이마트강릉점,"강원도 강릉시 경강로2398-10(송정동, 이마트)",033-651-7402,10:00 ~21:00
이마트강릉점(행사),"강원도 강릉시 경강로2398-10(송정동, 이마트)",033-651-7402,10:00 ~21:00
원주점(행사),강원도 원주시 원일로127,033-746-9339,10:00 ~21:00
T풍무홈플러스,경기도 김포시 풍무로 167(풍무동) 홈플러스 풍무점,031-987-8197,10:00 ~21:00
성남세이브존,경기도 성남시 수정구 산성대로 337(신흥동) 세이브존 성남점,031-730-1699,10:00 ~21:00
롯데파주상설,경기도 파주시 회동길 390 롯데아울렛 파주점 B-1 1층,031-960-2908,10:00 ~21:00
죽전이마트,경기도 용인시 수지구 포은대로 552(죽전동) 이마트 죽전점,031-898-0096,10:00 ~21:00
T하남이마트,경기도 하남시 덕풍서로 70이마트 하남점,031-791-2471,10:00 ~21:00
T서수원이마트,경기도 수원시 권선구 수인로 291(구운동) 이마트 서수원점,031-294-6882,10:00 ~21:00
AK수원,경기도 수원시 팔달구 덕영대로 924(매산로1가) AK백화점,031-240-1808,10:00 ~20:00
의정부녹양HYS,경기도 의정부시 평화로758번길 6G동 101호,031)821-8890,10:00 ~21:00
신세계의정부,"경기도 의정부시 평화로 525(의정부동,신세계백화점)",031-8082-0661,10:00 ~20:00
롯데분당,경기도 성남시 분당구 황새울로200번길 45  (수내동),031-738-2515,10:00 ~20:00
광명소하이마트,경기도 광명시 소하로 97(소하동) 이마트 광명소하점,02-897-5356,10:00 ~21:00
수원이마트,경기도 수원시 권선구 경수대로 270(권선동)？이마트 수원점,031-207-1286,10:00 ~21:00
서수원이마트,경기도 수원시 권선구 수인로 291(구운동) 이마트 서수원점,031)294-6882,10:00 ~21:00
수지이마트,경기도 용인시 수지구 수지로 203(신봉동) 이마트 수지점,031)264-9669,10:00 ~21:00
T오산이마트,경기도 오산시 경기대로 181(원동) 이마트 오산점,031-372-2384,10:00 ~21:00
롯데파주직영,경기도 파주시 회동길 390 롯데아울렛 파주점 B-1 1층,031-960-2908,10:00 ~20:00
김포홈플러스,경기도 김포시 중봉로 14(감정동)  홈플러스 김포점,031-981-8197,10:00 ~21:00
풍무홈플러스,경기도 김포시 풍무로 167(풍무동) 홈플러스 풍무점,031)987-8197,10:00 ~21:00
안산고잔NC,경기도 안산시 단원구 광덕대로 194NC백화점 고잔점,031-436-4308,10:00 ~20:00
금촌,경기도 파주시 문화로 103-2,031)941-2343,10:00 ~21:00
소래정은패션아울렛,경기도 시흥시 수인로 3433  정은패션타운(신천동),031)311-3703,10:00 ~21:00
고양HYS(상설),경기도 고양시 일산서구 탄중로 101번지13 (덕이동) A동,031)921-7477,10:00 ~21:00
의정부녹양HYS(상설),경기도 의정부시 평화로758번길 6G동 101호,031)821-8890,10:00 ~21:00
여주,경기도 여주시 세종로14번길 6-1(홍문동),031)885-2132,10:00 ~21:00
부천대리점,경기도 부천시 원종동 374-2 능력프라자 1층(원종동),032)676-8988,10:00 ~21:00
의정부HYS,경기도 의정부시 행복로 27,031)846-3393,10:00 ~21:00
산본뉴코아,경기도 군포시 번영로 504(산본동) 뉴코아아울렛,031-392-0196,10:00 ~21:00
김포HYS,경기도 김포시 양촌읍 김포대로 1641,031-986-7878,10:00 ~21:00
의정부HYS(상설),경기도 의정부시 행복로 27,031)846-3393,10:00 ~21:00
T광명소하이마트,경기도 광명시 소하로 97(소하동) 이마트 광명소하점,02-897-5356,10:00 ~21:00
화정세이브존,경기도 고양시 덕양구 화정로 52(화정동) 세이브존 화정점,031)970-1991,10:00 ~21:00
현대킨텍스,경기도 고양시 일산서구 호수로 817 현대백화점 5층,031-822-3530,10:00 ~20:00
롯데중동,경기도 부천시 원미구 길주로 300  (중동),032)320-7530,10:00 ~20:00
롯데구리,경기도 구리시 경춘로 261  (인창동),031)550-7546,10:00 ~20:00
김포HYS(상설),경기도 김포시 양촌읍 김포대로 1641,031)986-7878,10:00 ~21:00
T수원이마트,경기도 수원시 권선구 권선동 1189 이마트2층,031-207-1286,10:00 ~21:00
이천이마트,경기도 이천시 이섭대천로 1440-50(증포동),031-637-3311,10:00 ~21:00
영통롯데쇼핑,경기도 수원시 영통구 봉영로 1579(영통동) 롯데쇼핑 영통점,031-204-1335,10:00 ~21:00
고양HYS,경기도 고양시 일산서구 탄중로101번지 13 (덕이동) A동,031)921-7477,10:00 ~21:00
T이천이마트,경기도 이천시 이섭대천로 1440-50(증포동),031-637-3311,10:00 ~21:00
분당2001,경기도 성남시 분당구 미금일로 154번길 20(구미동),031-719-4799,10:00 ~20:00
용인,경기도 용인시 처인구 금령로 105(김량장동),031)335-2618,10:00 ~21:00
오산이마트,경기도 오산시 경기대로 181(원동)  이마트 오산점,031)372-2384,10:00 ~21:00
시화이마트,경기도 시흥시 정왕대로 210(정왕동) 이마트 시화점,031-497-5082,10:00 ~21:00
평촌뉴코아,경기도 안양시 동안구 동안로 119(호계동)？뉴코아아울렛 평촌점,031-388-0211,10:00 ~20:00
하남이마트,경기도 하남시 덕풍서로 70이마트 하남점,031-791-2471,10:00 ~21:00
T죽전이마트,경기도 용인시 수지구 포은대로 552,031-898-0096,10:00 ~21:00
양주VPlusHYS,"경기 양주시 평화로1597번길 41 (회정동,1층)",031-894-2645,10:00 ~21:00
롯데구리직영,경기도 구리시 동구릉로136번길 47(인창동) 롯데아울렛 5층,031-8034-2513,10:00 ~20:00
롯데구리상설,경기도 구리시 동구릉로136번길 47(인창동) 롯데아울렛 5층,031-8034-2513,10:00 ~21:00
롯데수원,경기도 수원시 권선구 세화로 124(서둔동),031-8066-0544,10:00 ~20:00
가평,경기도 가평군 가평읍 가화로 112,031-582-4346,10:00 ~21:00
T안산고잔NC,경기도 안산시 단원구 광덕대로 194 안산NC 4층,031-436-4308,10:00 ~21:00
롯데광명상설,경기 광명시 일직로 17(롯데 프리미엄 아울렛 광명점) 3층,02-6226-2387,10:00 ~21:00
롯데광명직영,경기 광명시 일직로 17(롯데 프리미엄 아울렛 광명점) 3층,02-6226-2387,10:00 ~20:00
스타필드고양직영,"경기도 고양시 덕양구 고양대로1972-6, 2층 2256호 (동산동)",031-5173-2069,10:00 ~21:00
성남직영상설,경기도 성남시 수정구수정로 115(태평동),031-753-5566,10:00 ~21:00
성남직영,경기도 성남시 수정구수정로 115(태평동),031-753-5566,10:00 ~21:00
구리남양주모다직영,경기도 구리시 갈매동 268-33층 프로스펙스,031-514-8554,10:00 ~21:00
구리남양주모다직영상설,경기도 구리시 갈매동 268-33층 프로스펙스,031-514-8554,10:00 ~21:00
분당이마트,경기도 성남시 분당구불정로 134 이마트 분당점 2층,0317155560,10:00 ~21:00
T분당이마트(행사),경기도 성남시 분당구불정로 134 이마트 분당점 2층,01044175550,10:00 ~21:00
T일산뉴코아(행사),"경기도 고양시 일산동구 중앙로 1206지하2층 프로스펙스(마두동, 뉴코아백화점일산점)",01083636734,10:00 ~21:00
일산뉴코아,"경기도 고양시 일산동구 중앙로 1206 지하2층프로스펙스(마두동, 뉴코아백화점일산점)",0319040563,10:00 ~21:00
동수원뉴코아,"경기도 수원시 팔달구 인계로154, 5층(인계동, 동수원뉴코아아울렛)",031-239-8364,10:00 ~20:00
곤지암모다직영상설,경기도 광주시 초월읍 경충대로 9073층 모다아울렛곤지암점,031-797-3908,10:00 ~21:00
삼패아울렛직영,경기도 남양주시 고산로237 (삼패동),031-577-9875,10:00 ~21:00
삼패아울렛직영정상,경기도 남양주시 고산로237 (삼패동),031-577-9875,10:00 ~21:00
산본이마트,"경기도 군포시 산본로347, 3층(산본동, 이마트백화점)",031-399-3002,10:00 ~21:00
T산본이마트,"경기도 군포시 산본로347, 3층(산본동, 이마트백화점)",010-8885-3665,10:00 ~21:00
일산그랜드,"경기도 고양시 일산서구 중앙로1436(주엽동, 그랜드백화점)",031-919-0563,10:00 ~21:00
T일산그랜드,"경기도 고양시 일산서구 중앙로1436(주엽동, 그랜드백화점)",010-8383-1883,10:00 ~21:00
야탑NC,경기도 성남시 분당구야탑로81번길 11,031-709-5389,10:00 ~21:00
부천소풍NC,"경기도 부천시 원미구 송내대로 239, 5층 (원미구 송내대로 239, 5층 (상동, 소풍)",032-624-7409,10:00 ~21:00
유엠아이,"경기도 성남시 분당구 판교로 700E동 604, 604-1호(야탑동)",02-2261-3355,10:00 ~21:00
안산한양대,"경기도 안산시 상록구 삼리로 49102호(사동, 의류상설할인매장 B동)",031-407-7733,10:00 ~21:00
동탄메타폴리스,"경기도 화성시 동탄중앙로220,센터포인트몰 A블럭(반송동)",0313716971,10:00 ~21:00
T고잔이마트(행사),"경기도 안산시 단원구 원포공원1로 46, 3층(초지동, 이마트)",01096564328,10:00 ~21:00
고잔이마트,"경기도 안산시 단원구 원포공원1로 46, 3층(초지동, 이마트고)",0314144328,10:00 ~21:00
T김포홈플러스,경기 김포시 감정동692 홈플러스 1층,01089498197,10:00 ~21:00
평택뉴코아,경기도 평택시 경기대로279(비전동),031-650-6218,10:00 ~20:00
T평택뉴코아,경기도 평택시 경기대로279(비전동),031-650-6218,10:00 ~20:00
T안양이마트(행사코드),경기도 안양시 동안구 관악대로 104동안구 관악대로 104,010-2689-8325,10:00 ~21:00
남양주오렌지점,경기도 남양주시 화도읍 경춘로 1725,031-593-5332,10:00 ~21:00
지앤지컴퍼니,경기도 용인시 수지구 포은대로 362번길 2-19,031-266-3431,10:00 ~21:00
T수지이마트,경기 용인시 수지구 수지로 203 이마트 수지점,031-2964-9669,10:00 ~21:00
수원터미널NC,경기도 수원시 권선구 경수대로 270 (권선동),031-267-6200,10:00 ~20:00
수원터미널NC상설,경기도 수원시 권선구 경수대로 270 (권선동),031-267-6200,10:00 ~20:00
인덕원HYS,경기도 안양시 동안구 시민대로 396(평촌동),031-426-5425,10:00 ~21:00
오산모다아울렛,"경기도 오산시 경기대로 822-30, 모다아울렛지하1층",010-3739-9061,10:00 ~21:00
T신세계하남,경기도 하남시 신장동 616경기도 하남시 신장동 616,031-8072-1927,10:00 ~20:00
신세계하남,경기도 하남시 신장동 616경기도 하남시 신장동 616,031-8072-1927,10:00 ~20:00
포천송우HYS(상설),경기도 포천시소홀읍 호국로 441,031-543-1626,10:00 ~21:00
포천송우HYS,경기도 포천시소홀읍 호국로 441,031-543-1626,10:00 ~21:00
T안성이마트,경기도 안성시 중앙로 246(석정동) 이마트 안성점,031-671-4848,10:00 ~21:00
T시화이마트,경기도 시흥시 정왕동 1734-1,031-497-5082,10:00 ~21:00
T성남세이브존,경기 성남시 수정구 산성대로 337(세이브존성남점),031-730-1699,10:00 ~21:00
평택이마트,경기도 평택시 영신로29(지제동)영신로 29,0316544851,10:00 ~21:00
T화정세이브존,경기 고양시 덕양구 화정로 52(화정세이브존 1층),031-970-1991,10:00 ~21:00
양주VPlusHYS(상설),"경기 양주시 평화로1597번길 41 (회정동,1층)",031-894-2645,10:00 ~21:00
인덕원HYS (상설),경기도 안양시 동안구 시민대로 396시민대로396,031-426-5425,10:00 ~21:00
안양이마트,경기도 안양시 동안구 관악대로 104동안구 관악대로 104,0314263425,10:00 ~21:00
신평택HYS,경기 평택시경기대로951 (장당동),0316683800,10:00 ~21:00
신평택HYS상설,경기 평택시경기대로951 (장당동),0316683800,10:00 ~21:00
T동탄메타폴리스,경기도 화성시 동탄중앙로 220센터포인트몰 A블럭(반송동),01088853665,10:00 ~21:00
T평택이마트,경기도 평택시영신로29(지제동),01033673143,10:00 ~21:00
T동탄이마트,경기도 화성시 동탄 중앙로 220센터포인트몰 A블럭(반송동),01064846657,10:00 ~21:00
T영통롯데쇼핑,"경기 수원시 영통구 봉영로 157영통동, 롯데쇼핑영통점 2층",01053481335,10:00 ~21:00
죽전직영상설,"경기도 용인시 수지구 용구대로2779, 1층 7-8호 (죽전동, 다솜프라자)",031-265-1100,10:00 ~21:00
죽전직영,"경기도 용인시 수지구 용구대로2779, 1층 7-8호 (죽전동, 다솜프라자)",031-265-1100,10:00 ~21:00
현대판교,경기도 성남시 분당구 판교역로 146번길 20(백현동) 현대백화점 5층,031-5170-1551,10:00 ~20:00
롯데광교직영,경기도 수원시 영통구 도청로 10 롯데아울렛 광교점 2층,031-8064-2247,10:00 ~20:00
롯데광교상설,경기도 수원시 영통구 도청로 10 롯데아울렛 광교점 2층,031-8064-2247,10:00 ~21:00
모란뉴코아,"경기도 성남시 중원구 성남대로 1136, 모란뉴코아 6층 (성남경기도 성남시 중원구 성남대로 1136, 모란뉴코아 6층 (성남",010-7560-9868,10:00 ~21:00
동탄이마트,경기도 화성시 동탄 중앙로중앙로 376,031-8003-7896,10:00 ~21:00
T오산모다아울렛,경기도 오산시 경기대로 822-30,031-8043-1472,10:00 ~21:00
장암롯데마트,"경기도 의정부시 장곡로224, 1층(장암동, 롯데마트장암점내)",031-877-3863,10:00 ~21:00
T장암롯데마트,"경기도 의정부시 장곡로224, 1층(장암동, 롯데마트장암점내)",031-837-2717,10:00 ~21:00
T금촌,경기도 파주시 문화로103-2,031-941-2343,10:00 ~21:00
의왕롯데마트상설,"경기도 의왕시 계원대학로7, 2층(내손동, 롯데마트)",010-5255-1609,10:00 ~21:00
광명세이브존상설,"경기도 광명시 철망산로87(철산동, 세이브존)",02-2617-8848,10:00 ~21:00
부천상동세이브존직영,경기도 부천시 길주로105 부천상동세이브존 1층,010-7153-5653,10:00 ~21:00
북수원홈플러스,"경기도 수원시 장안구 경수대로930, 북수원홈플러스 3층(조원동)",031-242-6514,10:00 ~21:00
T북수원홈플러스,"경기도 수원시 장안구 경수대로930, 북수원홈플러스 3층(조원동)",031-242-6514,10:00 ~21:00
남양주이마트,"경기도 남양주시 늘을2로27(호평동, 남양주 호평이마트)",031-511-1990,10:00 ~21:00
T남양주이마트,"경기도 남양주시 늘을2로27(호평동, 남양주 호평이마트)",010-3137-3123,10:00 ~21:00
T부천소풍NC,"경기도 부천시 원미구 송내대로239, 5층",032-624-7409,10:00 ~21:00
T동수원뉴코아,"경기도 수원시 팔달구 인계로154, 5층(인계동, 동수원뉴코아아울렛)",031-239-8364,10:00 ~21:00
T분당2001,경기도 성남시 분당구 미금일로154번길 20(구미동),031-719-4799,10:00 ~21:00
T야탑NC,경기도 성남시 분당구 야탑로81번길 11,031-709-5389,10:00 ~21:00
T스타필드고양직영,"경기도 고양시 덕양구 고양대로1972-6, 2층 2256호 (동산동)",031-5173-2069,10:00 ~21:00
T안산한대대리점,"경기도 안산시 상록구 삼리로 49102호(사동, 의류상설할인매장 B동)",031-407-7733,10:00 ~21:00
T산본뉴코아,경기도 군포시 번영로504 (산본동) 뉴코아아울렛,031-392-0196,10:00 ~21:00
부천상동세이브존직영상설,경기도 부천시 길주로105 부천상동세이브존 1층,010-7153-5653,10:00 ~21:00
T평촌뉴코아,경기도 안양시 동안구 동안로119 (호계동)？뉴코아아울렛 평촌점,031-388-0211,10:00 ~21:00
T모란뉴코아,"경기도 성남시 중원구 성남대로1136, 모란뉴코아 6층",010-7560-9868,10:00 ~21:00
T남양주오렌지점,경기도 남양주시 화도읍 경춘로1725,031-593-5332,10:00 ~21:00
(주)동산아이앤지,경기 파주시 광탄면 장지산로282-1,010-3406-8575,10:00 ~21:00
롯데마트신갈점(행사),경기도 용인시 기흥구 중부대로375,010-6244-8453,10:00 ~21:00
롯데마트천천점(행사),경기도 수원시 장안구 만석로19번길 25-10,010-6244-8453,10:00 ~21:00
롯데마트덕소점(행사),경기도 남양주시 와부읍 덕소로97번길 33,010-6244-8453,10:00 ~21:00
롯데마트안산점(행사),경기 안산시 상록구 충장로427 롯데마트 안산점,010-6244-8453,10:00 ~21:00
롯데마트의점부점(행사),경기도 의정부시 산단로76번길116 (용현동),010-6244-8453,10:00 ~21:00
롯데마트구리점(행사),경기도 구리시 동구릉로 136번길57,010-6244-8453,10:00 ~21:00
사천HYS,경상남도 사천시 사천읍 읍내로 16-1,055-855-3838,10:00 ~21:00
김해진영상설(신발),경남 김해시 진영읍 진영리 797외그린상가4호,055-346-7330,10:00 ~21:00
사천HYS(상설),경남 사천시 사천읍 수석리 225-12번지,055-855-3838,10:00 ~21:00
롯데창원,경상남도 창원시 성산구 중앙대로 124(상남동),055-279-2567,10:00 ~20:00
롯데김해상설,경상남도 김해시 장유로 469 롯데아울렛 김해점 2층,055-900-2743,10:00 ~21:00
T창원뉴코아,경남 창원시 의창구 창원대로397번길 6(팔용동) 뉴코아아울렛B1호,055-270-3500,10:00 ~21:00
마산이마트,경상남도 창원시 마산합포구 서성로 3이마트지하1F,055-248-2462,10:00 ~21:00
합성동,경상남도 창원시 마산회원구 3·15대로 765합성동,055-296-6303,10:00 ~21:00
진주도동대리점,경상남도 진주시 대신로 342 (하대동),055-753-4437,10:00 ~21:00
마산상설(신발),경상남도 창원시 마산회원구 합포로 318(양덕동),055)298-6301,10:00 ~21:00
마산상설,경상남도 창원시 마산회원구 합포로 318(양덕동),055)298-6301,10:00 ~21:00
롯데김해직영,경상남도 김해시 장유로 469 롯데아울렛 김해점 2층,055-900-2743,10:00 ~20:00
삼천포,경상남도 사천시 중앙로 53 (선구동),055-832-5387,10:00 ~21:00
창녕중앙,경상남도 창녕군 창녕읍 종로 35,055-532-0808,10:00 ~21:00
창원대동(백),경남 창원시 성산구 상남동 44-1대동백화점3F,055)212-8928,10:00 ~20:00
하동,경상남도 하동군 하동읍 중앙로 27,055-884-7755,10:00 ~21:00
창원뉴코아,경남 창원시 의창구 창원대로397번길 6(팔용동) 뉴코아아울렛B1호,055-270-3500,10:00 ~20:00
함양,경상남도 함양군 함양읍 용평길 6-14,055)964-0033,10:00 ~21:00
진주신안,경상남도 진주시 진양호로 307 (신안동),055)742-4454,10:00 ~21:00
김해홈플러스,경상남도 김해시 김해대로 2078(내동) 홈플러스1층,055)320-8177,10:00 ~21:00
밀양대리점,경상남도 밀양시 석정로 31 (내일동),055)353-5678,10:00 ~21:00
신세계마산,"경남 창원시 마산합포구 합포로 251(산호동, 신세계백화점 6층)",055)240-1530,10:00 ~20:00
거창중앙,경상남도 거창군 거창읍 중앙로 116-3,055-944-2422,10:00 ~21:00
마산롯데마트,경남 창원시 마산합포구 신마산 시장길 33 롯데마트 1층,055-222-2462,10:00 ~21:00
남해,경남 남해군 남해읍 화전로 93,055-862-4455,10:00 ~21:00
진주모다아울렛,경상남도 진주시 정촌면 예하리 1276-1,055-923-1047,10:00 ~21:00
양산,경상남도 양산시 삼일로 68 (중부동),055)366-6787,10:00 ~21:00
T진주도동,경남 진주시하대동 327-19,0557534437,10:00 ~21:00
롯데진주직영상설,경상남도 진주시 충무공동 35번지 롯데아울렛 진주점 3층,055-791-2363,10:00 ~21:00
T창원대동(백),경남 창원시 성산구상남동 44-1 대동백화점3F,01050342111,10:00 ~21:00
T김해홈플러스,경상남도 김해시 김해대로2078 홈플러스 1층(내동),01038450846,10:00 ~21:00
T창원패션마켓,창원시 성산구 가음로 100남창원농협 2층 대동패션마켓,01066867224,10:00 ~21:00
(신)통영이마트,"경상남도 통영시광도면 죽림4로 9, 2층 이마트",055-643-2469,10:00 ~21:00
T(신)통영이마트,경남 통영시광도면 죽림4로 9,01028212553,10:00 ~21:00
T진해롯데마트,"경상남도 창원시 진해구진해대로 762 3층 석동, 롯데마트",0555456260,10:00 ~21:00
진해롯데마트,"경상남도 창원시 진해구진해대로 762 3층 석동, 롯데마트",0555456260,10:00 ~21:00
양산이마트,경남 양산시 양산역6길12 2층(중부동 신세계이마트  양산점),010-2227-9958,10:00 ~21:00
T양산이마트,경남 양산시 양산역6길12 2층(중부동 신세계이마트  양산점),010-2227-9958,10:00 ~21:00
창원패션마켓,경상남도 창원시 성산구 가음로 100,055-213-8722,10:00 ~21:00
T마산이마트,경남 창원시 마산합포구 서성로 3,055-248-2462,10:00 ~21:00
통영,경상남도 통영시 중앙로138 (항남동),0556484438,10:00 ~21:00
T마산롯데마트,경남 창원시 마산합포구 신마산시장길 33,055-222-2462,10:00 ~21:00
롯데의정부상설,경기도 의정부시 천보로 44 롯데아울렛 의정부점 3층,031-8092-2303,10:00 ~21:00
김해진영상설,경남 김해시 진영읍 진영리 797외그린상가4호,055-346-7330,10:00 ~21:00
롯데마산,경상남도 창원시 마산합포구동서동로18 (신포동2가),0552405466,10:00 ~20:00
T롯데마산,경상남도 창원시 마산합포구동서동로18 (신포동2가),0552405466,10:00 ~20:00
T창원이마트,"경남 창원시 성산구원이대로 608,2층 중앙동, 창원이마트",01032104273,10:00 ~21:00
창원이마트,"경남 창원시 성산구원이대로 608,2층 중앙동, 창원이마트",0552814273,10:00 ~21:00
롯데진주직영,경상남도 진주시 충무공동 35번지 롯데아울렛 진주점 3층,055-791-2363,10:00 ~20:00
T진주신안,경남 진주시진양호로 307 (신안동),055-742-4454,10:00 ~21:00
진주중앙,경상남도 진주시 진주대로 1082 (평안동),055-748-0985,10:00 ~21:00
T함양,경상남도 함양군 함양읍 용평길6-14,055-964-0033,10:00 ~21:00
T하동,경상남도 하동군 하동읍 중앙로27,055-884-7755,10:00 ~21:00
T거창중앙,경상남도 거창군 거창읍 중앙로116-3,055-944-2422,10:00 ~21:00
T남해,경남 남해군 남해읍 화전로93,055-862-4455,10:00 ~21:00
T통영,경상남도 통영시 중앙로138 (항남동),0556484438,10:00 ~21:00
T양산,경상남도 양산시 삼일로68 (중부동),055-366-6787,10:00 ~21:00
롯데마트웅상점(행사),경상남도 양산시 삼호1길34,010-6244-8453,10:00 ~21:00
롯데마트양덕점(행사),경상남도 창원시 마산회원구 삼호로80,010-6244-8453,10:00 ~21:00
진주중앙점(행사),경상남도 진주시 진주대로1082 (평안동),055-748-0985,10:00 ~21:00
경주대리점,경북 경주시 중앙로 40,054-749-8787,10:00 ~21:00
예천,경상북도 예천군 예천읍 시장로 88,054)652-0777,10:00 ~21:00
롯데포항,경북 포항시 북구 학산로 62(학산동),054-230-1554,10:00 ~20:00
상주,경상북도 상주시 상산로 289 (서성동),054)535-3483,10:00 ~21:00
점촌,경상북도 문경시 중앙로 109 (점촌동),054)553-3333,10:00 ~21:00
신하양,경상북도 경산시 하양읍 하양로 122,053)854-5553,10:00 ~21:00
포항죽도HYS(상설),경북 포항시 북구 중앙로 260,0542466464,10:00 ~21:00
포항죽도HYS,경북 포항시 북구 중앙로 260,0542466464,10:00 ~21:00
안강,경상북도 경주시 안강읍 비화동길 8-2,054)761-8383,10:00 ~21:00
영덕대리점,경북 영덕군 영덕읍 중앙길 105,054-732-1192,10:00 ~21:00
안동,경북 안동시 서동문로 174-4 (삼산동),054)858-6600,10:00 ~21:00
구미롯데마트,경북 구미시 구미대로 22길 112층(신평동),070-4388-5622,10:00 ~21:00
T구미롯데마트,경북 구미시 구미대로 22길 112층(신평동),070-4388-5622,10:00 ~21:00
구미직영점,경북 구미시원평2동 1008-46,0544528356,10:00 ~21:00
영주,경상북도 영주시구성로 353 (영주동),054-631-9003,10:00 ~21:00
포항웰빙아울렛,경상북도 포항시 남구 효자로70 효자프라자 웰빙아울렛(효자동),054-221-9987,10:00 ~21:00
영천,경상북도 영천시 시장로 48-1 (완산동),054)334-2900,10:00 ~21:00
김천,경상북도 김천시 김천로 125-2 (평화동),054)433-3131,10:00 ~21:00
중계2001,"서울시 노원구 동일로 204가길 46, 지하1층서울시 노원구 동일로 204가길 46, 지하1층",02-3399-8430,10:00 ~21:00
왜관대리점,경상북도 칠곡군 왜관읍 중앙로 180-1,054)974-1645,10:00 ~21:00
오천,경상북도 포항시 남구 오천읍 정몽주로 664,054)291-9498,10:00 ~21:00
레스모아,인천광역시 계양구 마장로51번길 7(효성동),02-721-0664,10:00 ~21:00
구미홈플러스직영상설,경북 구미시 구미대로174 홈플러스 구미점,010-3339-0375,10:00 ~21:00
T예천,경상북도 예천군 예천읍 시장로88,054-652-0777,10:00 ~21:00
T안강,경상북도 경주시 안강읍 비화동길8-2,054-761-8383,10:00 ~21:00
T점촌,경상북도 문경시 중앙로109 (점촌동),054-553-3333,10:00 ~21:00
T상주,경상북도 상주시 상산로289 (서성동),054-535-3483,10:00 ~21:00
T영천,경상북도 영천시 시장로48-1 (완산동),054-334-2900,10:00 ~21:00
T포항웰빙아울렛,경상북도 포항시 남구 효자로70 효자프라자 웰빙아울렛(효자동),054-221-9987,10:00 ~21:00
김천모다아울렛,경상북도 김천시 아포읍 아포대로1417 1층 프로스펙스,054-910-5074,10:00 ~21:00
T김천모다아울렛,경상북도 김천시 아포읍 아포대로1417 1층 프로스펙스,010-3339-0375,10:00 ~21:00
T포항웰빙아울렛,경상북도 포항시 남구 효자로70 효자프라자,054-221-9987,10:00 ~21:00
충장로(광주)NC,광주 광역시 동구 중앙로 163(충장로 4가),062-718-9538,10:00 ~20:00
T충장로(광주)NC,광주광역시 동구 중앙로 163NC WAVE 6층,062-718-9538,10:00 ~20:00
롯데광주,"광주광역시 동구 독립로 268(대인동 7-1번지, 롯데백화점 5층))",062-221-1546,10:00 ~20:00
신세계광주,광주광역시 서구 무진대로 932(광천동)  신세계백화점,062)360-1859,10:00 ~20:00
송정,광주광역시 광산구 광산로 21-1 (송정동),062)941-9292,10:00 ~21:00
광주용봉,광주광역시 북구 설죽로 224 (용봉동),062-523-1323,10:00 ~21:00
T동광주홈플러스,광주광역시 북구 동문대로 200홈플러스 2층 (두암동),01054200465,10:00 ~21:00
봉선이마트,"광주광역시 남구 봉선로 198, 2층봉선로 198, 2층",010-3054-3552,10:00 ~21:00
롯데아울렛광주월드컵점(상설),광주 서구 풍암동 금화로 240 롯데아울렛 광주월드컵점 2층,062-606-2942,10:00 ~20:00
롯데아울렛광주월드컵점,광주 서구 풍암동 금화로 240 롯데아울렛 광주월드컵점 2층,062-606-2942,10:00 ~20:00
동광주홈플러스,광주광역시 북구동문대로 200(두암동),0622510465,10:00 ~21:00
광주충장로직영,광주광역시 동구충장로 64-1(충장로3가),062-236-0522,10:00 ~21:00
T봉선이마트(행사코드),광주시 남구 봉선로 198 2층(이마트)남구 봉선로 198 2,010-3054-3552,10:00 ~21:00
롯데수완직영,"광주시 광산구 장신로 98, 롯데아울렛 광주수완점 A관 2층",062-616-2277,10:00 ~20:00
롯데수완상설,"광주시 광산구 장신로 98, 롯데아울렛 광주수완점 A관 2층",062-616-2277,10:00 ~21:00
T송정,광주광역시 광산구 광산로21-1 (송정동),062-941-9292,10:00 ~21:00
T광주용봉,광주광역시 북구 설죽로224 (용봉동),062-523-1323,10:00 ~21:00
롯데마트상무점(행사),광주광역시 서구 시청로40 (치평동),010-6244-8453,10:00 ~21:00
반야월이마트,대구광역시 동구 안심로 389-2(신서동) 이마트 반야월점,053) 964-1333,10:00 ~21:00
월배이마트,대구광역시 달서구 진천로 92(대천동) 이마트월배점,053) 631-0600,10:00 ~21:00
만촌이마트,대구광역시 수성구 동원로 136(만촌동) 이마트 만촌점,053) 746-3335,10:00 ~21:00
현대대구,대구광역시 중구 달구벌대로 2077(계산동2가) 현대백화점 6층,053-245-2667,10:00 ~20:00
롯데상인,대구광역시 달서구 월배로 232(상인동),053-258-3552,10:00 ~20:00
엑스코(대구)NC,대구광역시 북구 유통단지로14길 22(산격동) NC아울렛2층,053-662-9332,10:00 ~20:00
대구신발,대구  서구  비산동 158-30,053)554-1029,10:00 ~21:00
대구상설,대구광역시 서구 국채보상로 443 (비산동),053)554-1029,10:00 ~21:00
대구직영점,대구광역시 중구 동성로 15130 (동성로2가),053)255-4611,10:00 ~21:00
T동아수성(백),대구광역시 수성구 지범로 191(범물동) 동아백화점수성점5층,053-783-6228,10:00 ~21:00
동아쇼핑(백),대구광역시 중구 달구벌대로 2085(덕산동) 동아쇼핑5층,053)255-7726,10:00 ~20:00
T월배이마트,"대구광역시 달서구 진천로 92, 이마트월배점 (대천동)",053-631-0600,10:00 ~21:00
T만촌이마트,대구광역시 수성구 동원로 136,053-746-3335,10:00 ~21:00
성서이마트,"대구광역시 달서구 이곡동로24, 2층(이곡동, 이마트 성서점)",053-593-3623,10:00 ~21:00
T성서이마트,"대구광역시 달서구 이곡동로24, 2층(이곡동, 이마트 성서점)",053-593-3623,10:00 ~21:00
성서상설,대구광역시 달서구 달서대로 85길10 (호림동),053-581-3222,10:00 ~21:00
T칠곡홈플러스,대구광역시 북구동암로12길 8 홈플러스칠곡점 (동천점),01048436193,10:00 ~21:00
현대시티대구직영,대구광역시 동구 동대구로454(신천동),053-430-2256,10:00 ~21:00
현대시티대구상설,대구광역시 동구 동대구로454(신천동),053-430-2256,10:00 ~21:00
칠곡홈플러스,대구광역시 북구 동암로 12길 8 (동천동),053-325-4740,10:00 ~21:00
T칠성이마트,"대구시 북구 침산로 93 (칠성동2가, 이마트 칠성점)",053-355-6125,10:00 ~21:00
칠성이마트,"대구광역시 북구 침산로 93(칠성동2가, 이마트 칠성점)",053-355-6125,10:00 ~21:00
롯데율하직영,대구시 동구 안심로 80(율하동) 롯데아울렛 대구율하점 2층,053-960-2666,10:00 ~20:00
롯데율하상설,대구시 동구 안심로 80(율하동) 롯데아울렛 대구율하점 2층,053-960-2666,10:00 ~21:00
롯데대구,대구광역시 북구 태평로 161  (칠성동2가),053-660-3549,10:00 ~20:00
동아수성(백),대구광역시 수성구 지범로 191(범물동) 동아백화점수성점5층,053-783-6228,10:00 ~20:00
현대시티대구아울렛,대구광역시 동구 동대구로454(신천동),053-430-2256,10:00 ~20:00
성서홈플러스,"대구광역시 달서구 달구벌대로1467, 지하1층(용산동)",053-523-3623,10:00 ~21:00
T성서홈플러스,"대구광역시 달서구 달구벌대로1467, 지하1층(용산동)",010-3537-2206,10:00 ~21:00
T동아쇼핑(백),대구광역시 중구 달구벌대로2085 (덕산동) 동아쇼핑5층,070-4109-7726,10:00 ~21:00
T엑스코(대구)NC,대구광역시 북구 유통단지로14길22 (산격동) NC아울렛2층,053-662-9332,10:00 ~21:00
신세계대구점,대구광역시 동구 동부로149 (신천동),053-661-6683,10:00 ~20:00
신세계대구점(행사),대구광역시 동구 동부로149 (신천동),053-661-6683,10:00 ~20:00
롯데대전,대전광역시 서구 계룡로 598(괴정동),042-601-3233,10:00 ~20:00
신탄진대리점,대전 대덕구 신탄진로 829 (신탄진동),042)932-0336,10:00 ~21:00
대전유성홈플러스,대전광역시 유성구 한밭대로 502홈플러스3F,042-822-3351,10:00 ~21:00
대전모다아울렛,"대전광역시 유성구 대정로 5, 모다아울렛 2층(대정동)",042-545-8535,10:00 ~21:00
대전터미널이마트,"대전광역시 동구 동서대로1689, 4층(용전동)",0426248373,10:00 ~21:00
대전세이브존직영,대전 광역시 서구둔산로201 (둔산동),0424846586,10:00 ~21:00
대전세이브존직영상설,대전 광역시 서구둔산로201 (둔산동),0424846586,10:00 ~21:00
대전유성직영상설,"대전광역시 유성구 유성대로 787,1,2층 (장대동)",0428248535,10:00 ~21:00
대전유성직영,"대전광역시 유성구 유성대로 787,1,2층 (장대동)",0428248535,10:00 ~21:00
대전은행직영,대전광역시 중구중앙로 165-1(은행동),0422229188,10:00 ~21:00
T대전유성홈플러스,대전광역시 유성구 한밭대로 502,042-822-3351,10:00 ~21:00
둔산이마트,"대전광역시 서구 둔산북로 41, 3층 (둔산동, 이마트)",042-471-9334,10:00 ~21:00
T둔산이마트,"대전광역시 서구 둔산북로 41, 3층 (둔산동, 이마트)",042-471-9334,10:00 ~21:00
T신탄진대리점,대전 대덕구 신탄진로829 (신탄진동),042-932-0336,10:00 ~21:00
T대전터미널이마트,"대전광역시 동구 동서대로1689, 4층",070-7793-6439,10:00 ~21:00
롯데마트노은점(행사),대전광역시 유성구 북유성대로206 (하기동)？,010-6244-8453,10:00 ~21:00
사직홈플러스,부산광역시 연제구 종합운동장로 7(거제동) 홈플러스1층,051- 507-3932,10:00 ~21:00
동래홈플러스,부산광역시 동래구 중앙대로 1523(온천동) 홈플러스지하2F,051- 553-3933,10:00 ~21:00
롯데센텀,부산광역시 해운대구 센텀남대로 59  (우동),051-730-3561,10:00 ~20:00
해운대NC,부산광역시 해운대구 해운대로 813(좌동) NC백화점,051-709-5745,10:00 ~20:00
롯데동래,부산광역시 동래구 중앙대로 1393(온천동),051-668-4576,10:00 ~20:00
T괴정뉴코아,부산 사하구 사하로 190(뉴코아아울렛괴정점2F),051-209-5277,10:00 ~21:00
용호동,부산광역시 남구 용호로 149 (용호동),051)621-1441,10:00 ~21:00
현대부산,"부산광역시 동구 범일로 125(범일동,현대백화점 6층)",051-667-0669,10:00 ~20:00
사상이마트(정상신발),부산광역시 사상구 광장로 17 (괘법동),070-4242-8369,10:00 ~21:00
사상애플,부산광역시 사상구 사상로 201(괘법동) 애플아울렛1층,051)559-6284,10:00 ~21:00
T해운대NC,"부산광역시 해운대구 해운대로 813, NC백화점",051-709-5745,10:00 ~21:00
연제이마트,"부산 연제구 연수로 89연산동, 신세계연제점E마트",051-853-7037,10:00 ~21:00
사상이마트상설,"부산광역시 사상구 광장로 17 (괘법동)괘법동, 이마트",070-4242-8369,10:00 ~21:00
사상롯데마트,"부산광역시 사상구 낙동대로 733, 롯데마트 3층(엄궁동)",051-326-4939,10:00 ~21:00
화명롯데마트,부산광역시 북구 화명대로 47(화명동) 롯데마트2층,010-8450-0470,10:00 ~21:00
괴정뉴코아,부산 사하구 사하로 190(뉴코아아울렛괴정점5F),051-209-5277,10:00 ~20:00
롯데부산,부산시 부산진구 가야대로 772 (부전동) 롯데백화점,051-810-4577,10:00 ~20:00
[폐점]특판부산점,부산광역시 해운대구 해운대로309,051-746-9724,10:00 ~21:00
롯데동부산직영,부산 기장군 기장읍 기장해안로 147 롯데아울렛 동부산점  2층,051-901-2640,10:00 ~20:00
롯데동부산상설,부산 기장군 기장읍 기장해안로 147 롯데아울렛 동부산점  2층,051-901-2640,10:00 ~21:00
롯데광복,부산광역시 중구 중앙대로 2(중앙동7가),051-678-3767,10:00 ~20:00
남천메가마트,부산 수영구 황령대로 521(남천동 메가마트 내),051-628-7007,10:00 ~21:00
T동래홈플러스,부산광역시 동래구 중앙대로 1523홈플러스지하2F (온천동),01055158223,10:00 ~21:00
T화명롯데마트,부산광역시 북구 화명대로 47롯데마트 2층(화명동),01084500470,10:00 ~21:00
덕천직영상설,부산 광역시 북구만덕대로 11-1(덕천동),010-2088-7897,10:00 ~21:00
덕천직영,부산광역시 북구만덕대로 11-1(덕천동),0519119192,10:00 ~21:00
범내직영점,부산광역시 부산진구범일로 157-1. 1층 (범천동),051-632-2455,10:00 ~21:00
범내직영상설,"부산광역시 부산진구범일로 157-1, 1층(범천동)",051-632-2455,10:00 ~21:00
부산대NC,"부산광역시금정구 부산대학로 63 4층(장전동,NC백화점)부산광역시금정구 부산대학로 63 4층(장전동,NC백화점)",051-509-7339,10:00 ~21:00
T사상롯데마트,"부산광역시 사상구 낙동대로 733, 롯데마트 3층(엄궁동)",051-326-4939,10:00 ~21:00
T연제이마트,부산 연제구 연수로 89,051-853-7037,10:00 ~21:00
서면NC,부산광역시 부산진구 동천로 92 (전포동),051-794-7148,10:00 ~20:00
서면NC상설,부산광역시 부산진구 동천로 92 (전포동),051-794-7148,10:00 ~20:00
신세계센텀,부산 해운대구 센텀남대로 35(우동) 신세계센텀시티,051-745-1658,10:00 ~20:00
T남천메가마트,부산광역시 수영구 황령대로 521(메가마트내),051-628-7007,10:00 ~21:00
T사직홈플러스,부산광역시 연제구 종합운동장로 7 홈플러스 1층,051-507-3932,10:00 ~21:00
T사상애플,부산광역시 사상구 괘법동 534-1,051-316-7770,10:00 ~21:00
T사상이마트상설,부산광역시 사상구 광장로 17 (괘법동),070-4242-8369,10:00 ~21:00
문현이마트,"부산광역시 남구전포대로91번김 47, 3층",0516323542,10:00 ~21:00
반여상설,"부산광역시 해운대구 선수촌로145, 재1호동 4호(반여동)",051-529-1661,10:00 ~21:00
세정웅상상설,경남 양산시 웅상대로1540(2층) 프로스펙스,055-366-3803,10:00 ~21:00
T용호동,부산광역시 남구 용호로149 (용호동),051-621-1441,10:00 ~21:00
동래메가마트,"부산광역시 동래구 충렬대로197 (명륜동, 동래메가마트)",051-558-0591,10:00 ~21:00
T동래메가마트,"부산광역시 동래구 충렬대로197 (명륜동, 동래메가마트)",051-558-0591,10:00 ~21:00
T부산대NC,"부산광역시 금정구 부산대학로63 4층(장전동,NC백화점)",051-509-7339,10:00 ~21:00
이마트금정점,"부산광역시 금정구 중앙대로1841번길 24, 2층(구서동, 이마트)",051-581-7241,10:00 ~21:00
이마트금정점(행사),"부산광역시 금정구 중앙대로1841번길 24, 2층(구서동, 이마트)",051-581-7241,10:00 ~21:00
롯데마트부산점(행사),부산광역시 부산진구 신천대로241 (부암동),010-6244-8453,10:00 ~21:00
롯데마트사하점(행사),부산광역시 사하구 을숙도대로610 (장림동),010-6244-8453,10:00 ~21:00
광덕물산아울렛,부산시 북구 기찰로181-10(만덕동),010-3721-1252,10:00 ~21:00
이마트해운대점,"부산 해운대구 좌동순환로511, 2층 프로스펙스(중동, 이마트)",010-2028-8521,10:00 ~21:00
이마트해운대점(행사),"부산 해운대구 좌동순환로511, 2층 프로스펙스(중동, 이마트)",010-2028-8521,10:00 ~21:00
T가양이마트,서울특별시 강서구 양천로 559(가양동) 이마트 가양점,02-3661-2667,10:00 ~21:00
롯데김포,서울시 강서구 하늘길 38롯데백화점 김포공항점,02-6116-3464,10:00 ~20:00
영등포이마트,서울특별시 영등포구 영중로 15(영등포동4가) 이마트 영등포점,02-2658-8927,10:00 ~21:00
가양이마트,서울특별시 강서구 양천로 559(가양동) 이마트 가양점,02-3661-2667,10:00 ~21:00
롯데서울역직영,서울시 중구 한강대로 405 롯데아울렛 서울역점 4층,02-6965-2802,10:00 ~20:00
영등포이마트몰(폐점),서울특별시 영등포구 영중로 15(영등포동 4가),02-2658-8927,10:00 ~21:00
롯데영등포,서울특별시 영등포구 경인로 846  (영등포동),02-2164-5469,10:00 ~20:00
롯데잠실,"서울시 송파구 올림픽로 240 (잠실동, 롯데백화점 7층)",02-2143-7572,10:00 ~20:00
신세계영등포,서울시 영등포구 영중로 9(영등포동 4가) 신세계백화점,02-2639-1531,10:00 ~20:00
은평이마트상설,서울특별시 은평구 은평로 111(응암동) 이마트 은평점,02-388-6794,10:00 ~21:00
응암동,서울특별시 은평구 응암로 184-1(응암동),02)305-2667,10:00 ~21:00
방학홈플러스,서울특별시 도봉구 도봉로 678홈플러스 방학점,02-3494-6558,10:00 ~21:00
신림동,서울특별시 관악구 신림로 361(신림동),02)883-0700,10:00 ~21:00
문정HYS(상설),서울특별시 송파구 동남로 133,02)448-9189,10:00 ~21:00
용산상설매장,서울시 용산구 한강대로 92 LS용산타워 B1층,02)798-3883,평일 09:00 ~ 20:00
수유,서울특별시 강북구 수유1동 91-4,02)989-5695,10:00 ~21:00
롯데노원,서울특별시 노원구 동일로 1414(상계동),02-950-2871,10:00 ~20:00
롯데미아,서울특별시 강북구 도봉로 62(미아동),02-944-2577,10:00 ~20:00
롯데서울역상설,서울시 중구 한강대로 405 롯데아울렛 서울역점 4층,02-6965-2802,10:00 ~21:00
T강서NC,서울특별시 강서구 강서로 56길 17(등촌동) NC백화점 강서점,010-8562-1432,10:00 ~21:00
T상봉이마트,서울특별시 중랑구 상봉로 118이마트 상봉점,02-437-6708,10:00 ~21:00
노원직영점,서울 노원구 동일로1396,029358100,10:00 ~21:00
신세계본점,서울시 중구 소공로 63(충무로 1가) 신세계백화점8층,02-310-1466,10:00 ~20:00
구의테크노마트,서울특별시 광진구 광나루로56길 85(구의동) 테크노마트,02)3424-1534,10:00 ~21:00
구로W몰상설(신발),서울특별시 금천구 가산동 60-27W-MAIL,02)2081-0543,10:00 ~21:00
구로W몰상설,서울특별시 금천구 가산동 60-27W-MALL,02)2081-0543,10:00 ~21:00
성수이마트,서울특별시 성동구 뚝섬로 379(성수동2가) 이마트 성수점,02-465-3763,10:00 ~21:00
상봉이마트,서울특별시 중랑구 상봉로 118이마트 상봉점,02-437-6708,10:00 ~21:00
은평이마트,서울특별시 은평구 은평로 111(응암동) 이마트 은평점,02-388-6794,10:00 ~21:00
왕십리이마트,서울 성동구 행당동 168-151이마트 왕십리점,02-2200-1133,10:00 ~21:00
서울역롯데마트,서울특별시 중구 청파로 426롯데마트 서울역점,070-8805-4222,10:00 ~21:00
신장위동,서울특별시 성북구 장위로 238-96,02)941-3477,10:00 ~21:00
신면목,서울특별시 중랑구 사가정로 395,02)435-5673,10:00 ~21:00
태능,서울특별시 중랑구 숙선옹주로 5,02)973-4876,10:00 ~21:00
현대신촌,서울 서대문 신촌로 83(창천동) 현대백화점 U-Plex 7층,02)3145-2637,10:00 ~20:00
현대천호,서울 강동구 천호대로 1015-14(천호동) 현대백화점 9층,02)2225-7739,10:00 ~20:00
현대목동,서울 양천구 목동동로 257(목동) 현대백화점 별관 1층,02)2163-3559,10:00 ~20:00
현대미아,서울시 성북구 동소문로 315(길음동) 현대백화점 6층,02)2117-1678,10:00 ~20:00
노원세이브존,"서울특별시 노원구 한글비석로 57(하계동, 1층)",02-977-0198,10:00 ~21:00
T금천홈플러스,서울특별시 금천구 시흥대로 391,028969377,10:00 ~21:00
금천홈플러스,서울특별시 금천구 시흥대로 391,02-896-9377,10:00 ~21:00
T월계이마트,서울 노원구 월계동 333-1 이마트 2층,02-948-0022,10:00 ~21:00
T노원세이브존,"서울특별시 노원구 한글비석로 57(하계동, 1층)",02-977-0198,10:00 ~21:00
롯데청량리,서울특별시 동대문구 왕산로 214(전농동),02-3707-1626,10:00 ~20:00
T성수이마트,서울특별시 성동구 뚝섬로 379  (성수동2가)  이마트 성수점,02-465-3763,10:00 ~21:00
T왕십리이마트,서울 성동구 행당동 168-1 이마트 왕십리점,02-2200-1133,10:00 ~21:00
T은평이마트,서울 은평구 은평로 111 (응암동) 이마트은평점4층,02-388-6794,10:00 ~21:00
T춘천이마트,강원도 춘천시 경춘로 2353이마트 춘천점,,10:00 ~21:00
문정HYS,서울특별시 송파구 동남로 133,02-448-9189,10:00 ~21:00
봉천동,서울특별시 관악구 관악로 200(봉천동),02)882-3024,10:00 ~21:00
신대방,서울시 동작구 대방동대방동 336-5,02-815-3306,10:00 ~21:00
아트몰장안점,"서울시 동대문구 답십리로288, 2층",0222444753,10:00 ~21:00
T아트몰장안점,"서울시 동대문구 답십리로288, 2층(장안동, 아트몰링)",010-5206-1524,10:00 ~21:00
노원 직영상설점(분점),"서울특별시 노원구 동일로 1396,101호 (상계동, 1층)",01026594964,10:00 ~21:00
노원 직영점(분점),"서울특별시 노원구 동일로 1396,101호 (상계동, 1층)",01026594964,10:00 ~21:00
T신시흥홈플러스,서울 금천구 시흥1동 992-47홈프러스 1층,028053144,10:00 ~21:00
T목동이마트,서울시 양천구 목동 962이마트 목동점 지하1층,01089128570,10:00 ~21:00
T상암홈플러스,서울 마포구 성산동 515월드컵홈플러스 2층,01090458570,10:00 ~21:00
신독산,서울특별시 금천구 독산로 359(독산동),02)856-7450,10:00 ~21:00
노원직영상설,서울특별시 노원구 동일로 1396？(상계동) 1층동일로 1396？(상계동) 1층,029358100,10:00 ~21:00
신시흥홈플러스,"서울시 금천구 시흥대로 2011층(시흥동, 시흥홈플러스 프로스펙스)",028053144,10:00 ~21:00
롯데관악,"서울특별시 관악구 봉천로 209(봉천동, 롯데백화점)",02-3289-8577,10:00 ~20:00
T자양이마트,서울 광진구 아차산로 272아차산로 272,010-2337-0565,10:00 ~21:00
청계천이마트,서울특별시 중구 청계천로 400지하1층(황학동 이마트),0220485833,10:00 ~21:00
불광NC,"서울특별시 은평구 불광로 205층 일부(대조동, NC백화점)",02-350-8002,10:00 ~21:00
월계이마트,"서울특별시 노원구 마들로3길 15, 2층(월계마들로 3길 15층",029480022,10:00 ~21:00
T월계이마트,서울시 노월구 마들 3길 15 2층(월계동 이마트내)마들 3길 15,010-4753-5221,10:00 ~21:00
T청계천이마트,서울시 중구 청계천로 400 지하1층(황학동 이마트)서울시 중구 청계천로 400지하1층,010-6319-3199,10:00 ~21:00
T하월곡이마트,"서울시 성북구 종암로 167, 지하1층(하월곡동)",02-942-3362,10:00 ~21:00
하월곡이마트,"서울특별시 성북구 종암로 167, 지하1층(하월곡동)",029429040,10:00 ~21:00
에스마켓,서울시 강남구 영동대로 112길 28 2층,070-4466-7090,10:00 ~21:00
상암홈플러스,서울시 마포구 월드컵로 240 성산동 홈플러스 월드컵점월드컵로 240,07041207410,10:00 ~21:00
T구의엔터식스,서울 광진구 광나루로56길 85(구의엔터식스),02-3424-1534,10:00 ~21:00
T방학홈플러스,서울특별시 도봉구 도봉로 678 홈플러스 방학점,02-3494-6558,10:00 ~21:00
T서울역롯데마트,서울특별시 중구 청파로 426 롯데마트 서울역점,070-8805-4222,10:00 ~21:00
사당태평,서울특별시 동작구동작대로 115 (태평백화점),025345210,10:00 ~21:00
가산마리오쇼핑,"서울특별시 금천구디지털로 185 (가산동, 60-52)",02-2067-2125,10:00 ~20:00
현대가산상설,서울특별시 금천구 디지털로10길 9  현대아울렛 가산점 5층,02-2136-9933,10:00 ~21:00
자양이마트,서울시 광진구 아차산로 272아차산로 272,024529015,10:00 ~21:00
강서NC,서울특별시 강서구 강서로 56길 17(등촌동) NC백화점 강서점,0226679705,10:00 ~20:00
T영등포이마트,서울특별시 영등포구 영중로 15 (영등포동4가) 이마트 영등포점,02-2658-8927,10:00 ~21:00
현대가산직영,서울특별시 금천구 디지털로10길 9  현대아울렛 가산점 5층,02-2136-9933,10:00 ~20:00
아이알코퍼레이션,"서울시 송파구 가락로 11길 13, 201(석촌동)",01062501410,10:00 ~21:00
용산직영점,서울시 용산구 한강대로 92LS용산타워 1층,02)797-3100,평일 09:00 ~ 20:00
용산본사(테스트용),서울시 용산구 한강대로 92LS용산타워 1층,080-710-1020,10:00 ~21:00
강남NC,"서울 서초구 잠원로51, 4층(잠원동, 뉴코아 아울렛 강남점)",02-530-5952,10:00 ~21:00
T강남NC,"서울 서초구 잠원로51, 4층(잠원동, 뉴코아 아울렛 강남점)",02-530-5952,10:00 ~21:00
T응암동,서울특별시 은평구 응암로184-1,02-305-2667,10:00 ~21:00
T신독산,서울특별시 금천구 독산로359,02-856-7450,10:00 ~21:00
T태능,서울특별시 중랑구 숙선옹주로5,02-973-4876,10:00 ~21:00
T사당태평,서울특별시 동작구 동작대로115 (태평백화점),02-534-5210,10:00 ~21:00
송파NC,"서울특별시 송파구 충민로66, 1층(문정동)",0221575553,10:00 ~20:00
T송파NC,"서울특별시 송파구 충민로66, 1층(문정동)",010-2962-2745,10:00 ~20:00
T응암,서울특별시 은평구 응암로184-1,02-305-2667,10:00 ~21:00
T불광NC,"서울특별시 은평구 불광로20  5층 일부(대조동, NC백화점)",02-350-8002,10:00 ~21:00
T중계2001,"서울시 노원구 동일로 204가길46, 지하1층",02-3399-8430,10:00 ~21:00
T수유,서울특별시 강북구 수유1동91-4,02-989-5695,10:00 ~21:00
T신림동,서울특별시 관악구 신림로361,02-883-0700,10:00 ~21:00
배드민턴마켓,서울시 양천구 등촌로192(목동),02-3663-3922,10:00 ~21:00
신당점(행사),서울시 중구 퇴계로418-1 (신당동),010-4740-4132,10:00 ~21:00
신당점,서울시 중구 퇴계로418-1 (신당동),010-4740-4132,10:00 ~21:00
두타몰직영점,서울 중구 장충단로275(을지로6가) 두타몰 지하2층,010-2053-4635,10:00 ~21:00
두타몰직영상설점,서울 중구 장충단로275(을지로6가) 두타몰 지하2층,010-2053-4635,10:00 ~21:00
롯데마트구로점(행사),"서울 은평구 통일로630, 212동 305호(녹번동, 레미안베라힐즈아파트)",01062821566,10:00 ~21:00
울산무거점,울산광역시 남구 대학로 124 (무거동),052-222-2994,10:00 ~21:00
T울산무거점,울산광역시 남구 대학로 124 (무거동),052-222-2994,10:00 ~21:00
언양,울산 울주군 언양읍 남부리 143-2,052)263-1828,10:00 ~21:00
롯데울산,울산광역시 남구 삼산로 288(삼산동),052-960-5321,10:00 ~20:00
진장롯데마트,울산광역시 북구진장유통로 64 2층,01071689097,10:00 ~21:00
T울산세이브점,울산광역시 남구 번영로205번길 9 1층 삼산동 세이브존,01022925001,10:00 ~21:00
T진장롯데마트,울산광역시 북구 진장유통로 64롯데마트 2층 (진장동),01045629097,10:00 ~21:00
T동구홈플러스,울산광역시 동구 방어진순환도로637 홈플러스지하1F (일산동),01081715796,10:00 ~21:00
울산모다아울렛,울산광역시 북구 진장유통로 78-6(진장동),052-935-3062,10:00 ~21:00
울산세이브존,"울산광역시 남구 번영로250번길 9, 1층(삼산동, 세이브존)",0522683477,10:00 ~21:00
동구홈플러스,울산광역시 동구범어진 순환도로 637 1층범어진 순환도로 637 1층,07088373648,10:00 ~21:00
현대울산,울산광역시 남구 삼산로 261(삼산동) 현대백화점  7,052)228-0616,10:00 ~20:00
T언양,울산 울주군 언양읍 남부리143-2,052-263-1828,10:00 ~21:00
울산중구홈플러스,"울산광역시 중구 변영로475(복산동, 흄플러스울산점)",010-2791-3580,10:00 ~21:00
T울산중구홈플러스,"울산광역시 중구 변영로475(복산동, 흄플러스울산점)",010-2791-3580,10:00 ~21:00
인천HYS,인천광역시 부평구 부평대로 51,032-522-4133,10:00 ~21:00
연수VPLUS상설,인천광역시 연수구 용담로 14V-PLUS 연수점,032-817-7679,10:00 ~21:00
연수이마트,인천광역시 연수구 경원대로 184(동춘동) 이마트 연수점,032-817-6197,10:00 ~21:00
만수동대리점,인천광역시 남동구 만수로 63(만수동),032)463-8500,10:00 ~21:00
삼산롯데마트,인천광역시 부평구 길주로 623롯데마트 삼산점,032-363-2117,10:00 ~21:00
연수V.PLUS(신발),인천광역시 연수구 용담로 14V-PLUS 연수점,032-817-7679,10:00 ~21:00
서인천,인천광역시 서구 가정로 201  (석남동)(석남동),032-573-3244,10:00 ~21:00
부평아이즈빌,인천광역시 부평구 마장로 489아이즈빌아울렛 1142호,032-270-2465,10:00 ~21:00
동인천,인천광역시 중구 우현로 83(인형동),032)762-8778,10:00 ~21:00
인천HYS(상설),인천광역시 부평구 부평대로51,032)522-4133,10:00 ~21:00
신포,인천광역시 중구 제물량로 166번길 38-1,032)763-4141,10:00 ~21:00
T연수이마트,인천광역시 연수구 경원대로 184 (동춘동) 이마트 연수점 지하,032-817-6197,10:00 ~21:00
강화복합,인천광역시 강화군 강화읍강화대로 398,032-934-2565,10:00 ~21:00
강화복합상설,인천광역시 강화군 강화읍강화대로 398,032-934-2565,10:00 ~21:00
롯데항동상설,인천광역시 중구 서해대로 209번길 2 롯데아울렛 2층,032-728-2707,10:00 ~21:00
T삼산롯데마트,인천 부평구 삼산동465-1 롯데마트 1층,01091629140,10:00 ~21:00
NC인천점,"인천광역시 남동구인하로 485, 4층(구월동)",032-421-8188,10:00 ~21:00
인천모다아울렛,"인천광역시 서구 북항로 32번안길 50(원창동,모다아울렛)북항로 32번안길 50(원창동,모다아울렛)",0322887710,10:00 ~21:00
구월,인천광역시 남동구인주대로 511-1(구월동 1층),032-423-0016,10:00 ~21:00
T부평롯데마트,인천 부평구 마장로 296 부평롯데마트 1층,032-511-8211,10:00 ~21:00
부평롯데마트,인천 부평구 마장로 296 부평롯데마트 1층,032-511-8211,10:00 ~21:00
계산동대리점,"인천시 계양구 계양대로189, 1층(계산동, 스위트탑빌딩)",032-212-0138,10:00 ~21:00
T계산동대리점,"인천시 계양구 계양대로189, 1층(계산동, 스위트탑빌딩)",010-2257-2799,10:00 ~21:00
인하홈플러스,"인천광역시 미추홀구 소성로6, 1층 11F (학익동, 홈플러스 인하점)",010-8714-4176,10:00 ~21:00
T인천NC,"인천광역시 남동구 인하로485, 4층(구월동)",032-421-8188,10:00 ~21:00
T구월,인천광역시 남동구 인주대로511-1,032-423-0016,10:00 ~21:00
T부평아이즈빌,인천광역시 부평구 마장로489 아이즈빌 1142호,032-270-2465,10:00 ~21:00
롯데마트계양점(행사),인천광역시 계양구 장제로822 (계산동),010-6244-8453,10:00 ~21:00
롯데마트검단점(행사),인천광역시 서구 원당대로581(마전동),010-6244-8453,10:00 ~21:00
롯데마트청라점(행사),인천광역시 서구 청라커낼로252,010-6244-8453,10:00 ~21:00
목포직영점,전라남도 목포시 영산로75번길 16-2(명륜동),061-247-0700,10:00 ~21:00
목포하당,전라남도 목포시 상동1012-7,061-284-0304,10:00 ~21:00
여수,전라남도 여수시 통제영3길 10-6 (교동),061)662-1130,10:00 ~21:00
강진점,전남 강진군 강진읍 중앙로 128-1,061-434-1551,10:00 ~21:00
고흥,전라남도 고흥군도양읍 비봉로 136,0618421993,10:00 ~21:00
T여천롯데마트,전라남도 여수시무선로 187 롯데마트,01036470278,10:00 ~21:00
순천모다직영상설,전라남도 순천시 해룡면 남가리 43-21층 모다아울렛 순천점,061-902-8025,10:00 ~21:00
순천NC,전라남도 순천시 비봉2길 221층(조례동),061-720-5945,10:00 ~20:00
목포하당상설,전남 목포시 상동1012-7,061-284-0304,10:00 ~21:00
광양HYS,전라남도 광양시 광양읍순광로 3층 LF 스퀘어 광양점,061-815-4824,10:00 ~21:00
순천중앙점,전라남도 순천시 시민로37-1(남내동)시민로37-1(남내동),061-752-9999,10:00 ~21:00
여천롯데마트,"전라남도 여수시 무선로 187(선원동,2층)",010-3647-0278,10:00 ~21:00
T고흥,전라남도 고흥군 도양읍 비봉로136,0618421993,10:00 ~21:00
T여수,전라남도 여수시 통제영3길10-6 (교동),061-662-1130,10:00 ~21:00
롯데남악상설,전라남도 무안군 삼향읍 남악로162번길 80,010-4527-0304,10:00 ~21:00
롯데남악직영,전라남도 무안군 삼향읍 남악로162번길 80,010-4527-0304,10:00 ~21:00
T화순,전남 화순군 화순읍 중앙로75,061-373-6591,10:00 ~21:00
T순천NC,전라남도 순천시 비봉2길22 1층(조례동),061-720-5945,10:00 ~20:00
화순,전남 화순군 화순읍 중앙로75,061-373-6591,10:00 ~21:00
익산롯데마트,전라북도 익산시 무왕로 1053롯데마트3층,070-7532-1119,10:00 ~21:00
T익산롯데마트,전라북도 익산시 무왕로 1053,070-7532-1119,10:00 ~21:00
이리중앙,전라북도 익산시 익산대로16길 7-4(창인동1가),063)855-3043,10:00 ~21:00
전주평화HYS,전북 전주시 완산구 장승배기로 100B-101호,063-288-6780,10:00 ~21:00
전주송천HYS,"북전주시 덕진구 동부대로 1193,101(송천동2가)",063-251-8879,10:00 ~21:00
전주평화HYS(상설),전북 전주시 완산구 장승배기로 100B-101호,063)288-6780,10:00 ~21:00
I.S스포츠HYS,전라북도 익산시 무왕로 1105 (영등동),063-835-7907,10:00 ~21:00
I.S스포츠HYS(상설),전라북도 익산시 무왕로 1105 (영등동),063)835-7907,10:00 ~21:00
전주송천HYS(상설),"전라북도 전주시 덕진구 동부대로1193,101",063)251-8879,10:00 ~21:00
전주세이브존,"전라북도 전주시 완산구 팔달로 262-6(서노송동,세이브존)",063-231-6111,10:00 ~21:00
부안,전라북도 부안군 부안읍 석정로 220,063)584-5009,10:00 ~21:00
군산수송직영,"전라북도 군산시월명로 273, 1층 (수송동)",0634667898,10:00 ~21:00
군산수송직영상설,"전라북도 군산시월명로 273,1층(수송동)",010-3678-8888,10:00 ~21:00
롯데군산상설,전북 군산시 조촌로 130(조촌동) 롯데아울렛 군산점 2층,063-447-0253,10:00 ~21:00
롯데군산직영,전북 군산시 조촌로 130(조촌동) 롯데아울렛 군산점 2층,063-447-0253,10:00 ~20:00
T전주세이브존,전북 전주시 완산구 팔달로 262-6,063-231-6111,10:00 ~21:00
T부안,전라북도 부안군 부안읍 석정로220,063-584-5009,10:00 ~21:00
전주인후,"전북 전주시 덕진구 견훤로298, 1층(인후동1가)",063-244-9358,10:00 ~21:00
제주이마트,"제주특별자치도 제주시탑동로 38,2층",0647225929,10:00 ~20:00
T제주이마트,제주특별자치도 제주시 탑동로 38제주이마트 2층,01039015131,10:00 ~21:00
서귀포이마트,"제주특별자치도 서귀포시 일주동로9209, 1층(법환동, 이마트서귀포점)",010-9423-7811,10:00 ~21:00
T서귀포이미트,"제주특별자치도 서귀포시 일주동로9209, 1층(법환동, 이마트서귀포점)",010-9423-7811,10:00 ~21:00
보령홈플러스,충청남도 보령시 한내로 87보령홈플러스 2F,041-935-9915,10:00 ~21:00
천안HYS(상설),충남 천안시 서북구 직산읍 삼은1길 10-8직산패션아울렛내,041-581-8688,10:00 ~21:00
롯데부여직영,충청남도 부여군 규암면 백제문로 387 롯데아울렛 부여점 2층,041-435-2714,10:00 ~20:00
롯데부여상설,충청남도 부여군 규암면 백제문로 387 롯데아울렛 부여점 2층,041-435-2714,10:00 ~21:00
당진,충청남도 당진시 당진중앙1로 71 (읍내동),041)355-4543,10:00 ~21:00
천안쌍용,충청남도 천안시 서북구 쌍용대로 57(쌍용동),041-571-0575,10:00 ~21:00
온양대리점,충청남도 아산시 온천대로211-3,041-546-3002,10:00 ~21:00
천안HYS,충남 천안시 서북구 직산읍 삼은1길 10-8직산패션아울렛내,041-581-8688,10:00 ~21:00
서북이마트,"충남 천안시 서북구 삼성대로20, 1층(백성동,E마트)",041-563-7979,10:00 ~21:00
T보령홈플러스,충남 보령시 명천동 129 보령홈플러스 2층,041-935-9915,10:00 ~21:00
천안모다아울렛,충남 천안시 서북구 불당동 1289-1 펜타포,041-904-0106,10:00 ~21:00
세종이마트,"세종 특별자치치시 금송로 687,2층(가람동)687,2층(기람동)",0448675799,10:00 ~21:00
T세종이마트(행사코드),세종시 금송로 687 2층 (가람동)금송로 6872층 (가람동),0448675799,10:00 ~21:00
행담도모다아울렛,충남 당진시 신평면 매산리 516-4,041-970-2041,10:00 ~21:00
공주대리점,충청남도 공주시 웅진로 158(중동),041-855-2364,10:00 ~21:00
T행담도모다아울렛,충청남도 당진시 신평면 매산리 516-4,010-3871-2070,10:00 ~21:00
T세종홈플러스,"세종특별자치시 절재로154, 2층(어진동, 홈플러스 세종점)",010-3302-6081,10:00 ~21:00
세종홈플러스,"세종특별자치시 절재로154, 2층(어진동, 홈플러스 세종점)",010-3302-6081,10:00 ~21:00
T당진,충청남도 당진시 당진중앙1로71 (읍내동),041-355-4543,10:00 ~21:00
T온양대리점,충청남도 아산시 온천대로1487-3 (온천동),041-546-3002,10:00 ~21:00
아산퍼스트빌리지,"충남 아산시 둔포면 해위안길127, 3층",010-2107-6468,10:00 ~21:00
T아산퍼스트빌리지,"충남 아산시 둔포면 해위안길127, 3층",010-2107-6468,10:00 ~21:00
천안아울렛직영상설,"충남 천안시 동남구 천안대로364, 2층(삼룡동)",041-558-6708,10:00 ~21:00
T서북이마트,"충청남도 천안시 서북구 삼성대로20, 1층",041-563-7979,10:00 ~21:00
롯데마트아산터미널점(행사),경충청남도 아산시 번영로225,010-6244-8453,10:00 ~21:00
롯데마트천안아산점(행사),충청남도 아산시 배방읍 광장로210 (장재리),010-6244-8453,10:00 ~21:00
충주롯데마트,충청북도 충주시 봉계1길 49(칠금동) 롯데마트2F,043-846-8786,10:00 ~21:00
서청주,충청북도 청주시 흥덕구 복대로 154(복대동),043)234-6951,10:00 ~21:00
롯데청주직영,충청북도 청주시 흥덕구 2순환로 1004 롯데아울렛 청주점 3층(비하동),043-717-2950,10:00 ~20:00
에버세이브,충청북도 청주시 서원구 청남로1936번길 2(미평동) 에버세이브,043-287-1133,10:00 ~21:00
롯데청주상설,충청북도 청주시 흥덕구 2순환로 1004 롯데아울렛 청주점 3층(비하동),043-717-2950,10:00 ~21:00
충주이마트,"충청북도 충주시중원대로 3420,3층",0438468787,10:00 ~20:00
T충주이마트,충청북도 충주시중원대로 3420 충주이마트 3층,01043530856,10:00 ~21:00
보은,충북 보은군 보은읍삼산리 139-27,043-544-1096,10:00 ~21:00
제천직영점,충북제천시 의림대로119(중앙로1가),043-644-6444,10:00 ~21:00
T충주롯데마트,충북 충주시 칠금동 849 롯데마트 충주점 2,043-846-8786,10:00 ~21:00
롯데청주영플,충북 청주시 상당구 상당로 55 (남문로2가),0432199128,10:00 ~20:00
T서청주,충청북도 청주시 흥덕구 복대로154 (복대동),043-234-6951,10:00 ~21:00
T에버세이브,충청북도 청주시 서원구 청남로1936번길 2 (미평동) 에버세이브,043-287-1133,10:00 ~21:00
T보은,충북 보은군 보은읍 삼산리139-27,043-544-1096,10:00 ~21:00
T에버세이브,충청북도 청주시 서원구 청남로1936번길 2,043-287-1133,10:00 ~21:00
T전주인후,전북 전주시 덕진구 견훤로298,063-244-9358,10:00 ~21:00
롯데마트제천점(행사),충청북도 제천시 용두대로111 (하소동)？,010-6244-8453,10:00 ~21:00
NC청주점,"충북 청주시 흥덕구 2순환로1233(가경동, NC청주점)",010-2107-6468,10:00 ~21:00
NC청주점(행사),"충북 청주시 흥덕구 2순환로1233(가경동, NC청주점)",010-2107-6468,10:00 ~21:00
