,name,address
0,경산신대부적점,경상북도 경산시 압량면 압독2로2길 36 더페이스샵
1,NC 하나로클럽안영점,대전광역시 중구 대둔산로199번길 43
2,NC 롯데마트 인천터미널점,"인천광역시 미추홀구 연남로 35, B1층(관교동, 롯데마트 인천터미널점)"
3,NC 부산기장시장점,부산광역시 기장군 기장읍 차성동로 64
4,롯데백화점 인천터미널,인천광역시 미추홀구 연남로 35
5,NC 제주남원점,제주특별자치도 서귀포시 남원읍 남원리 106-5
6,NC 양주삼숭점,경기도 양주시 삼숭로 38번길 71 (양주프라자 1상가 2110호)
7,현대면세점 무역센터점,"서울특별시 강남구 영동대로82길 19(대치동, 항진빌딩)"
8,신세계면세점 인천공항점,인천광역시 중구 운서동 2851 국제공항여객터미널 내 신세계 면세점 
9,NC 남포지하상가점,부산광역시 중구 남포동1가 15 부산지하철남포동역내
10,NC 마곡점,"서울특별시 강서구 마곡중앙5로 81,106호(마곡동, 에스비타운상가)"
11,NC 세천점,"대구광역시 달성군 다사읍 세천로 161, 106A(프라임시티)"
12,NC 내포신도시점,"충청남도 홍성군 홍북면 청사로 174번길 2, 1층 107호 (한승갤러리)"
13,NC 조치원점,세종특별자치시 조치원읍 새내로 102
14,NC 김포구래점,"경기도 김포시 김포한강9로 76번길 49, 1층 103호"
15,NC 가수원점,"대전광역시 서구 계백로 1149,1층 101호(가수원동)"
16,NC 순천신대점,전라남도 순천시 해룡면 신대로118
17,NC 남성역점,서울특별시 동작구 사당로 16가길 26 (사당동)
18,NC 이천점,경기도 이천시 서희로 59번길 13 (창전동)
19,NC 광양칠성점,전라남도 광양시 광양읍 칠성로 52
20,NC 홍대입구역점,서울특별시 마포구 동교동 163-16
21,NC 수락점,"서울특별시 노원구 동일로 1689 (상계동, 하이베라스 상가 101-1)"
22,NC 익산함열점,전라북도 익산시 함열읍 함열중앙로 16
23,NC 전주아중점,"전라북도 전주시 덕진구 석소로 27, 107동 103호 (인후동 1가)"
24,NC 제주성산하나로마트점,제주특별자치도 서귀포시 성산읍 일주동로 4282
25,NC 이마트 용인점,"경기도 용인시 처인구 명지로 53, 2층"
26,NC 삼정그린빌점,대구광역시 달서구 야외음악당로 39동길 31(두류동)
27,NC 동성로점,대구광역시 중구 동성로 33-2 (동성로 2가)
28,NC 녹두거리점,"서울특별시 관악구 대학5길 8, 1층"
29,NC 대림중앙시장점,서울특별시 영등포구 디지털로 53길 15(대림동)
30,NC 전주서곡점,전라북도 전주시 완산구 서곡1길 13-22 (효자동3가)
31,NC 산본점,"경기도 군포시 산본로 323번길 16-7 1층 103호 (산본동, 롯데프라자)"
32,NC 화성남양점,경기도 화성시 남양시장로 80(남양동)
33,NC 오창LG화학점,충북 청주시 흥덕구 옥산면 남촌리 LG화학 오창공장 광학2동 3층
34,NC 여주가남점,경기도 여주시 가남읍 태평2길 33
35,NC 양주덕계점,경기도 양주시 덕계동 694 리치마트 내
36,NC 안산한대역점,"경기도 안산시 상록구 중보로 49, 1층 113호(이동, 숭실프라자)"
37,NC 제주제원점,제주특별자치도 제주시 신광로 34(연동)
38,NC 대구월성점,"대구광역시 달서구 조암로 25, 103호(월성동)"
39,NC 광주백운점,"광주광역시 남구 백운로 64, 1층(백운동)"
40,NC 노원점,"서울특별시 노원구 상계로 70,2(상계동 1층)"
41,NC 구미봉곡G7,"경상북도 구미시 야은로 296, 지하 1층(봉곡동)"
42,NC 진해장천점,"경상남도 창원시 진해구 충장로 657번길 20, 제 106호(장천동, 외 2필지)"
43,NC 구산점,"경상남도 김해시 가락로 260(구산동,2호)"
44,NC 제주노형하나로마트점,"제주특별자치도 제주시 월광로 77(2층, 노형동 제주시농협하나로유통)"
45,NC 중곡제일시장점,서울특별시 광진구 중곡동 229-7
46,NC 평택미군기지점,경기도 과천시 삼부골로 25(주암동)
47,NC 동광양하나로점,전라남도 광양시 공영로 25(중동)
48,NC 전북무주점,전라북도 무주군 무주읍 향학로 37
49,NC 포천일동점,경기도 포천시 일동면 화동로 1062-1
50,NC 부산신호점,"부산광역시 강서구 신호산단2로 33,102호(신호동,골든뷰)"
51,NC 달서용산점,"대구광역시 달서구 용산로 229,107호(용산점)"
52,NC 인천학익점,"인천광역시 남구 한나루로 389(학익동, 1층일부)"
53,NC 광주용봉점,"광주광역시 북구 용봉택지로 39, 1동108호(용봉동)"
54,NC 약수점,"서울특별시 중구 다산로 126,1층(신당동)"
55,NC 행신무원점,경기도 고양시 덕양구 충경로 44 제 1층 101호 (행신동)
56,NC 대곡역점,대구광역시 달서구 비슬로 2716(대곡동)
57,NC 제주표선점,제주특별자치도 서귀포시 표선면 표선동서로 234
58,NC 전북삼례점,전라북도 완주군 삼례읍 동학로 38
59,NC 제주외도점,제주특별자치도 제주시 우정로 11길 11(외도일동)
60,NC 제주 화북아란점,제주특별자치도 제주시 화북일동 1973-19
61,NC 인천모래내점,"인천광역시 남동구 구월로 276번길 56,105호(구월동)"
62,NC 창원반송시장점,"경상남도 창원시 성산구 원이대로 473번길 20-8, 1동 1층 106호(반림동)"
63,NC 전주평화2호점,전라북도 전주시 완산구 평화18길23-9(평화동1가)
64,NC 이시아폴리스점,"대구광역시 동구 팔공로51길 15-8, 106호(봉무동)"
65,NC 하이닉스점,경기도 이천시 부발읍 경충대로 2091 (SK하이닉스 반도체 복지매장 내 드봉화장품)
66,NC 제주하귀하나로마트점,제주특별자치도 제주시 애월읍 일주서로 7136 (하나로마트 1층매장)
67,NC 광주양산점,광주광역시 북구 하서로410(양산동)
68,NC 인천논현점,"인천광역시 남동구 논고개로 93,1층 115호(논현동, 보미리즌텔)"
69,NC 안산본오점,"경기도 안산시 상록구 샘골로 148,105-1호(본오동)"
70,NC 군포점,"경기도 군포시 고산로 151번길 8,102호(당정동,당정메디컬빌딩)"
71,NC 의정부회룡점,"경기도 의정부시 평화로 363-7상가동 105호(호원동, 회룡한주아파트)"
72,NC 수원정자점,경기도 수원시 장안구 정자동 74-33 1층
73,NC 성거점,"충청남도 천안시 서북구 성거길 90, 1층"
74,NC 경희궁자이점,서울특별시 종로구 교남동 62-1 경희궁자이 아파트 상가(펠리스에비뉴
75,NC 제주롯데시티점,"제주특별자치도 제주시 도령로 73, 109호(연동, 펠리체아파트)"
76,NC 대구대곡점,"대구광역시 달서구 도원로 30, 111호(도원동, 대곡프라자)"
77,NC 광양마동점,"전라남도 광양시 사동로 177-1, 1층(마동)"
78,NC 경북대점,대구광역시 북구 산격동 1332-10
79,NC 경남대점,경상남도 창원시 마산합포구 해운동 5-95 해운프라자상가 103호
80,NC 강원평창점,"강원도 평창군 평창읍 백오로 83, 1층 일부"
81,NC 강원사내점,"강원도 화천군 사내면 사내로 41-1,1호"
82,NC 홈플러스스토어즈 순천풍덕점,전라남도 순천시 팔마로 222 홈플러스 순천풍덕점
83,홈플러스스토어즈 서면점,부산광역시 부산진구 전포3동 892-20 지하2층
84,홈플러스스토어즈 부산반여점,부산광역시 해운대구 반여동 1406-1 홈플러스테스코 반여점
85,홈플러스 송도점,인천광역시 연수구 송도국제대로 165 홈플러스 인천송도점 지하 1층 더페이스샵
86,현대백화점 디큐브시티,서울특별시 구로구 구로1동 경인로 662번지 지하2층
87,충북오창점,충북 청주시 청원구 오창읍 양청리 820-1
88,진주상대동점,경상남도 진주시 동진로 184-1(상대동)
89,인제점,강원도 인제군 인제읍 비봉로 5 더페이스샵
90,이마트 칠성점,대구광역시 북구 칠성동2가 20-1번지 1층 더페이스샵
91,이마트 연수점,인천광역시 연수구 동춘동 926-9번지 1층 더페이스샵
92,이마트 김해점,경상남도 김해시 전하로304번길 24 이마트 김해점 2층
93,이마트 구로점,서울특별시 구로구 디지털로 32길 43 이마트 구로점 1층 더페이스샵
94,이마트 광교점,경기도 수원시 영통구 이의동 1240 이마트 광교점 2층 더페이스샵
95,이마트 과천점,경기도 과천시 별양동 1-19 이마트 과천점 1층 더페이스샵
96,신세계백화점 김해점,경상남도 김해시 전하로 304번길 24 신세계백화점 김해점 터미널 2층
97,신세계면세점 부산점,부산 해운대구 센텀4로 15(우동) 신세계면세점 더페이스샵
98,신세계면세점 명동점,"서울 중구 소공로 48,3층,8층,12층(회현동2가, 프라임타운)"
99,신세계면세점 강남점,"서울특별시 서초구 신반포로 176(센트럴시티빌딩), 2층 더페이스샵"
100,시티면세점 인천공항점,"인천광역시 중구 공항로 272(운서동, 인천국제공항 제1여객터미널 서편) 더페이스샵"
101,삼성전기복지몰,"경기도 수원시 영통구 매영로150, 지하1층(매탄동,삼성전기복지몰)"
102,부산도철 주례역점,부산 사상구 가야대로 292 더페이스샵
103,부산도철 장전역점,부산 금정구 장전온천천로 144 더페이스샵
104,부산도철 동의대역점,부산 부산진구 가야대로 554 더페이스샵
105,부산도철 대연역점,부산 남구 수영로 240-1 더페이스샵
106,부산도철 노포역점,부산광역시 금정구 중앙대로 2238 더페이스샵
107,부산도철 개금역점,부산 부산진구 가야대로 442 더페이스샵
108,롯데면세점 김해공항점,부산 부산진구 가야대로 772(부전동) 롯데면세점 더페이스샵
109,롯데마트 수원광교점,경기도 수원시 영통구 센트럴타운로 85 롯데마트 광교점 지하1층 더페이스샵
110,두산면세점,"서울특별시 중구 장충단로 275(을지로6가, 두산타워빌딩) "
111,NC 대구백화점 프라자점,"대구광역시 중구 명덕로 33(대봉동), 대구백화점 프라자 지하1층"
112,뉴코아아울렛 괴정점,부산광역시 사하구 괴정3동 961-1
113,김천하나로점,경상북도 김천시 자산로 147 김천 하나로마트 더페이스샵
114,경북청송점,경북 청송군 청송읍 중앙로 234-1 더페이스샵
115,강화도점,인천광역시 강화군 강화읍 관청리 491-1 12  더페이스샵
116,SM면세점 인천공항점,"서울 종로구 인사동5길 41(공평동, 하나투어빌딩)"
117,NC 이마트 의왕점,경기도 의왕시 오전동 324-4
118,NC 고척점,서울특별시 구로구 고척로 143 (고척동)
119,NC 파주문산점,경기도 파주시 문산읍 문향로 51
120,용현동점,인천 남구 용현동 617-24 더페이스샵
121,롯데마트 김포한강점,"경기 김포시 장기동 2031번지, 롯데마트 2층 더페이스샵"
122,하나로마트 창동점,서울 도봉구 창4동 1-10 1층 더페이스샵
123,오류동점,서울 구로구 오류동 40-4 더페이스샵
124,NC구미상모점,경북 구미시 상모동 68-3번지
125,NC구미형곡점,경북 구미시 형곡동로 93(형곡동168-2번지)
126,NC 김해대청점,"경상남도남 김해시 번화1로 80번길151층 107호(대청동,다성아워스빌딩)"
127,NC 통영죽림점,"경상남도 통영시 광도면 죽림3로54-38,104호"
128,홈플러스스토어즈 신도림점,서울 구로구 신도림동 337 대우미래 사랑시티 B1층 홈플러스 
129,NC 동탄영천점,경기도 화성시 영천동681-7 애플스퀘어 103호
130,NC 안지랑점,대구시 남구 대명로 170(대명동)
131,NC 방이점,서울시 송파구 백제고분로48길 22
132,탑마트 서진주점,경남 진주시 평거동 921
133,NC 남한산성역점,"경기도 성남시 수정구 산성대로 489,1층(양지동)"
134,NC 제주인제점,제주특별자치도 제주시 고마로 86 1층
135,대현프리몰 대구점,"대구 중구 동성로2가 41-8 대현프리몰 D27,28,29호"
136,홈플러스스토어즈 원천점,경기 수원시 팔달구 원천동 177-1호 홈플러스 원천점 지하1층 더페이스샵
137,NC 김포장기점,"경기도 김포시 김포한강4로 118, 1층 106호(장기동)"
138,NC 일산원흥점,"경기도 고양시 덕양구 도래울로 103, 107호 (도내동, 대영프라자)"
139,스퀘어원점,인천 연수구 청능대로 210 스퀘어원 1층 더페이스샵 
140,부천북부점,경기 부천시 부천로 10(심곡동 171-13)
141,오류점2015,서울 구로구 오류동 40-4 더페이스샵
142,롯데마트 양평점,서울시 영등포구 양평동 3가 45 지하1층
143,NC 다대점,"부산광역시 사하구 다대로 550,1층 101호(다대동)"
144,NC 금천점,충청북도 청주시 상당구 수영로 303 2층 202호(용담동) 
145,NC 역곡북부역점,"경기도 부천시 역곡로3 1층 103호(역곡동,덕지빌딩)"
146,NC 명지국제신도시점,"부산광역시시 강서구 명지국제8로 264, 1층101호(명지동, 삼성프라자)"
147,NC 구미원호점,"경상북도 구미시 고아읍 문장로26길 3,114호(낙원프라자)"
148,NC 구미인동점,경상북도 구미시 인동중앙로6길1(인의동)
149,NC 평택소사벌점,"경기도 평택시 비전2로 196, 102호(비전동, 골든7차)"
150,NC 태평점,"대전광역시 중구 태평로 71 110호(태평동, 뉴삼부프라자)"
151,NC 장호원점,"경기도 이천시 장호원읍 장감로 85-1, 1층상가"
152,NC 진도점,전라남도 진도군 진도읍 남문길 56
153,NC 파주운정산내점,"경기도 파주시 교하로 75 104호(목동동, 신운정프라자3)"
154,NC 도계점,강원도 삼척시 도계읍 도계로 238-2 네이처컬렉션도계점
155,NC 신철원점,강원도 철원군 갈마읍 삼부연로 9
156,NC 진주혁신도시점,"경남 진주시 사들로 87, 102(충무공동,드림플라자)"
157,NC 옥천점,충청북도 옥천군 옥천읍 중앙로 48-2
158,NC 현풍테크노폴리스점,"대구시 달성군 유가면 테크노상업로 120,115호"
159,NC 강원화천점,강원도 화천군 화천읍 중앙로 17
160,NC 원주무실점,강원도 원주시 무실동 1855-1 시티프라자 106호
161,NC 하남점,"경기도 하남시 신평로 57(신장동, 1층)"
162,NC 울산온양점,울산광역시 울주군 온양읍 대안리 400-1 대안상가 101호
163,NC 의왕부곡점,경기도 의왕시 부곡시장길 29(1층 삼동)
164,NC 여수점,전남 여수시 진남상가길 42-1(교동)
165,NC 비래점,대전 대덕구 비래동 126-23
166,NC 인천검단점,"인천 서구 완정로 159, 101호(왕길동)"
167,NC 인천서창점,인천광역시 남동구 서창동 708-3 서창 비젼프라자
168,NC 경북울진점,경북 울진군 울진읍 읍내리 54-6
169,NC 전남함평점,전남 함평군 함평읍 내교리 201-14(힐링빌딩)
170,NC 광주학동점,광주광역시 동구 학동 868-4 해피뷰삼성메디타워
171,NC 제주 삼화점,제주특별자치도 제주시 건주로 33
172,NC 천안 쌍용점,충청남도 천안시 서북구 쌍용동 836 
173,NC 다문화거리점,"경기도 안산시 단원구 다문화길 15, 104(원곡동)"
174,NC 포항창포점,경상북도 포항시 창포동 636-5번지
175,NC 홍성점,충청남도 홍성군 홍성읍 조양로 144번길 19
176,NC 경산사동점,"경상북도 경산시 백자로 10길 3-11,105호(사동,드림프라자)"
177,NC 나주혁신도시점,"전라남도 나주시 전력로6, 제1동 105호(빛가람동,펠리시티에스주)"
178,NC 김해진영점,경남 김해시 진영읍 진영로 195
179,NC 명동3번가점,서울특별시 중구 명동 10길 7-4 ( 명동2가 . 1층 )
180,NC 롯데몰 은평점,서울 은평구 진관동 79-15 지하 1층 네이처 컬렉션 (롯데몰은평점)
181,광명사거리점,경기도 광명시 광명3동 150-7
182,NC 원주문막점,"강원도 원주시 문막읍 왕건로 29,101호"
183,NC 강남역점,서울시 강남구 역삼동825번지 신분당선 지하1층
184,NC 영천언하점,"경상북도 영천시 언하공단로 83 ,103호(망정동)"
185,NC 의정부 민락점,"경기 의정부시 오목로205번길 35, 1층 112호 (민락동, 진산프라자투) "
186,창동점,"서울특별시 도봉구 노해로63길 79, 1층 104호(창동, 우리빌딩)"
187,NC 반여점,부산광역시 해운대구 선수촌로 105-2(반여동)
188,네이처컬렉션 광주풍암점,"광주 서구 풍암2로 16-1,1층(풍암동)"
189,네이처컬렉션 군산점,전북 군산시 중앙로 159(중앙로 1가)
190,NC 마천점,서울 송파구 마천동 129-1 1층 101호
191,NC 광주화정점,"광주 서구 화운로 25, 1층(화정동)"
192,NC 금왕점,충청북도 음성군 금왕읍 무극로 285번길 3
193,세이브존 노원점,서울 노원구 한글비석로 57(하계동)
194,NC 명동중앙로점,서울특별시 중구 명동2가 51-12
195,NC 신림점,서울 관악구 신림동 1640-8
196,NC 인사점,서울특별시 종로구 인사동 170 동일빌딩 1층
197,NC 분당서현점,"경기도 성남시 분당구 서현로 210번길 (서현동,유성트윈프라자102호) 네이처컬렉션 분당서현점"
198,네이처컬렉션 연신내점,서울시 은평구 갈현동 456-1
199,네이처컬렉션 춘천명동점,강원도 춘천시 중앙로 2가 23-1
200,네이처컬렉션 강남대로2호점,서울특별시 서초구 서초동 1319-13
201,네이처컬렉션 울진연수원점,경북 울진군 온정면 소태리 1444-2번지 LG연수원내
202,NC 트윈타워점,서울특별시 영등포구 여의대로 128 LG트윈타워 지하 1층
203,네이처컬렉션 가로수길2호점,서울특별시 강남구 신사동 532-10 
204,NC 명동 2호점,서울특별시 중구 충무로1가 22-7
205,NC 대학로점,서울특별시 종로구 명륜4가 7 
206,NC 안산상록수점,경기도 안산시 상록구 본오동 873-4 현대프라자 104
207,NC 일산웨돔점,경기도 고양시 일산동구 장항동 868 웨스턴돔 B동 137호
208,네이처컬렉션 이태원점,서울 용산구 이태원로 176
209,NC 광화문사옥점,서울시 종로구 새문안로 58 지하 1층
210,NC 신촌점,서울 서대문구 연세로 14
211,NC 광화문점,서울 종로구 세종로 204-1. 명현빌딩 1층 네이처컬렉션
212,NC 수원로데오점,경기 수원시 팔달구 매산로 1가 49-7
213,NC 서면점,부산시 부산진구 부전동 192-2
214,네이처컬렉션 강남점,서울 서초구 강남대로 415 대동빌딩 네이처컬렉션 더페이스샵
215,NC 홍대점,서울 마포구 서교동 346-39번지
216,NC 건대입구점,서울 광진구 화양동 5-47번지
217,NC 이대점,"서울 서대문구 대현동 34-31,32번지"
218,군산나운2동점,"전라북도 군산시 하나운로 71-1, 102호 (나운동)"
219,일산후곡점,"경기 고양시 일산서구 일산로 570, 102호 (일산동,한성빌딩) 더페이스샵"
220,NC 계룡점,"충남 계룡시 엄사면 번영로 46, 1층"
221,건대로데오점,서울 광진구 자양동 8-22번지 1층 더페이스샵
222,하나로마트 화명점,부산 북구 금곡대로 469. 1층 (하나로마트 화명점) 더페이스샵
223,NC 전주동산점,"전북 전주시 덕진구 쪽구름로 63-1, 1층 (여의동) 더페이스샵"
224,양산물금점,경남 양산시 물금읍 범어로 60 청암프라자 1층 104호 더페이스샵
225,롯데백화점 일산,경기 고양시 일산동구 중앙로 1283 롯데백화점 B2 더페이스샵
226,서울메트로 을지로입구역점,"서울 중구 을지로 42 을지로입구역사 내 지하1층 202-06,07호 더페이스샵"
227,SM면세점 서울점,"서울 종로구 인사동5길 41 (공평동, 하나투어빌딩) 더페이스샵"
228,NC 두류점,"대구광역시 서구 달구벌대로 지하 1760 31, 30호 (내당동, 두류1번가 B,C열)"
229,회현지하상가점,"서울 중구 소공로 지하 58, 지하1층 (충무로1가, 화열6) 더페이스샵"
230,킴스클럽 강남점,서울 서초구 잠원동 70-2 킴스클럽강남점 지하1층 더페이스샵
231,산청점,경남 산청군 산청읍 덕계로21 1층 102호 더페이스샵
232,NC 북면점,"경상남도 창원시 의창구 북면 감계로 110번길 54-3, 1층 103호(에이스상가)"
233,NC 일산시장점,경기도 고양시 일산서구 원일로 74번길 12(일산동)
234,한화면세점 여의도점,서울 영등포구 63로 50(여의도동) 더페이스샵
235,HDC신라면세점 용산점,서울 용산구 한강대로23길 55(한강로3가) 더페이스샵
236,이마트 목동점,서울 양천구 목동 962 이마트목동점 지하2층 더페이스샵
237,네이처컬렉션 강남대로점,서울특별시 강남구 역삼동 814-6
238,2001아울렛 천호점,서울특별시 강동구 구천면로 189  2001아울렛 천호점 1층 더페이스샵
239,NC 전남담양점,"전라남도 담양군 담양읍 중앙로 19,1층"
240,파주운정점,경기도 파주시 미래로 610  1층 102호 더페이스샵
241,NC 광운대역점,"서울특별시 성동구 아차산로 92, 12,13층(성수동2가, 광명타워)"
242,NC 광주진월점,광주광역시 남구 서문대로 686 1층 105호
243,롯데슈퍼 고양삼송점,경기 고양시 덕양구 신원동 623 롯데슈퍼 고양삼송점 1층 더페이스샵
244,롯데마트 제천점,충북 제천시 하소동 77 롯데마트 제천점 1층 더페이스샵
245,진주 금산점,경남 진주시 금산면 장사리 963-2 더페이스샵
246,김해장유점,경남 김해시 부곡동 1161-12 장유면넥스코아 제111호 더페이스샵
247,도시철도 7호선 하계역점,서울특별시 노원구 동일로  지하 1196 (B1층 A-4) 더페이스샵
248,송도엔씨큐브점,인천 연수구 송도동 17-1 커넬워크 가을동 1층 더페이스샵
249,2001아울렛 안양점,경기 안양시 만안구 안양4동 627-287 2001아울렛 안양점 1층 더페이스샵
250,NC 노량진점,서울특별시 동작구 노량진로 16길 14(노량진동)
251,서울메트로 사당역직영점,서울 동작구 사당1동 1112 사당역 내 더페이스샵
252,도시철도 6호선 증산역점,서울특별시 은평구 증산로  지하 306 더페이스샵
253,도시철도 7호선 신풍역점,서울특별시 영등포구 신풍로  지하27 (B1층 A-1) 더페이스샵
254,GS리테일 6호선 응암역점,서울 은평구 통일로 68길 35 더페이스샵
255,NC 광주동천점,"광주광역시 서구 하남대로 680번길 2, 1층 (동천동)"
256,NC 장승포점,"경상남도 거제시 능포로 132, 201(능포동)"
257,AK백화점 구로점,서울 구로구 구로 중앙로 152  구로 AK 백화점 2층 더페이스샵
258,롯데아울렛 서울역점,서울 중구 한강대로 405  2층 더페이스샵
259,세이브존 대전점,대전 서구 둔산동 1809번지 세이브존 대전점 1층 더페이스샵
260,NC 창원도계점,경상남도 창원시 의창구 원이대로69번길 20-1(도계동)
261,이마트 청주점,충청북도 청주시 흥덕구 청남로 1853  이마트 지하1층 더페이스샵
262,롯데백화점 구리점,경기 구리시 인창동 677 롯데백화점 구리점  지하1층 더페이스샵
263,이마트 시화점,경기 시흥시 정왕동 1734-1 이마트 시화점 4층 더페이스샵
264,이마트 창동점,서울 도봉구 창5동 135-26 2층 더페이스샵 2층
265,GS슈퍼 포항창포점,경북 포항시 북구 새천년대로 1076번길 4 더페이스샵
266,인천부평지하2호점,"인천 부평구 부평대로 지하69(부평동,부평지하상가 G동 21호) 더페이스샵"
267,서부정류장점2015,대구 달서구 송현동 1041-4번지 더페이스샵
268,NC 전주서부점,"전라북도 전주시 완산구 홍산남로 56, 101호(효자동 2가)"
269,이마트 세종점,"세종 금송로 687(가람동, 이마트세종점) 더페이스샵"
270,NC 동두천지행점,"경기도 동두천시 지행로 56,107호 (지행동, 스타월드타워)"
271,하나로클럽 삼송점,경기 고양시 덕양구 동송로 20 더페이스샵
272,부산화명점,"부산 북구 금곡대로 285번길 29 108 (화명동, 네오플러스 상가) 더페이스샵"
273,신내점,"서울 중랑구 신내로 82 (신내동, 금강프라자 112호) 더페이스샵"
274,롯데마트 월드타워점,서울 송파구 올림픽로 300 (신천동 29) 지하2층 더페이스샵
275,NC 탑마트 포항우현점,경북 포항시 북구 우현동 115-2
276,NC 동두천중앙점,"경기 동두천시 중앙로 259  (생연동, 구터미널앞미래빌딩) 더페이스샵"
277,대전반석점,"대전 유성구 반석동로 51 (반석동, 쎈타프라자2차 1층 107호) 더페이스샵"
278,이마트 광명소하점,경기 광명시 소하로 97 이마트 광명소하점 더페이스샵
279,서산예천점,충남 서산시 예천동 호수공원 10로 29(예천동) 더페이스샵
280,홈플러스 상봉점,서울 중랑구 상봉동 73-10 지하1층 더페이스샵
281,광주문흥점,광주 북구 문흥동 995-6 모아A상가 101호 더페이스샵
282,뉴코아아울렛 덕천점,부산 북구 덕천동 389-2 1층 더페이스샵
283,명지점2018,부산광역시 강서구 명지오션시티11로 74 더페이스샵
284,GS슈퍼마켓 초읍점,부산 부산진구 새싹로 244 GS슈퍼마켓초읍점 1층 더페이스샵
285,평택포승점,경기 평택시 포승읍 여술2길 18 101 더페이스샵
286,NC 유강점,경상북도 포항시 남구 연일읍 유강길17번길 5
287,창원 봉림점,"경남 창원시 의창구 대봉로 14 , 두성빌딩 102호 더페이스샵"
288,롯데마트 김해부원점,경남 김해시 부원동 부원역세권지구A-1 롯데마트김해부원점 2층 더페이스샵
289,홈플러스 청라점,인천 서구 경서동 958 홈플러스청라점 지하2층 더페이스샵
290,NC 충북오송점,"충북 청주시 흥덕구 오송읍 오송생명5로 184-6, 107호(모아미래도프라자)"
291,홈플러스 경산점,경북 경산시 중방동 178-2 홈플러스 경산점 지하2층 더페이스샵
292,홈플러스 오산세교점,경기 오산시 수청동 253-1 홈플러스 오산세교점 지하2층 더페이스샵
293,이마트 인천공항점,인천 중구 공항로 424번길 47 1층 더페이스샵
294,이마트 산본점,경기도 군포시 산본로 347 이마트백화점 2층 더페이스샵
295,이마트 김포한강,경기 김포시 김포한강 7로 22번길 22 더페이스샵
296,롯데마트 동부산점,부산 기장군 기장읍 당사리 116번지 더페이스샵
297,롯데마트 수원점,경기 수원시 권선구 서둔동 296-3 롯데마트 수원점 2층 더페이스샵
298,롯데마트 용인신갈점,경기 용인시 기흥구 신갈동 62외 28필지 더페이스샵
299,도심공항터미널직영점,서울 강남구 테해란로 87길 22 한국도심공항 터미널 B1 110호 더페이스샵
300,NC 군산수송점  ,"전라북도 군산시 월명로 254, 109호(수송동, 모나코빌딩)"
301,NC 통영항남점,경남 통영시 중앙로 137 더페이스샵
302,탑마트 포항문덕점,경북 포항시 남구 오천읍 원동로 33
303,GS슈퍼 의왕점,경기 의왕시 왕곡동 598-1 GS슈퍼마켓 1층 더페이스샵
304,도시철도 7호선 먹골역점,서울 중랑구 묵동 189-5 먹골역 내 더페이스샵
305,동대문역사문화공원역직영점,서울특별시 중구 을지로 281  동대문역사문화공원역사내 더페이스샵
306,NC 전북장수점,"전라북도 장수군 장수읍 구시장길 6-14, 2(전북장수은행지점)"
307,NC 남원주점,"강원 원주시 서원대로 402(단구동, 대신빌딩 1층 114호)"
308,안동 옥동점,경북 안동시 경북대로 433  더페이스샵
309,NC 안성공도점,경기도 안성시 공도읍 만정리 809-3번지 101호 더페이스샵
310,양산서창점,경남 양산시 서창로 191-2
311,이마트 진주점,경남 진주시 인사동 3번지 이마트 진주점 1층
312,석전점,경남 창원시 마산회원구 석전동6길 2
313,엔씨 중앙로역점,대전광역시 중구 중앙로 141(선화동)
314,도시철도 6호선 상수역점,서울특별시 마포구 독막로 지하 85  더페이스샵
315,GS슈퍼 칠곡왜관점,경북 칠곡군 왜관읍 왜관리 777-27 1층 더페이스샵
316,배재대점,대전 서구 배재로 162-1 더페이스샵
317,양평용문점,경기 양평군 용문면 다문리 729-7 더페이스샵
318,NC 마들점,"서울특별시 노원구 동일로 1542 102(상계동, 상계주공아파트12단지)"
319,NC 충북괴산점,충북 괴산군 괴산읍 읍내로 11길 14
320,홈플러스 남현점,서울 관악구 남현동 69-2 홈플러스 남현점 지하1층 더페이스샵
321,롯데슈퍼 연산점,부산 연제구 연산9동 490-7 1층 더페이스샵
322,포항장성점,경북 포항시 북구 두호동 1079-4 성도종합상가 108호
323,대전역직영점,대전 동구 정동 26 더페이스샵
324,전북남원점,전북 남원시 광한북로 38 (쌍교동 243-3번지) 더페이스샵
325,롯데마트 김천점,경북 김천시 시청로 80 (신음동 470) 더페이스샵
326,홈플러스 세종점,세종  어진동 307-3 더페이스샵
327,코레일유통 선정릉역점,서울 강남구 삼성동 111-114 선정릉역 B1 더페이스샵
328,NC 전주혁신점,전라북도 전주시 덕진구 오공로 45(중동)
329,평택청북점,"경기 평택시 청북면 안청로 336, 107 (골드테라스) 더페이스샵"
330,용인죽전점,경기 용인시 기흥구 보정동 1208-3 야후빌딩 107호 더페이스샵
331,엄궁점,부산광역시 사상구 엄궁북로 10 더페이스샵
332,NC 경남동읍점,경상남도 창원시 의창구 동읍 동읍로 9
333,NC 전남남악점,"전라북도 무안군 삼향읍 남악3호, 71 103호(더 트리폴리앙상가동)"
334,부산신평점,부산 사하구 신평동 84-97 더페이스샵
335,NC 연일점,"경상북도 포항시 남구 연일읍 연일로 159번길 41, 1층"
336,진주신안점,경남 진주시 진양호로292 제가호(신안동581-6번 제가호) 가동 더페이스샵
337,뉴코아아울렛 창원점,경남 창원시 의창구 팔용동 30-1 뉴코아아울렛 창원점 1층 더페이스샵
338,광주첨단2지구점,광주 북구 신용동 684번지 호반베르디움 상가 1층 104호 더페이스샵
339,NC 한국철도 수원역점,경기도 수원시 팔달구 매산로 1가 18 수원역 내
340,롯데마트 안산선부점,경기 안산시 단원구 선부동 1086번지 롯데마트 안산선부점 1층 더페이스샵
341,NC 안산초지점,경기 안산시 단원구 초지동 726-5 주공프라자 108호 더페이스샵
342,롯데아울렛 김해점,경남 김해시 장유면 장유로 469 롯데프리미엄아울렛 김해점 D동 1층 더페이스샵
343,대전목원대점,대전 서구 도안북로 95번지 105호 씨티타워 1층 더페이스샵
344,용평리조트점,강원 평창군 대관령면 용산리 130 용평리조트 드레곤벨리호텔 1층 더페이스샵
345,NC 익산부송점,전라북도 익산시 부송1로 71(부송동)
346,이마트 자양점,서울특별시 광진구 아차산로  272 이마트 지하1층 더페이스샵
347,롯데마트 칠성점,대구광역시 북구 호암로 1 (칠성동 2가)
348,경북 군위점,경상북도 군위군 군위읍 서부리 36-4 더페이스샵
349,도시철도 7호선 마들역점,서울특별시 노원구 동일로 지하 1530-1  마들역 내 더페이스샵
350,도시철도 7호선 남구로역점,서울특별시 구로구 도림로8길 2  7호선 남구로역 내 지하1층 더페이스샵
351,롯데마트 광복점,부산광역시 중구 중앙대로 2  더페이스샵
352,NC 마산진동점,경상남도 창원시 마산합포구 진동면 삼진의거대로 642
353,롯데마트 포항점,경상북도 포항시 남구 지곡로 247  롯데마트 포항점 더페이스샵
354,일산풍동점,"경기도 고양시 일산동구 숲속마을로 42  104 (풍동, 에이스타워) 더페이스샵"
355,도시철도 7호선 강남구청역점,서울특별시 강남구 학동로 346  (B2층 B-2) 더페이스샵
356,NC 전북완주봉동점 ,"전북 완주군 봉동읍 둔산1로 130, 상가동 110호"
357,NC 광주운암점,"광주광역시 북구 북문대로 141, 1층 102호(운암동, 금호아파트)"
358,용호점,부산 남구 용호동 958번지 더페이스샵
359,NC 반월당 지하점,"대구광역시 중구 달구벌대로 지하 2100번(덕산동, 외 81필지 메트) W129,130"
360,이마트 중동점,경기 부천시 원미구 중동 1157번지 이마트 중동점 지하1층 더페이스샵
361,NC 외동점,경북 경주시 외동읍 입실로 65
362,행복한세상백화점,서울 양천구 목동 917-6 행복한세상백화점 1층 더페이스샵
363,NC 대전터미널점,대전 동구 용전동 117-22번지 102호 더페이스샵
364,NC 광양사동하나로점,전라남도 광양시 진등1길5 사동하나로점 1층
365,롯데마트 아산터미널점,충남 아산시 모종동 555-6 지하1층 더페이스샵
366,화성봉담점,경기 화성시 봉담읍 동화길 85 102 이원타워 더페이스샵
367,남양주 진건점,경기 남양주시 진건읍 진건오남로 83 103호 더페이스샵
368,부산서대신동점,부산 서구 서대신동 387-12번지 더페이스샵
369,롯데마트 판교점,경기 성남시 분당구 삼평동 741번지 롯데마트 판교점 지하1층 더페이스샵
370,미래코스메틱,인천 계양구 향교로 26 101호 더페이스샵
371,대치점,서울 강남구 대치동 936-31 103 더페이스샵
372,w몰,서울 금천구 가산동 디지털로 w몰 188 지하1층 더페이스샵
373,NC 소계점,경남 창원시 의창구 소계로 86 (소계동)
374,제주모슬포점,제주 서귀포시 대정읍 하모상가로37-1 더페이스샵
375,전주호성점,전북 전주시 덕진구 호성동 794-8 더페이스샵
376,NC 울산삼산점,"울산광역시 남구 삼산중로74번길 6(삼산동, 주상빌딩1층)"
377,GS슈퍼 서인천점,"인천 서구 심곡동 249-4,5 GS슈퍼 서인천점 1층 더페이스샵"
378,은행사거리점,서울 노원구 한글비석로 254 대명프라자 108호
379,NC 이마트 별내점,경기도 남양주시 순화궁로 167 이마트별내점 1층
380,이마트 의정부점,경기 의정부시 민락동 475-32 지하1층 더페이스샵
381,NC 원주하나로점,"강원 원주시 원일로 233,1층(학성동)"
382,롯데마트 고양점,경기 고양시 덕양구 행신1동 941 1층 더페이스샵
383,롯데마트 홍성점,충남 홍성군 홍성읍 조양로  205번길 81 2층 더페이스샵
384,하나로마트 직산점,충남 천안시 서북구 직산읍 삼은리 72-1번지 1층 더페이스샵
385,롯데마트 석사점,강원 춘천시 석사동  27 롯데마트 석사점 지하 1층 더페이스샵
386,롯데마트 남원점,전북 남원시 춘향로 96 롯데마트 남원점 1층 더페이스샵
387,이마트 천안서북점,충남 천안시 서북구 성성동 446-2 지하1층 더페이스샵 (천안물류단지A4-1로트)
388,롯데마트 청라점,"인천 서구 청라커낼로 252 (경서동, 롯데마트) 지하 1층 더페이스샵 (경서동, 958-1)"
389,NC 홈플러스 인천연수점,"인천광역시 연수구 청능대로 210 (동춘동, 홈플러스 연수점)"
390,성남중앙점2012,경기 성남시 수정구 수진1동 48번지 더페이스샵
391,홈플러스 서수원점,경기 수원시 권선구 금곡동 160번지 홈플러스 서수원점 1층 더페이스샵
392,롯데마트 상록점,경기 안산시 상록구 반석로 8 롯데마트 상록점 1층 더페이스샵 
393,롯데마트 서청주점,충북 청주시 흥덕구 비하동 332-1 더페이스샵
394,낙성대점,서울 관악구 봉천동 1656-2 더페이스샵
395,일산고양점,경기 고양시 덕양구 혜음로 21
396,롯데마트 영통점,경기 수원시 영통구 영통동 960-1 롯데쇼핑 영통점 1층 더페이스샵
397,뉴코아아울렛 안산점,경기 안산시 단원구 당곡로 20 뉴코아아울렛 1층 더페이스샵
398,이마트 안동점,경북 안동시 옥동 796-1 더페이스샵
399,NC아울렛 엑스코점,대구 북구 유통단지로14길 22 NC아울렛 1층
400,롯데마트 계양점,인천 계양구 계산동 장제로822번지 롯데마트 계양점 1층 더페이스샵
401,롯데마트 시흥점,경기 시흥시 대야동 542번지 롯데마트 시흥점 1층 더페이스샵
402,청평점,경기 가평군 청평면 청평리 465-17 더페이스샵
403,타임스퀘어점,서울 영등포구 영등포동 4가 442 타임스퀘어 3층 더페이스샵
404,이마트 이수점,서울 동작구 사당동 147-29 지하 1층 더페이스샵
405,더페이스샵 전곡점,경기 연천군 전곡읍 전곡로 150-1
406,메가마트 김해점,경남 김해시 삼정동 661-14 메가마트 김해점 1층
407,NC 당진점,"충남 당진시 당진중앙2로 103-8, 112호 (읍내동, 진원스타타워)"
408,현대백화점 충청점,충북 청주시 흥덕구 복대동 584-9 지하1층 더페이스샵
409,롯데백화점 중동점,경기 부천시 원미구 중동 1140번지 롯데백화점 2층 더페이스샵
410,세이브존 성남점,경기 성남시 수정구 신흥동 2463-5 1층 더페이스샵
411,이마트 화성봉담점,경기 화성시 봉담읍 효행로 278 지하1층 더페이스샵
412,홈플러스 원주점,강원 원주시 관설동 1453번지 홈플러스 원주점 3층 더페이스샵
413,롯데백화점 강남점,서울 강남구 대치4동 937 강남롯데백화점 지하1층
414,현대백화점 목동점,서울 양천구 목동 916번지 현대백화점(목동점) 지하1층
415,롯데백화점 관악점,서울 관악구 봉천1동 729-22 관악롯데백화점 지하1층
416,동대문점,"서울 중구 을지로43길 38 (을지로6가, 1층)"
417,명동1호점,서울 중구 명동1가 54-10 더페이스샵
418,이마트 킨텍스점,경기 고양시 일산서구 대화동 2703번지 더페이스샵
419,NC 금호동점,서울특별시 성동구 금호동 3가 412 1층
420,NC 방학점,서울 도봉구 도봉동 611-26 1층
421,NC 일산탄현점,"경기도 고양시 일산서구 산현로 15, 108호(탄현동 무광프라자)"
422,홈플러스 금천점,서울 금천구 독산1동 291-7 홈플러스 금천점 
423,롯데마트 서울역점,서울 중구 봉래동2가 122 롯데마트 서울역점 더페이스샵
424,엔씨백화점 서면점,부산 부산진구 동천로 92 (전포동) 더페이스샵
425,동부시장점,서울 중랑구 상봉2동 130-129 더페이스샵
426,아주동점,경남 거제시 아주1로 3길 37-1 1층 더페이스샵
427,이마트 만촌점,대구 수성구 만촌1동 1356-5 더페이스샵
428,롯데면세점 소공점,서울 중구 소공동 1번지 롯데백화점 내 9층 면세점 내 더페이스샵
429,이마트 성수점,서울 성동구 성수동2가 333-16번지 이마트성수점 2층 더페이스샵
430,신라면세점 서울점,서울 중구 장충동2가 202 신라면세점 지하 1층
431,마산합성동점,경남 창원시 마산회원구 합성옛길 142번지
432,NC 롯데백화점 부산점,부산 부산진구 부전동 503-15 롯데백화점 지하2층
433,롯데마트 월드점,서울 송파구 잠실동 40-1 롯데마트 월드점 1층 더페이스샵
434,홈플러스 울산남구점,울산 남구 야음동 789-20 홈플러스내 1층
435,NC 전남무안점,전라남도 무안군 무안읍 불무로 19
436,이마트 서수원점,경기 수원시 권선구 구운동 925 이마트 서수원점 2층 더페이스샵
437,전남보성점,전남 보성군 보성읍 보성리 893-12
438,롯데슈퍼 의정부점,경기 의정부시 호원동 325-1 의정부 롯데슈퍼 더페이스샵
439,정읍점,전북 정읍시 수성동 723
440,전북고창점,전북 고창군 고창읍 읍내리 213-13
441,롯데백화점 울산점,울산 남구 삼산동 롯데백화점 울산점 시네마동 2층
442,메가마트 울산점,울산 북구 진장동 705
443,석남동점,인천 서구 석남동 576-47 더페이스샵
444,전주삼천점,전북 전주시 완산구 삼천동1가 622-3
445,울산신정시장점,울산 남구 신정동 616-8번지 신정시장 내
446,홈플러스 전북전주점,전북 전주시 덕진구 백제대로 771 홈플러스 전주점 지하1층 더페이스샵
447,롯데마트 익산점,전북 익산시 무왕로 1053 롯데마트 익산점 1층 더페이스샵
448,NC 온산점,울산광역시 울주군 온산읍 덕신로 259
449,이마트 탄현점,경기 고양시 일산서구 덕이동 203-1 이마트덕이점 1층 더페이스샵
450,NC 울산점,울산광역시 중구 성남동 219-111
451,롯데마트 정읍점,전북 정읍시 벚꽃로 85 롯데마트 정읍점 1층 더페이스샵
452,홈플러스 익산점,전북 익산시 무왕로 1035 홈플러스 익산점 2층 더페이스샵
453,뉴코아아울렛 인천점,인천 남동구 구월1동 1465-1번지 뉴코아아울렛 1층 더페이스샵
454,롯데백화점 인천점,인천 남동구 구월동 1455번지 롯데백화점 지하 1층
455,홈플러스 울산점,울산 중구 복산동 100
456,홈플러스스토어즈 인하점,인천 남구 용현동 648(도천단길2) 홈플러스 인하점 더페이스샵
457,경북울진점,경북 울진군 울진읍 읍내2리 54-6
458,롯데마트 웅상점,경남 양산시 삼호동 롯데마트1층
459,홈플러스스토어즈 일산점,경기 고양시 일산동구 장항동 755번지 일산홈플러스테스코 더페이스샵
460,홈플러스 작전점,인천 계양구 작전동 448-7 홈플러스 작전점 더페이스샵
461,목동점,서울 강서구 화곡동 798-4호 더페이스샵
462,인천구월동모래내점,인천 남동구 구월동 1264-41번지 1층 더페이스샵
463,명지대점,서울 서대문구 남가좌동 240 동부 센트레빌상가 1-7A호
464,홈플러스 E)수내점,경기 분당구 수내1동 29번지 수내 홈플러스익스프레스 지하2층 더페이스샵
465,홈플러스 송탄점,경기 평택시 장당동 390-1 홈플러스 송탄점 지하1층 더페이스샵
466,NC 홈플러스스토어즈 청주성안점,충청북도 청주시 상당구 사직대로 346 홈플러스 청주성안점 내 1층 네이처컬렉션
467,청주율량점,충북 청주시 상당구 율량동 1291
468,홈플러스 동래점,부산 동래구 온천1동 153-8번지
469,도곡점,서울 강남구 도곡동 467-7 아카데미스위트A동 지하1층 101-76호
470,NC 유성점,"대전광역시 유성구 계룡로 44, 1층 (봉명동)"
471,대전엑스포코아점,"대전 유성구 엑스포로 488 (엑스포코아1층 89,91호)"
472,대전대점,대전 동구 용운동 307-12 더페이스샵
473,NC 노은점,"대전광역시 유성구 은구비남로 33번길 56, 102호 (지족동, 오성빌딩)"
474,동아백화점 쇼핑점,대구 중구 달구벌대로 2085 동아백화점쇼핑점
475,동아강북점,대구 북구 읍내동 1343-6번지 동아백화점 강북점1층
476,화원점,대구 달성군 화원읍 천내리 417-1
477,대구현풍점,대구 달성군 현풍면 현풍중앙로 55(하리 125번지)
478,NC 수성점,대구광역시 수성구 지범로 170(지산동)
479,대구성서점,대구 달서구 신당동 1788-8
480,NC 다사점,"대구광역시 달성군 다사읍 달구벌대로 875, 1층 109호(엠에이프라자)"
481,대구논공점,대구 달성군 논공읍 북리 803-82
482,NC 논산점,충남 논산시 반월동 67-7
483,롯데마트 노은점,대전 유성구 하기동 518번지
484,홈플러스스토어즈 내당점,대구 서구 내당동 65-8
485,이마트 남원점,전북 남원시 남문로 385-16 이마트 남원점 1층 더페이스샵
486,전남고흥점,전남 고흥군 고흥읍 남계리 924-3
487,울산대점,울산 남구 무거동 618-10
488,GS슈퍼 평거점,경남 진주시 평거동 204-1 진주GS슈퍼 1층 더페이스샵
489,이마트 통영점,경남 통영시 광도면 죽림리 1566-2 이마트 통영점1층 더페이스샵
490,경북의성점,경북 의성군 의성읍 후죽리 746
491,이마트 반야월점,대구 동구 신서동 520-1 반야월이마트1층 더페이스샵
492,홈플러스 김해점,경남 김해시 내동 1131-2 홈플러스 김해점 1층 더페이스샵
493,NC 구미점,"경상북도 구미시 문화로 14(원평동, 1층)"
494,롯데마트 검단점,인천 서구 마전동 626-7 롯데마트 검단점 더페이스샵
495,제주그랜드점,제주 제주시 연동 262-42번지 1층
496,롯데면세점 제주점,제주 서귀포시 중문동 중문관광단지 롯데호텔 본관6층
497,이마트 서귀포점,제주특별자치도 서귀포시 일주동로 9209 이마트 서귀포점 1층
498,롯데마트 제주점,제주특별자치도 제주시 연북로 1 롯데마트 제주점 3층
499,이마트 신제주점,제주특별자치도 제주시 1100로 3348 이마트신제주점 1층
500,홈플러스 서대전점,대전 유성구 대정동 303-1번지
501,NC 오산점,"경기도 오산시 원동로 7번길 35, 1층"
502,NC 부산서동점,부산광역시 금정구 서동로 148-1층(서동)
503,이마트 하남점,경기 하남시 풍산동 68블럭 3층
504,홈플러스 서부산점,부산 사상구 괘법동 529-1번지 서부산홈플러스 지하1층
505,NC 전주서신점,"전라북도 전주시 완산구 당산로 49, 109동 1층 106호 (서산동, 제일비사벌)"
506,NC 목포하당점,"전라남도 목포시 장미로 38, 1층 101호(상동)"
507,전주효자점,전북 전주시 완산구 효자동1가 439-2
508,롯데마트 송천점,전북 전주시 덕진구 송천중앙로 82 롯데마트 송천점 1층 더페이스샵
509,이마트 순천점,전남 순천시 팔마로 191 이마트 순천점 1층 더페이스샵
510,홈플러스 강동점,서울 강동구 천호1동 42번지 홈플러스 강동점 지하2층 더페이스샵
511,NC 방화점,"서울특별시 강서구 양천로 72 (방화동, 1층)"
512,울산화봉점,울산 북구 연암동 104-3 신화빌딩 102호 더페이스샵
513,경희대점,"서울 동대문구 경희대로 22 (회기동, 1층) 더페이스샵"
514,청주운천점,충북 청주시 흥덕구 운천동 555-10 외 3필지 성원메이컬센터 102호 더페이스샵
515,NC 청주용암점,"충청북도 청주시 상당구 용암로 3, 상가동 102호(용암동)"
516,네이처컬렉션 경성대점,"부산 남구 용소로 9 (대연동, 성신빌딩 1층)"
517,NC 광주오치점,광주광역시 북구 서하로 179 오치동1층
518,NC 광주일곡점,"광주광역시 북구 설죽로 505, 104호(일곡동, 부민빌딩)"
519,이마트 화정점,경기 고양시 덕양구 화정동 976 화정이마트 1층 더페이스샵
520,GS슈퍼 김포운양점,경기 김포시 운양동 542 GS슈퍼 1층 더페이스샵
521,도시철도 9호선 고속터미널역점,서울 서초구 반포4동 19-3번지 9호선 고속터미널역 지하3층 더페이스샵
522,부산도철 덕천역점,부산 북구 덕천동 327번지 더페이스샵
523,성신여대점,서울 성북구 동선동1가 60번지 더페이스샵
524,부산도철 괴정역점,부산 사하구 괴정동 934-3번지
525,마장동점,서울 성동구 마장동 478-39 1층 더페이스샵
526,신천점,서울 송파구 잠실동 208-16번지 1층
527,이마트 서산점,충남 서산시 잠홍동 459-3 이마트 서산점 지하 2층
528,홈플러스 고양터미널점,경기 고양시 일산동구 백석동 1242 홈플러스 고양터미널점 지하2층 더페이스샵
529,NC 보은점,충청북도 보은군 보은읍 삼산로 25-1
530,이마트 원주점,강원 원주시 무실동 1062-1 이마트 원주점 1층 더페이스샵
531,남양주 청학점,"경기 남양주시 별내면 청학로68번길 5-14, 103(1층) 더페이스샵"
532,홈플러스 평택안중점,경기 평택시 안중읍 현화리 산 274번지 홈플러스 평택안중점 지하 1층
533,이마트 대전터미널점,대전 동구 용전동 63-3번지 이마트대전터미널점 4층
534,롯데마트 원주점,강원 원주시 단계동 1123번지 원주롯데마트 1층 더페이스샵
535,메가마트 양산덕계점,경남 양산시 덕계동  738번지
536,이마트 동구미점,경북 구미시 임수동 92-28 2층
537,롯데마트 김포공항점,서울 강서구 방화동 886번지 롯데몰 내 롯데마트 더페이스샵
538,화정세이브존,경기 고양시 덕양구 화정2동 세이브존 970 세이브존 1층 더페이스샵
539,이마트 부천점,경기 부천시 소사구 심곡본동 316-2 이마트 부천점 4층 더페이스샵
540,양산농수산물유통센터점,경남 양산시 동면 양산대로 377
541,대구서재점,대구 달성군 다사읍 서재리  104-1
542,대전타임월드점,대전 서구 둔산동 1039 104호
543,이마트 안양점,경기 안양시 동안구 비산동 411-8 이마트 2층 더페이스샵
544,엔씨백화점 불광점,서울 은평구 대조동 240번지 불광 NC백화점 1층
545,NC 광주상무점,"광주광역시 서구 상무중앙로 103, 107호(치평동, 휴먼빌딩)"
546,경산옥곡동점,"경북 경산시 옥곡동 824-14 , 823-15 번지"
547,NC 광주금호점,광주광역시 서구 운천로 1(금호동)
548,NC 서면2호점,부산광역시 부산진구 부전로 187  서면2호선 역사내 더페이스샵
549,NC 재송점,부산 해운대구 반여동 1291-783
550,NC 이수점,서울시 동작구 사당동 139-88 1층
551,엔씨백화점 강서점,서울시 강서구 등촌동 689 강서NC백화점 4층 더페이스샵
552,NC 서천점,"충남 서천군 서천읍 서천로 147, 105호(하영프라자)"
553,NC 교동택지점,강원 강릉시 교1동 1863-2 102호
554,전남장성점,전남 장성군 장성읍 영천리 1038-1
555,NC 전주송천점,"전북 전주시 덕진구 붓내3길 40 (송천동2가, 외5필지)"
556,광주터미널점,광주 서구 광천동 49-1
557,NC 부산사직점,부산 동래구 사직동 45-18 1층
558,이마트 파주운정점,경기 파주시 교하읍 동패리 이마트파주운정점 1층 더페이스샵
559,디큐브씨티백화점,서울 구로구 구로1동 경인로 662번지 지하2층
560,홈플러스 전주효자점,전북 전주시 완산구 용머리로 31 홈플러스 전주효자점 지하 2층 더페이스샵
561,NC 부산반송점,"부산광역시 해운대구 아랫반송로 32-1, 1층(반송동)"
562,울산천곡점,울산 북구 천곡동 410-23 1층
563,울산원예농협,울산 울주군 범서읍 굴화리 295-1 2층
564,진해점,경남 창원시 진해구 화천동 49-5번지
565,현대백화점 대구점,대구 중구 계산동1가  200 현대백화점 대구점 지하2층
566,대전우송대점,대전 동구 자양동  141-6
567,NC 파주교하점,"경기도 파주시 청석로 266, 102호(동패동, 스타프라자)"
568,은천점,"서울 관악구 봉천동 1708,1708-1 두산상가 2동 111호"
569,롯데백화점 영등포점,서울 영등포구 영등포동 618-496번지 롯데백화점 지하1층
570,강원양구점,강원 양구군 양구읍 중심로 193 더페이스샵
571,공항철도 서울역점,서울 용산구 동자동 43-227번지 공항철도 KARST(서울역·터미널) 지하3층
572,거창점,경남 거창군 거창읍 중앙로1길 5 (1층)
573,2001아울렛 구로점,서울 구로구 고척동 76-41 2001아울렛 1층 더페이스샵
574,이마트 가든파이브점,서울 송파구 문정동 292외 29 이마트 가든파이브지하1층
575,NC 황성점,"경북 경주시 황성로 18 (횡성동, 외1필지) 더페이스샵"
576,부산덕포시장점,부산 사상구 덕포동 421-20
577,제주한림점,제주 제주시 한림읍 한림리 1351-1
578,NC 영해점,경상북도 영덕군 영해면 예주시장길 33
579,포천점,경기 포천시 신읍동 42-3 더페이스샵
580,청주 봉명점,충북 청주시 흥덕구 봉명동 2702 아이타워빌딩 102
581,NC 소답점,경상남도 창원시 의창구 읍성로 51(중동)
582,구미구평점,경북 구미시 진평동 85-6
583,NC 성환점,충남 천안시 서북구 성환읍 성환리 373-35
584,NC 양양점,강원 양양군 양양읍 남문1리 17-3
585,김해삼계점,경남 김해시 삼계동 1466-1번지
586,충북대소점,충북 음성군 대소면 오태로 104-2
587,청주 가경점,충북 청주시 흥덕구 복대동 1002번지 1층
588,NC 남지점,경남 창녕군 남지읍 낙동로 508
589,NC 수영점,부산 수영구 수영동 445-9
590,NC 장림시장점,부산 사하구 장림번영로 29 (장림동) 더페이스샵
591,NC 동해점,"강원도 동해시 대학로 24, 1동 102호(천곡동, 새움빌딩)"
592,신라면세점 인천공항점,인천 중구 운서동 285-1 인천국제공항 내 신라면세점 신규탑승동 56-64
593,신라면세점 제주점,제주 제주시 연동 252-20 신라면세점 1층
594,롯데마트 사하점,인천 부평구 부평동 738-21 롯데마트 부평역점 2층 더페이스샵
595,NC 사천점,경상남도 사천시 사천읍 읍내로 14-1
596,사천 벌리동점,경남 사천시 벌리동 258-10번지 1층
597,롯데백화점 분당점,경기 성남시 분당구 수내동 14번지 분당롯데백화점 2층
598,홈플러스 북수원점,경기 수원시 장안구 경수대로 930 홈플러스 북수원점 2층 더페이스샵
599,롯데마트 부평역점,인천 부평구 부평동 738-1 롯데마트 부평역점 2층 더페이스샵
600,롯데마트 부평점,인천 부평구 산곡동 159-52 롯데마트 산곡점 지하1층 더페이스샵
601,롯데백화점 부평점,인천 부평구 부평1동 70-127 롯데백화점 6층
602,홈플러스 평촌점,경기 안양시 동안구 비산동 1109-3 홈플러스 평촌점 지하 1층 더페이스샵
603,부산도철 하단역점,부산 사하구 하단동 491번지
604,이마트 포천점,경기 포천시 설운동 2번지 이마트 포천점 내 1층 더페이스샵
605,롯데백화점 포항점,경북 포항시 북구 학산동 포항롯데백화점 3층
606,NC 흥해점,경상북도 포항시 북구 흥해읍 한동로 59-3
607,홈플러스 대구스타디움점,대구 수성구 대흥동 504번지 홈플러스 대구스타디움점 1층
608,천안신부점,충남 천안시 동남구 신부동 460-3
609,엔씨백화점 해운대점,부산 해운대구 좌동 1467-4
610,이마트 해운대점,부산 해운대구 중1동 1767
611,화곡점,서울 강서구 화곡동 1006 1층
612,영등포지하상가점,"서울 영등포구 영등포동3가 441 영등포로터리 지하상가 44,45호"
613,이마트 영등포점,서울 영등포구 영등포동4가 442 이마트 영등포점 지하1층 더페이스샵
614,롯데마트 연수점,인천 연수구 청학동 502-4 롯데마트 연수점 더페이스샵
615,더페이스샵 부천역곡점,"경기 부천시 소사구 경인로 511, 1층 3호 더페이스샵"
616,이마트 여수점,전남 여수시 좌수영로 277 이마트 여수점 1층 더페이스샵
617,NC 여서점,전남 여수시 여서동 225-1 1층
618,NC 양평점,경기도 양평군 양평읍 양평시장길 20-2
619,롯데마트 양주점,경기 양주시 회정동 351-2번지 외2필지 1층 롯데마트 양주점 더페이스샵
620,이마트 양재점,서울 서초구 양재동 215번지 지하1층
621,NC백화점 야탑점,경기 성남시 분당구 야탑동 357-1 뉴코아아울렛 지상 1층 더페이스샵
622,2001아울렛 안산고잔점,경기 안산시 단원구 고잔동 725-1 2001아울렛 안산고잔점 B관 1층 더페이스샵
623,홈플러스 아시아드점,부산 연제구 거제동 1208 번지
624,NC 아산온양점,충남 아산시 온천동 91-25
625,탑마트신평점,부산 사하구 신평동 452-1 탑마트 신평점 내 1층
626,신월1호점,서울 양천구 신월1동 115-1
627,신월2호점,서울 양천구 신월동 550-5 1층
628,NC 신당동점,"서울시 중구 퇴계로 76길 33, 외 1 (무학동)"
629,이마트 풍산점,경기 고양시 일산동구 중산동    1809 더페이스샵
630,롯데월드몰점,서울 송파구 신천동 29 롯데월드몰점 5층 더페이스샵
631,순천2호점,전남 순천시 남내동 49 - 8 번지
632,NC 망원점,서울특별시 마포구 망원동 57-122외 1필지 1층(망원동1층)
633,이마트 수지점,경기 용인시 수지구 신봉동 909번지 이마트 수지점 1층 더페이스샵
634,NC 수유리점,서울특별시 강북구 도봉로 339
635,롯데마트 첨단점,광주 광산구 첨단강변로99번길 22 1층 더페이스샵
636,이마트 청계천점,서울 중구 황학동 2198번지(롯데캐슬 베네치아) 지하 2층 더페이스샵
637,NC 청도점,경상북도 청도군 청도읍 청화로 187
638,롯데슈퍼 수성점,대구 수성구 중동 333-7 롯데슈퍼 더페이스샵
639,울산태화시장점,울산 중구 태화동 22-26
640,NC 울산태화점,울산시 중구 신기7길 31 (태화동)
641,롯데키즈마트 부산점,부산 부산진구 부암동 257 롯데키즈마트 부산점
642,NC 미아사거리점,"서울특별시 강북구 도봉로 41(미아동, 1층)"
643,안성점,경기 안성시 대천동 42번지
644,이마트 죽전점,경기 용인시 수지구 포은대로 552 (죽전동 1282) 이마트 내 지하1층 더페이스샵
645,롯데마트 진장점,울산 북구 진장동 진장유통단지 9블럭
646,홈플러스 경남진주점,경남 진주시 상대1동 181-1 홈플러스 진주점지하2층 더페이스샵
647,홈플러스스토어즈 목동점,서울 양천구 목동 서로 170 홈플러스 목동점 지하1층 더페이스샵
648,롯데마트 목포점,전남 목포시 원형서로 15 롯데마트 목포점 2층 더페이스샵
649,이마트 문현점,부산 남구 문현동 751 부산문현이마트 내
650,롯데백화점 미아점,서울 강북구 미아동 71-5 미아롯데백화점 9층
651,현대백화점 미아점,서울 성북구 길음3동 20-1번지 현대백화점 지하1층
652,NC 방촌시장점,대구 동구 방촌동 1068-1번지
653,이마트 보령점,충남 보령시 궁촌동 340-1
654,홈플러스 부산감만점,부산 남구 감만동 8번지 홈플러스 감만점
655,조선대점,광주 동구 지산동 520-5
656,인천주안점2012,"인천 남구 주안동 235 주안역지하상가 241,243호 더페이스샵"
657,홈플러스 죽도점,경북 포항시 북구 죽도동 50-1번지
658,2001아울렛 중계점,서울 노원구 중계동 509 2001아울렛 중계점 1층
659,롯데마트 중계점,서울 노원구 중계동 361 롯데마트 중계점 2층 더페이스샵
660,중곡점,서울 광진구 중곡동 79-13호 1층 (신성시장 내) 더페이스샵
661,NC 진주하대동점,경남 진주시 하대동 316-1
662,롯데마트 진해점,경남 창원시 진해구 석동 543-5 롯데마트2층 더페이스샵
663,이마트 창원점,경남 창원시 성산구 중앙동 91 이마트창원점2층 더페이스샵
664,천안두정점,충남 천안시 서북구  두정중2길 4(두정동) 서현빌딩1층
665,롯데마트 천안점,충남 천안시 서북구 쌍용동 1367번지 롯데마트 지하1층
666,홈플러스 삼척점,강원 삼척시 당저동 33-3 삼척홈플러스 지하1층 더페이스샵
667,롯데마트 상무점,광주 서구 시청로 40 롯데마트 상무점 2층 더페이스샵
668,홈플러스스토어즈 월드컵점,서울 마포구 성산동 515 월드컵경기장 1층 상암홈플러스테스코 내 더페이스샵
669,충북단양점,충북 단양군 단양읍 삼봉로 304-1
670,NC 홈플러스 상인점,대구광역시 달서구 월배로 183 홈플러스 상인점 지하2층
671,신세계백화점 인천점,인천 남구 관교동 15번지 신세계백화점 지하1층
672,충북진천점,충북 진천군 진천읍 중앙동로 77
673,이마트 충주점,충북 충주시 문화동 1024번지
674,NC 평택점,경기도 평택시 평택동 46-2
675,포천송우리점,경기 포천군 소흘읍 140-10 더페이스샵
676,현대백화점 부산점,부산 동구 범일1동 62-5 현대백화점 지하1층
677,GS슈퍼 청주용담점,충북 청주시 상당구 용담동 407
678,롯데마트 아산점,충남 아산시 배방읍 장재리 13-1 롯데마트아산점 1층
679,갤러리아백화점 천안점,충남 천안시 서북구 불당동 521-3 지하1층
680,롯데마트 상당점,충북 청주시 상당구 용암동 2634 1층
681,청주산남점,충북 청주시 흥덕구 산남동 503번지 외 1필지
682,NC 청양점,충청남도 청양군 청양읍 중앙로 130-1
683,청주분평점,충북 청주시 흥덕구 분평동 1374 명인원플러스빌딩 103
684,충북음성점,충북 음성군 음성읍 수정로 56
685,충남금산점,충남 금산군 금산읍 중도리 330
686,청주하복대점,"충북 청주시 흥덕구 진재로 54,1층(복대동)"
687,충북대점,충북 청주시 흥덕구 사창동 156-15
688,NC 충북영동점,충북 영동군 영동읍 중앙로 22-1 
689,롯데마트 당진점,충남 당진시 당진읍 원당리 824
690,NC 부여점,"충청남도 부여군 부여읍 중앙로5번길 15-1, 1층"
691,홈플러스 오창점,충북 청원군 오창읍 양청리 820번지
692,충남태안점,충남 태안군 태안읍 남문리 576-18번지 1층
693,이마트 제천점,충북 제천시 강제동 270-11 제천이마트 1층
694,홈플러스 천안점,충남 천안시 동남구 구성동 51-1 홈플러스 천안점 지하2층
695,홈플러스 조치원점,충남 연기군 조치원읍 번암리 53 홈플러스지하 1층
696,신세계백화점 충청점(아라리오),충남 천안시 동남구 신부동 354-1번지 신세계백화점 2층
697,홈플러스 계룡점,충남 계룡시 금암동 21-5 계룡홈플러스 2층
698,홈플러스 마산점,경남 창원시 마산회원구 양덕동 151-1번지 홈플러스 마산점 3층 더페이스샵
699,NC 창녕점,경상남도 창녕군 창녕읍 종로23
700,롯데백화점 광주점,광주 동구 독립로 268 롯데백화점 광주점 4층 더페이스샵
701,NC 광주충장로점,광주광역시 동구 충장로 87-1(충장로2가)
702,경주동국대점,경북 경주시 성건동 681번지 1층 동편
703,포항구룡포점,경북 포항시 남구 구룡포읍 구룡포3리 708-20
704,포항양덕점,"경북 포항시 북구 양덕동 1197 블록-1 롯트 양덕드림메디컬 1층, 왼쪽 3호"
705,NC 영덕점,경상북도 영덕군 영덕읍 중앙길 103
706,이마트 검단점,인천 서구 당하동 875 이마트 검단점 1층 더페이스샵
707,홈플러스 간석점,인천 남동구 간석동 616-3 홈플러스 간석점 더페이스샵
708,남해점,경남 남해군 남해읍 화전로 92 더페이스샵
709,NC 양산점,"경상남도 양산시 양산역1길 22, 101호(중부동, 위너스타워)"
710,거제옥포점,경남 거제시 옥포1동 539-3
711,NC 거제고현점,"경남 거제시 거제중앙로 1894(고현동 ,106호)"
712,NC 밀양점,경남 밀양시 내일동 610번지
713,통영점,경남 통영시 북신동 660-2
714,홈플러스 창원점,경남 창원시 팔용동 30-3 홈플러스 창원점 2층 더페이스샵
715,NC 인제대점 ,경상남도 김해시 인제로 193(어방동)
716,롯데마트 장유점,경남 김해시 장유면 대청리  300번지 장유롯데마트1층 더페이스샵
717,롯데마트 마산점,"경남 창원시 마산합포구 창포동 8-1,8-3번지 롯데마트1층 더페이스샵"
718,김해서상동점,"경남 김해시 가락로 82, 101호(서상동)"
719,NC 공주점,충남 공주시 중동 69-1 번지
720,서산점,충남 서산시 동문동 311-23
721,홈플러스 보령점,충남 보령시 명천동 129 번지
722,NC 보령점,충청남도 보령시 중앙로 73 (대천동)
723,NC 충주점,충북 충주시 성서동 417 동방타운1층
724,홈플러스 청주점,충북 청주시 흥덕구 가경동 1696 홈플러스1층
725,롯데마트 충주점,충북 충주시 칠금동 849 롯데마트내 2층
726,롯데마트 서산점,충남 서산시 예천동 508번지 롯데마트서산점 1층(아울렛코너)
727,대전가장점,대전 서구 가장동 61-13
728,NC 대전지하직영점,"대전광역시 중구 은행동 216, 중앙로지하상가 B구역 가열 5호,6호"
729,NC 송촌점,대전 대덕구 송촌동 450-4 102호
730,대전관저점,대전 서구 관저동 1340 하이존 상가 126호
731,NC 신탄진점,대전 대덕구 신탄진동 145-6
732,홈플러스 대전가오점,대전 동구 가오동 557 홈플러스 가오점 지하1층
733,홈플러스스토어즈 문화점,대전 중구 문화동 1-17 홈플러스테스코문화점 1층
734,홈플러스스토어즈 유성점,대전 유성구 봉명동 66번지 홈플러스테스코 2층
735,세이백화점대전점,대전 중구 문화동 1-16 세이백화점 TWO 5층
736,홈플러스 대전둔산점,대전 서구 둔산동 1380-2번지 둔산홈플러스 2층
737,롯데마트 서대전점,대전 유성구 원내동 33-19 서대전롯데마트
738,홈플러스 동대전점,대전 동구 용전동 65-1삼성홈플러스 지하2층
739,롯데백화점 대전점,대전 서구 괴정동 대전롯데백화점 지하1층
740,NC 정선점,강원도 정선군 정선읍 봉양6길 35
741,NC 횡성점,강원 횡성군 횡성읍 읍상리 277-3
742,롯데마트 춘천점,강원 춘천시 온의동 6번지 롯데마트 춘천첨 2층 더페이스샵
743,홈플러스 강릉점,강원 강릉시 옥천동 189 강릉홈플러스 3층 더페이스샵
744,울산대송시장점,울산 동구 화정동 171-1
745,울산호계점,울산 북구 신천동 324-6
746,울산남목점,울산 동구 동부동 258-1
747,이마트 성남점,경기 성남시 수정구 태평동 7336번지 이마트 성남 태평점 지상 1층 더페이스샵
748,이마트 고잔점,경기도 안산시 단원구 원포공원1로 46 이마트고잔점  2층 더페이스샵
749,홈플러스 킨텍스점,경기 고양시 일산서구 대화동 2611 홈플러스 킨텍스점 더페이스샵
750,이마트 일산점,경기 고양시 일산동구 백석동 1194번지 이마트 일산점
751,부천상동시장점2013,경기 부천시 장말로 200번길 45
752,양주덕정점,경기 양주시 덕정동 208-6 두리테크 107 더페이스샵
753,남양주평내점,경기 남양주시 평내동 578-2 평내프라자 1층 더페이스샵
754,이마트 평택점,경기 평택시 영신로29 1층 더페이스샵
755,NC 안강점,경북 경주시 안강읍 비화원로 79
756,홈플러스 수성점,대구 수성구 두산동 111번지 홈플러스 수성점
757,롯데마트 대구점,대구 동구 율하동 1117번지 롯데마트 지하1층
758,NC 팔달점,대구광역시 서구 팔달로 170-1(비산동)
759,대현점,대구 북구 대현동    227-6번지
760,대구동서시장점,대구 동구 신암5동 107-3
761,대구성서용산점,대구 달서구 용산동 442-8
762,산격시장점,대구 북구 산격동 500-1 대우아파트 1층 상가 더페이스샵
763,롯데마트 전주점,전북 전주시 완산구 바우배기2길 11 롯데마트 전주점 1층 더페이스샵
764,전북부안점,전북 부안군 부안읍 봉덕리 786-3
765,홈플러스 목포점,전남 목포시 영산로 313  홈플러스 목포점 지하 2층 더페이스샵
766,롯데마트 군산점,전북 군산시 수송로 185 롯데마트 군산점 1층 더페이스샵
767,이마트 익산점,전북 익산시 평동로 705 이마트 익산점 1층 더페이스샵
768,홈플러스 김제점,전북 김제시 검산동 841 홈플러스 김제점 2층 더페이스샵
769,NC 여수여천점,전남 여수시 신기동 108-6번지
770,홈플러스 광양점,전남 광양시 항만11로 70 홈플러스 광양점 1층 더페이스샵
771,광양점,전남 광양시 중동 1639-5 더페이스샵 광양점
772,홈플러스스토어즈 전주완산점,전북 전주시 완산구 기린대로 170 홈플러스 전주완산점 지하 1층 더페이스샵
773,이마트 군산점,전북 군산시 구암3.1로 137 이마트 군산점 1층 더페이스샵
774,홈플러스 순천점,전남 순천시 신월큰길 10 홈플러스 순천점 지하 1층 더페이스샵
775,NC 익산점,전북 익산시 신동 787-8
776,이마트 목포점,전남 목포시 옥암로 138 이마트 목포점 1층 더페이스샵
777,NC 전북대점,전라북도 전주시 덕진구 덕진동1가 1262-30
778,순천1호점,전남 순천시 연향동 1337-4번지 2호
779,롯데마트 여수점,전남 여수시 국동 37-100 롯데마트 여수점 1층 더페이스샵
780,목포점,전남 목포시 죽동 16-4
781,NC 전주점,전라북도 전주시 완산구 전주객사5길 22-2(고사동)
782,광주 봉선점,광주 남구 봉선동 1028-1번지
783,광주운남점,광주 광산구 운남동 773-4번지 1층
784,NC 광주신창점,광주광역시 광산구 신창로 69(신창동)
785,광주첨단점,광주 광산구 월계동 889-2 LC타워 1층
786,NC 광주염주점,광주광역시 서구 월드컵4강로 75(화정동)
787,롯데마트 수완점,광주 광산구 장신로 98 롯데마트 수완점 2층 더페이스샵
788,홈플러스 광주계림점,광주 동구 무등로 314 홈플러스 광주계림점 1층 더페이스샵
789,홈플러스 광주하남점,광주 광산구 용아로 390 홈플러스 광주하남점 1층 더페이스샵
790,명동2호점,서울 중구 충무로1가 23-6 더페이스샵
791,NC 남양주마석점,경기 남양주시 화도읍 마석중앙로 63-1 더페이스샵
792,NC 마산창동점,경남 창원시 마산합포구 창동거리길 35
793,마산내서점,경남 창원시 마산회원구 내서읍 삼계리 26-7 중앙상가 101호 더페이스샵
794,인천옥련점2013,인천 연수구 옥련동 462-12 102호 더페이스샵
795,이마트 속초점,강원 속초시 청호동 459-134 이마트 속초점 2층 더페이스샵
796,홈플러스 부천소사점,경기 부천시 소사구 괴안동 129-4 홈프러스 소사점 지하1층 더페이스샵
797,청주점,충북 청주시 상당구 북문로1가 65-2 THEFACESHOP
798,홈플러스 춘천점,강원 춘천시 퇴계동 144-1 번지 춘천 홈플러스 지하2층 더페이스샵
799,NC 대전충남대점,대전 유성구 대학로 151번길 39
800,충남예산점,충남 예산군 예산읍 예산로 202번길 3
801,인천동암점,인천 부평구 십정동 467-4번지 더페이스샵
802,롯데백화점 광복점,부산 중구 중앙동7가 20-1 신관 아쿠아몰 5층 더페이스샵
803,롯데백화점 센텀시티점,부산 해운대구 우동 롯데백화점 지하1층
804,롯데면세점 부산점,부산 진구 부전동 503-15 롯데백화점 부산점 8층
805,NC 부산기장점,부산광역시 기장군 기장읍 읍내로 108
806,홈플러스스토어즈 장림점,부산 사하구 장림1동 185번지 지상 3층
807,신세계백화점 센텀시티점,부산 해운대구 우동 1495 신세계백화점 8층
808,부산도철 시청역점,부산 연제구 연산동 1444 시청역사 내 더페이스샵
809,홈플러스스토어즈 해운대점,부산 해운대구 우1동 1406-2 지하1층
810,부산도철 서면역점,부산 부산진구 부전동 573번지 환승역사 내 더페이스샵
811,롯데마트 동래점,부산 동래구 온천동 502-3번지 지하1층
812,부산도철 연산역1호점,부산 연제구 연산5동 1515-1 부산연산역사 내 더페이스샵
813,부산도철 부전역점,부산 부산진구 부전동 914번지
814,부산도철 연산역2호점,부산 연제구 연산5동 1515-1 연산역사 내 더페이스샵
815,부산도철3차 양정역점,부산 부산진구 양정동 408번지 역사 내 더페이스샵
816,부산도철3차 사상역점,부산 사상구 괘법동 535번지 역사 내 더페이스샵
817,부산도철3차 화명역점,부산 북구 화명동 1458번지 역사 내 더페이스샵
818,이마트 금정점,부산 금정구 구서동 368 이마트 금정점 더페이스샵 1층
819,이마트 연제점,부산 연제구 연산2동 822-7
820,이마트 서부산점,부산 사상구 감전동 502-1
821,롯데마트 사상점,부산 사상구 엄궁동 364-5
822,홈플러스 가야점,부산 부산진구 가야동 624-7
823,롯데마트 금정점,부산 금정구 부곡동 223-1 롯대마트금정점 지하1층 더페이스샵
824,메가마트 동래점,부산 동래구 명륜동 506-3
825,홈플러스 영도점,부산 영도구 봉래동2가 151-1
826,홈플러스 E)광안점,부산 수영구 광안동 491-1
827,NC 제주연동점,제주특별자치도 연동7길19
828,NC 제주시청점2018,"제주특별자치도 제주시 중앙로 218 (이도이동, 남광빌딩)"
829,제주서귀포점,제주 서귀포시 서귀동 370-16번지
830,홈플러스 서귀포점,제주특별자치도 서귀포시 중앙로 180 홈플러스 서귀포점 1층
831,제주점,제주 제주시 일도1동 1476-60 중앙지하상가 212
832,전남강진점,전남 강진군 강진읍 남성리 32-4
833,용인점,경기 용인시 처인구 김량장동 131-14 더페이스샵
834,GS슈퍼 용인포곡점,경기 용인시 처인구 포곡읍 둔전리 140-1 슈퍼 1층 더페이스샵
835,인천용현점,인천 남구 용현동 617-24 더페이스샵
836,전남해남점,전남 해남군 해남읍 해리 456-1
837,이마트 전주점,전북 전주시 완산구 당산로 111 이마트 전주점 2층 더페이스샵
838,NC 전주평화점,"전라북도 전주시 완산구 소대배기로 15, 1층 (평화동2가)"
839,NC 마산호계점,경상남도 창원시 마산회원구 내서읍 호계본동로 5
840,NC 경남칠원점 ,경상남도 함안군 칠원읍 원서로 3
841,NC 경상대점,경상남도 진주시 가좌동 480-5 UCT상가 104
842,NC 대동창원점,"경상남도 창원시 성산구 원이대로 730 (상남동, 창원 대동백화점 내)"
843,진주 산업대점,경남 진주시 칠암동 492-1
844,경남대점,경남 창원시 마산합포구 해운동 5-95 해운프라자상가 103호
845,NC 용원점,"경상남도 창원시 진해구 안골로 348, 109호(용원동, 용원그랜드쇼핑제1)"
846,하동점,경남 하동군 하동읍 읍내리 331-4번지
847,진주점,경남 진주시 대안동 17-10
848,롯데마트 통영점,경남 통영시 무전동 1069번지 롯데마트 통영점1층 더페이스샵
849,경남고성점,경남 고성군 고성읍 동외리 288-43번지
850,경남함안점,경남 함안군 가야읍 말산리 480-4
851,함양점,경남 함양군 함양읍 고운로 59 부흥상가 101동 2호
852,경남합천점,경남 합천군 합천읍 466-1
853,김해진영1호점,경남 김해시 진영읍 진영리 1612-4 나경타운 더페이스샵
854,롯데마트 시티세븐점,경남 창원시 의창구 두대동 333번지 롯데마트시티세븐점 지하1층 더페이스샵
855,홈플러스 진해점,경남 창원시 진해구 이동 536-10 홈플러스 진해점 3층 더페이스샵
856,이마트 마산점,경남 창원시 마산합포구 중앙동3가 4-1 이마트 마산점 1층 더페이스샵
857,김해내외점,"경남 김해시 함박로101번길 22, 112(외동,삼우빌딩)"
858,NC 갤러리아백화점 진주점,경남 진주시 평안동 195 갤러리아백화점 진주점 지하1층
859,홈플러스 삼천포점,경남 사천시 벌리동 58-3 홈플러스 삼천포점 지하2층 더페이스샵
860,홈플러스 거제점,경남 거제시 장평동 59외 3필지 홈플러스 거제점지하1층 더페이스샵
861,NC 양산덕계점,경남 양산시 덕계동 724-22
862,홈플러스 밀양점,경남 밀양시 내일동 610번지 홈플러스 밀양점2층 더페이스샵
863,이마트 봉선점,광주 남구 봉선로 198 이마트 봉선점 지하 1층 더페이스샵
864,이마트 상무점,광주 서구 치평동 1208-5번지 이마트 상무점 1층
865,롯데마트 광주점,광주 서구 금화로 240 월드컵경기장 內 롯데마트 월드컵점 1층 더페이스샵
866,홈플러스 동광주점,광주 북구 동문대로 200 홈플러스 동광주점 지하1층 더페이스샵
867,이마트 광주점,광주 서구 죽봉대로 61 이마트 광주점 1층 더페이스샵
868,이마트 동광주점,광주 동구 중앙로 358 이마트 동광주점 지하1층 더페이스샵
869,이마트 광산점,광주 광산구 사암로 172 이마트 광산점 1층 더페이스샵
870,NC 전남대점,"광주광역시 북구 우치로 92,1호(용봉동)"
871,이마트 둔산점,대전 서구 둔산동 959-2번지 이마트둔산점 2층
872,NC 전남완도점,전라남도 완도군 완도읍 중앙길 8-1
873,동인천점2012,인천 중구 인현동1 중앙로지하상가 107호 더페이스샵
874,동울산시장점,울산시 동구 진성 14길 92(전하동)
875,부산진역전점,부산 동구 수정동 200 - 1 번지
876,홈플러스 정관점,부산 기장군 정관면 매학리 홈플러스 정관점 712-1
877,NC 탑마트신다대점,부산 사하구 다대2동 120-18번지 탑마트 신다대점 내 1층
878,메가마트 기장점,부산 기장군 일광면 삼성리 547 - 6번지 메가마트 1층
879,동서대점,부산 사상구 주례2동 60-59번지
880,이마트 사상점,부산 사상구 괘법동 531-2 이마트 사상점 1층
881,선산점,경북 구미시 선산읍 완전리 251번지
882,NC 고령점 ,경북 고령군 대가야읍 중앙로 15-2
883,NC 북삼점,경상북도 칠곡군 북삼읍 금오대로 272
884,이마트 상주점,경북 상주시 만산동 693-29
885,더페이스샵 옥계점,경북 구미시 옥계동 833-3
886,홈플러스 문경점,경북 문경시 모전동 859-2번지 홈플러스
887,경북성주점,경북 성주군 성주읍 성주로 3220-1 더페이스샵
888,홈플러스스토어즈 포항점,경북 포항시 남구 상도동 582 홈플러스테스코 포항점
889,홈플러스 영주점,경북 영주시 휴천2동 329-1 영주홈플러스
890,이마트 포항점,경북 포항시 남구 인덕동 161-176 이마트 포항점
891,이마트 영천점,경북 영천시 오수동 286번지
892,이마트 김천점,경북 김천시 신음동 990-1 김천이마트 내 더페이스샵
893,홈플러스 경주점,경북 경주시 용강동 800-11번지
894,이마트 경산점,경북 경산시 중산동 180-1
895,경북 칠곡 왜관점,경북 칠곡군 왜관읍 왜관리 191-9
896,구미석적점,경북 칠곡군 석적읍 중리 142-12
897,롯데마트 구미점,경북 구미시 신평동 465번지  롯데마트 1층
898,이마트 구미점,경북 구미시 광평동 65-1
899,영남대,경북 경산시 대동 168-1번지 더페이스샵 영대점
900,NC 김천역점,"경상북도 김천시 김천로 108-2, 1층(평화동, 성원빌딩)"
901,경산점,경북 경산시 하양읍 금락리 130-8 우방3차상가 122호
902,영주점,경북 영주시 구성로 350번지 (영주동) 더페이스샵
903,경주점,경북 경주시 계림로101(노동동)
904,포항점,경북 포항시 북구 대흥동 723-2번지
905,홈플러스 E)모라점,부산 사상구 모라동 425-2
906,메가마트 남천점,부산 수영구 남천동 545-2번지
907,부산애플아울렛점,부산 사상구 괘법동 534-1번지 애플아울렛 1층
908,NC 남포1호점,부산광역시 중구 광복로 44 (창선동1가)
909,롯데마트 화명점,부산 북구 화명동 1975 화명롯데마트 1층
910,홈플러스 센텀시티점,부산 해운대구 우1동 19블록 센텀시티홈프러스점 1층
911,세이브존 전주점,전북 전주시 완산구 팔달로 262-6 세이브존 전주코아점 1층 더페이스샵
912,전북 김제점,전북 김제시 요촌동 169-17
913,화순점,전남 화순군 화순읍 만연리 241-3번지
914,NC 전남영광점,전라남도 영광군 영광읍 중앙로 187
915,이마트 울산점,울산 남구 삼산동 1646
916,뉴코아아울렛 울산성남점,울산 중구 성남동 249-1
917,뉴코아아울렛 울산점,울산 남구 달동 1360-3 뉴코아아울렛 울산점 1층
918,NC 울산언양점,울산 울주군 언양읍 남부리 141번지
919,현대백화점 울산동구점,울산 동구 서부동 105번지 현대백화점 지하1층
920,현대백화점 울산점,울산 남구 삼산동 1521-1 현대백화점 2층
921,울산세이브존,울산 남구 삼산동 1377-8
922,롯데마트 울산점,울산 남구 달동 833-1 롯데마트 1층
923,NC 의령점,경상남도 의령군 의령읍 의병로 223
924,롯데마트 창원중앙점,경남 창원시 성산구 중앙동 91번지 롯데마트 창원중앙점1층 더페이스샵
925,홈플러스 울산동구점,울산 동구 일산동 577-1
926,홈플러스스토어즈 울산북구점,울산 북구 상안동 322-9
927,롯데백화점 대구점,대구 북구 칠성동2가 302-155 롯데백화점 대구점 5층 더페이스샵
928,네이처컬렉션 경북대점,'대구 북구 산격동 1332-10
929,홈플러스 대구점,대구 북구 칠성동2가 378-23
930,대구서문시장점,대구 중구 달구벌대로 2085 동아백화점쇼핑점
931,태전점,대구 북구 태전동 979
932,NC 원주중앙점,"강원도 원주시 중앙시장길 11(중앙동, 외4필지 자유시장1층 11-1)"
933,대구서부정류장점,대구 달서구 송현동 1041-4번지 더페이스샵
934,롯데백화점 상인점,대구 달서구 상인1동 1052 대구상인 롯데백화점 지하1층
935,홈플러스 남대구점,대구 남구 대명6동 959-1 남대구홈플러스 더페이스샵
936,이마트 달서점,대구 달서구 감삼동 521번지 지하 3층
937,홈플러스스토어즈 동촌점,대구 동구 검사동 908-5
938,더페이스샵 성당시장점,대구 남구 대명동 3023-23 A-30
939,이마트 월배점,대구 달서구 대천동 555번지
940,NC 서남시장점,"대구광역시 달서구 달구벌대로 329길 10, 1층(감삼동)"
941,홈플러스 성서점,대구 달서구 용산동 230-11
942,홈플러스 칠곡점,대구 북구 동천동 968번지
943,이마트 강릉점,강원 강릉시 송정동 1008-7
944,강원태백점,강원 태백시 황지동 41-7번지 106호
945,NC 삼척점,강원 삼척시 남양동 55-93 102호
946,NC 속초점,강원 속초시 금호동 479-3번지 장안갤러리 1층
947,NC 강원춘천점,"강원도 춘천시 중앙로 지하33(중앙로1가, 지하상가 라열 5,6호)"
948,NC 강릉점,강원 강릉시 금학동 52-1번지
949,인천병방시장점,인천 계양구 병방동 381 상가2동 1층 104호 더페이스샵
950,인천제물포점,인천 남구 숭의동 59-14 더페이스샵
951,홈플러스 인천논현점,인천 남동구 논현동 논현2지구 상업용지 20일대 홈플러스 인천논현점 더페이스샵
952,홈플러스스토어즈 계산점,인천 계양구 계산동 1061 홈플러스테스코 계산점 2층 더페이스샵
953,인천강화점2013,인천 강화군 강화읍 관청리 491-1 12/ 더페이스샵
954,NC 부평지하1호점,"인천 부평구 부평동 224-1 대아지하상가1공구 86,87,94,95"
955,롯데마트 삼산점,인천 부평구 삼산동 465-1 롯데마트 삼산점 1층 더페이스샵
956,홈플러스스토어즈 구월점,인천 남동구 예술로 198 홈플러스 지하2층 더페이스샵
957,롯데마트 영종도점,인천 중구 운서동 2803-2 롯데마트영종도점 1층 더페이스샵
958,NC 인천신기점,인천 남구 주안동 1315-16 남부상가 6동 14호
959,2001아울렛 부평점,인천 부평구 산곡동 311-151번지 부평아울렛 1층
960,이마트 여주점,경기 여주군 여주읍 홍문리 여주이마트
961,2001아울렛 철산점,경기 광명시 철산동 261 2001아울렛철산점 1층 더페이스샵
962,이마트 동탄점,경기 화성시 석우동 44 이마트 1층 더페이스샵
963,롯데슈퍼 광주점,경기 광주시 태전동 257-17 롯데슈퍼 1층 더페이스샵
964,롯데마트 의정부점,경기 의정부시 용현동 527-1 롯데마트 의정부 1층 더페이스샵
965,NC 홈플러스 시화점,경기도 시흥시 정왕동 2166-4 홈플러스 시화점 네이쳐컬렉션
966,롯데마트 시화점,경기 시흥시 정왕동 1366-4 롯데마트 시화점 더페이스샵
967,NC 홈플러스 분당오리점,경기 성남시 분당구 구미동159 홈플러스테스코분당점 지하 1층 더페이스샵
968,홈플러스 송우점,경기 포천시 소흘읍 송우리 730-60 홈플러스 송우점 지하1층 더페이스샵
969,홈플러스 동수원점,경기 수원시 팔달구 인계동 1045번지 동수원홈플러스 2층 더페이스샵
970,NC 인천만수시장점,인천 남동구 만수동 72-55 가야쇼핑 1층 더페이스샵
971,홈플러스 가좌점,인천 서구 가좌동 118번지 홈플러스 가좌점 1층 더페이스샵
972,홈플러스 화성향남점,경기 화성시 향남읍 행정리 487-1 홈플러스 향남점 지하1층 더페이스샵
973,가평점,경기 가평군 가평읍 가화로 108
974,NC 안산원곡점,경기도 안산시 단원구 라성로 48(원곡동 보성상가 104호)
975,이마트 진접점,경기 남양주시 진접읍 연평리 101-14 이마트 진접점 1층
976,롯데슈퍼 장락점,충북 제천시 장락동 632번지 1층
977,홈플러스 논산점,충남 논산시 내동 437번지 홈플러스 지하1층
978,메가마트 천안점,충남 천안시 서북구 신당동 452-5번지
979,이마트 아산점,충남 아산시 풍기동 192-1 아산이마트
980,롯데슈퍼 청전점,충북 제천시 청전동 165-11번지
981,이마트 천안점,충남 천안시 서북구 쌍용동 191
982,홈플러스 동청주점,충북 청주시 상당구 율량동 500-3 홈플러스 지하1층
983,롯데마트 성정점,충남 천안시 서북구 성정동 1486번지 1층 롯데마트
984,롯데마트 청주점,충북 청주시 흥덕구 가경동 1416-2번지
985,NC 제천점,충북 제천시 중앙로1가 114-5 번지
986,뉴코아아울렛 모란점,경기 성남시 중원구 성남동 3499 번지 뉴코아 성남모란점 1층
987,홈플러스 하남점,경기 하남시 신장1동  459번지 두산위브 B1층 홈플러스 내 더페이스샵
988,홈플러스 화성동탄점,경기 화성시 반송동 98번지 홈플러스 화성동탄점 지하2층 더페이스샵
989,송탄출장소점,경기 평택시 서정동 814-7 (1층)
990,롯데마트 마석점,경기 남양주시 화도읍 마석우리 산16-1 롯데마트 마석점 1층 더페이스샵
991,NC 남양주덕소점,경기 남양주시 와부읍 덕소리 473-8 더페이스샵
992,NC 퇴계원점,경기 남양주시 퇴계원면 퇴계원리 292-5호 1필지
993,양주고읍점,경기 양주시 광사동 656-7 마들프라자 108호 더페이스샵
994,강남대점,경기 용인시 기흥구 구갈동 581-2 명문메디칼프라자 1층 106-1호
995,NC 부천원미점,"경기 부천시 원미구 원미로97번길 35, 1층(원미동) 더페이스샵"
996,홈플러스스토어즈 면목점,서울 중랑구 면목5동168-2 홈플러스 면목점 1층 더페이스샵
997,강변테크노마트점2014,서울 광진구 구의동 546-4 테크노마트 지하1층 B-46호 더페이스샵
998,이마트 용산점,서울 용산구 한강로3가 40-1 이마트 용산점 지하1층 더페이스샵
999,시흥연성지구점,경기 시흥시 장곡동 820-3 부석프라자 106
1000,홈플러스 부천상동점,경기 부천시 원미구 상동 540-1번지 홈플러스 부천상동점 더페이스샵
1001,롯데마트 천천점,경기 수원시 장안구 천천동 525 롯데마트 천천점 1층 더페이스샵
1002,홈플러스 의정부점,경기 의정부시 금오동 475-1번지 홈플러스 의정부점 2층 더페이스샵
1003,상동세이브존,경기 부천시 원미구 상동 535-5 상동세이브존 1층 더페이스샵
1004,롯데마트 수지점,경기 용인시 구성읍 보정리 266-4  수지롯데마트 더페이스샵
1005,NC 안양관양점,"경기도 안양시 동안구 관평로 328(광양동, 세광상사 제1층 106호)"
1006,이마트 평촌점,경기 안양시 동안구 관양동 1608-3번지 이마트 1층 더페이스샵
1007,파주금촌점,경기 파주시 금촌동 54-8 외3필지  더페이스샵
1008,이마트 오산점,경기 오산시 원동 360-6 이마트 오산점 2층
1009,이마트 이천점,경기 이천시 증포동 47-4 이마트 이천점 1층
1010,NC 안산중앙점,"경기도 안산시 단원구 중앙대로 907(고잔동, 4동 4171호)"
1011,홈플러스 남양주진접점,경기 남양주시 진접읍 장현리 216-4 홈플러스 남양주진접점 지하 2층 더페이스샵
1012,롯데마트 동두천점,경기 동두천시 송내동 529외 롯데마트 동두천점 2층 더페이스샵
1013,뉴코아아울렛 부천점,경기 부천시 원미구 상동 539-1 소풍 2층 더페이스샵
1014,NC 화성동탄점,"경기도 화성시 동탄솔빛로 65,1층 104호(반송동, 정림프라자)"
1015,하나로클럽 성남점,경기 성남시 분당구 구미동 174번지 지상 1층 더페이스샵
1016,롯데마트 평택점,경기 평택시 합정동 968-1 롯데마트 1층 더페이스샵
1017,메가마트 양평점,경기 양평군 양평읍 공흥리 441-1 1층
1018,홈플러스스토어즈 야탑점,경기 성남시 분당구 야탑동 341 테마폴리스 3층 야탑홈플러스테스코 더페이스샵
1019,홈플러스 부천여월점,경기 부천시 오정구 여월동 301번지 홈플러스 부천여월점 지하1층 더페이스샵
1020,홈플러스 파주문산점,경기 파주시 문산읍 당동리 당동지구지원용지 1-1 문산홈플러스 더페이스샵
1021,이마트 도농점,경기 남양주시 도농동 1-1 지하1층
1022,강원철원점2013,강원 철원군 동송읍 이평로 53번길 26
1023,NC 영월점,강원 영월군 영월읍 하송리 253-45
1024,이마트 태백점,강원 태백시 삼수동 113번지 1층 더페이스샵
1025,이마트 동해점,강원 동해시 천곡동 831 지상 2층 더페이스샵
1026,NC 홍천점,"강원도 홍천군 홍천읍 번영로 39, 나동 101호 (삼일빌딩)"
1027,이마트 춘천점,강원 춘천시 온의동 511번지 춘천이마트 2층 더페이스샵
1028,롯데마트 구리점,경기 구리시 인창동 430 구리롯데마트 3층 더페이스샵
1029,수원남문점,경기 수원시 팔달구 팔달로2가 47-12
1030,홈플러스 안산점,경기 안산시 상록구 성포동 586 홈플러스 안산점 2층 더페이스샵
1031,NC 안양일번가점,경기 안양시 만안구 안양1동 674-178
1032,롯데백화점 안양점,경기 안양시 만안구 안양1동 88-1 롯데백화점 안양점 지하1층
1033,이마트 가양점,서울 강서구 가양3동 449-19번지 가양이마트 1층 더페이스샵
1034,녹번점,서울 은평구 녹번동 262 번지 1층 더페이스샵
1035,롯데마트 구로점,서울 구로구 구로동 636-89 구로롯데마트 1층 더페이스샵
1036,동화면세점,서울 종로구 세종로 211 광화문빌딩 동화면세점 1층
1037,홈플러스스토어즈 중계점,서울 노원구 중계동 509-2 홈플러스테스코 중계점  지하 2층 더페이스샵
1038,이마트 월계점,서울 노원구 월계동 333-1 이마트 월계점 더페이스샵 1층
1039,삼선교점,서울 성북구 삼선동2가 44-2 1층 더페이스샵
1040,홈플러스 영등포점,서울 영등포구 문래동3가 55-3 홈플러스영등포점 지하1층 더페이스샵
1041,홈플러스 풍무점,경기 김포시 풍무동 38-1번지 홈플러스 풍무점 지하 1층 더페이스샵
1042,이마트 파주점,경기 파주시 교하읍 당하리 195-5 이마트 파주점 1층
1043,NC 홈플러스스토어즈 안산고잔점,경기 안산시 단원구 고잔동 707-2 홈플러스 안산고잔점 더페이스샵
1044,부천송내역점2012,경기 부천시 소사구 송내동 271-1 송내역사 증축상가 216 더페이스샵
1045,롯데마트 장암점,경기 의정부시 장암동 38-10 롯데마트 장암점 지하1층 더페이스샵
1046,롯데슈퍼 정자점,경기 수원시 장안구 정자동 874-2 롯데프라자 1층 정자롯데슈퍼 더페이스샵
1047,롯데마트 안성점,경기 안성시 공도읍 양기리 306 롯데마트 안성점 1층 더페이스샵
1048,롯데마트 의왕점,경기 의왕시 내손동 743 롯데마트 의왕점 2층 더페이스샵
1049,성남상대원점,경기 성남시 중원구 상대원2동 4398
1050,이마트 동백점,경기 용인시 기흥구 동백동 동백택지개발지구 2101블럭 지하 1층 더페이스샵
1051,이마트 분당점,경기 성남시 분당구 정자동 211번지 지상 1층 더페이스샵
1052,의정부점,경기 의정부시 의정부동 170-8 더페이스샵
1053,NC 남양주점,경기 남양주시 진접읍 장현리 634-4  장현플라자 128호
1054,평택안중점,경기 평택시 안중읍 안중리 233-7
1055,이마트 수원점,경기 수원시 권선구 권선동 1189 이마트 수원점 1층 더페이스샵
1056,뉴코아아울렛 일산점,경기 고양시 일산구 마두동 792-2 뉴코아일산점 1층
1057,홈플러스스토어즈 병점점,경기 화성시 병점동 399-4 홈플러스테스코 병점점 더페이스샵
1058,파주점2011,경기 파주시 금촌동 988-6 우성메디피아 1층 더페이스샵
1059,이마트 남양주점,경기 남양주시 호평동 51번지 이마트2층 더페이스샵
1060,롯데마트 서현점,경기 성남시 분당구 서현동 275번지 롯데마트 서현점 더페이스샵
1061,뉴코아아울렛 산본점,경기 군포시 산본동 1231 뉴코아아울렛 2층
1062,롯데마트 안산점,경기 안산시 상록구 성포동 590번지 롯데마트안산점 2층 더페이스샵
1063,홈플러스 안산선부점,경기 안산시 단원구 선부동 1077-1번지 홈플러스 안선선부점 지하1층 더페이스샵
1064,NC 안산선부점,"경기 안산시 단원구 선부광장북로 36, 상가동1층 108호(선부동, 동명벽산)"
1065,롯데마트 화정점,경기 고양시 덕양구 화정동 982번지 롯데마트 화정점 더페이스샵
1066,뉴코아아울렛 광명점,경기 광명시 하안1동 38번지 1층 더페이스샵
1067,NC 홈플러스스토어즈 시흥점,서울 금천구 시흥동 992-47 시흥홈플러스 지하1층 더페이스샵
1068,NC 시흥동점,서울특별시 금천구 금하로 632(시흥동)
1069,NC 홈플러스 동대문점,서울특별시 동대문구 천호대로 133 홈플러스 동대문점 내 지하1층 네이처컬렉션
1070,외국어대점,서울 동대문구 이문동  305-152 더페이스샵
1071,이마트 하월곡점,서울 성북구 하월곡동 88-387 동일하이빌 주상복합 지하1층
1072,홈플러스 안동점,경북 안동시 운흥동 247-58 홈플러스 안동점 2층
1073,롯데마트 삼양점,서울 강북구 미아동 1359 롯데마트 삼양점 1층 더페이스샵
1074,롯데마트 대덕테크노밸리점,대전 유성구 관평동 887번지 대덕테크노밸리 단지 롯데마트 1층
1075,홈플러스스토어즈 대전탄방점,대전 서구 탄방동 591 홈플러스테스코둔산점 3층
1076,경기광주점,경기 광주시 경안동 28-7번지
1077,2001아울렛 수원남문점,경기 수원시 팔달구 인계동 754-1 2001아울렛 수원점 1층 더페이스샵
1078,홈플러스 김포점,경기 김포시 감정동 692 김포홈프러스 지하1층 더페이스샵
1079,뉴코아아울렛 동수원점,경기 수원시 팔달구 인계동 1114-1번지 뉴코아아울렛 동수원점 1층 더페이스샵 
1080,여주점,경기도 여주시 하동 265-1
1081,NC 시흥시화점,"경기도 시흥시 중심상가3길 9, 101호(정왕동, 청진프라자)"
1082,NC 일산라페스타점,경기도 고양시 일산동구 장항동 765 일산라페스타 D-120
1083,홈플러스 영통점,경기 수원시 팔달구 영통동 994-2번지 홈플러스 영통점 2층
1084,일산원당점,경기 고양시 덕양구 성사동 698-1 더페이스샵
1085,롯데마트 권선점,경기 수원시 권선구 권선동 1296-5 롯데마트 권선점 1층 더페이스샵
1086,그랜드백화점 일산점,경기도 고양시 일산서구 주엽동 22 일산그랜드백화점 1층 더페이스샵
1087,롯데마트 덕소점,경기 남양주시 와부읍 덕소리 501-3  롯데마트 덕소점 더페이스샵
1088,고양하나로마트,경기 고양시 일산서구 대화동 2324번지 고양하나로마트 1층 더페이스샵
1089,뉴코아아울렛 평촌점,경기도 안양시 동안구 동안로 119  1층 더페이스샵
1090,롯데마트 오산점,경기 오산시 오산동 868 롯데마트 오산점 1층 더페이스샵
1091,수원하나로마트,경기 수원시 권선구 구운동 218-1 하나로클럽 1층 더페이스샵
1092,2001아울렛 분당미금점,경기 성남시 분당구 구미동 11-1 아울렛 지상 1층 더페이스샵
1093,현대백화점 중동점,경기 부천시 원미구 중동 1164 현대백화점 지하1층 더페이스샵
1094,송탄점,경기 평택시 신장동 321-5
1095,뉴코아아울렛 평택점,경기 평택시 비전동 830-1 뉴코아아울렛 지상1층 더페이스샵
1096,NC 구리점,경기도 구리시 경춘로 218-5(수택동)
1097,이마트 은평점,서울 은평구 응암동 90-1 이마트은평점 3층 더페이스샵
1098,회기역직영점,서울 동대문구 휘경동 317-101호 1호선 회기역 내 더 페이스샵
1099,롯데마트 송파점,서울 송파구 문정동 150-2 송파롯데마트 지상1층 더페이스샵
1100,NC 개봉역점,서울특별시 구로구 개봉동 415 개봉역 구내
1101,NC 신창시장점,서울특별시 도봉구 창동 569-85
1102,홈플러스 방학점,서울 도봉구 방학동 707-7 방학홈플러스테스코 지하2층 더페이스샵
1103,홈플러스 강서점,서울 강서구 등촌동 629-11번지 홈플러스 강서점2층 더페이스샵
1104,이마트 역삼점,서울 강남구 역삼동 755번지 지하 1층 더페이스샵
1105,광화문사옥직영점,서울 종로구 신문로2가 91-4 LG광화문빌딩 지하1층 더페이스샵
1106,롯데마트 청량리점,서울 동대문구 전농동 620번지 청량리 롯데마트 5층 더페이스샵
1107,NC 잠실지하상가점,"서울특별시 송파구 송파대로 567 (잠실동, 잠실역지하상가F 6,7호)"
1108,이마트 수서점,서울 강남구 수서동 724 수서이마트 지하1층 더페이스샵
1109,홈플러스 월곡점,서울 성북구 하월곡동 46-73 월곡홈플러스 지하1층 더페이스샵
1110,엔씨백화점 가든파이브점,서울 송파구 문정동 516번지 패션동 1층
1111,NC 사가정점,"서울시 중랑구 면목로 344-1, 1층(면목동)"
1112,NC 평리점,"대구광역시 서구 국채보상로 254 (평리동,1층동편상가)"
1113,이마트 펜타포트점,충남 천안시 서북구 불당동 571-1 지하2층
1114,대전부사동점,대전 중구  대종로 299-1(부사동) 1층
1115,여주하나로마트점,경기도 여주시 강변북로 50번지 1층 더페이스샵
1116,신세계백화점 의정부점,경기 의정부시 의정부동 평화로 525번지 신세계백화점 5층
1117,이마트 경기광주점,경기 광주시 경안동 20-11 지상 1층 더페이스샵
1118,홈플러스테스코 반여점,부산 해운대구 반여동  1406-1 홈플러테스코 반여점
1119,경북진량점,경북 경산시 진량읍 봉회리 62-3번지
1120,롯데마트 평촌점,경기 안양시 동안구 호계동 1053-1 롯데식품관 1층 더페이스샵
1121,9호선 여의도역직영점,서울 영등포구 여의도동 3 9호선 여의도역사 내 더 페이스샵
1122,9호선 가양역직영점,서울 강서구 가양동 14-84 9호선 가양역사 내 더 페이스샵
1123,길동시장점,서울 강동구 길동 400번지 길동우성아파트상가 109호
1124,이마트 신도림점,서울 구로구 구로5동 3-25호 지하2층
1125,이마트 천호점,서울 강동구 천호2동 454-1 이마트1층
1126,현대아울렛 가산점,"서울 금천구 디지털로10길 9, 2001(가산동,20층) 더페이스샵"
1127,이마트 명일점,서울 강동구 명일동 46-4 이마트 명일점 지하1층 더페이스샵
1128,가음정시장점,"경남 창원시 성산구 대정로 36, 1층 4호"
1129,현대 아산병원점,서울 송파구 풍납2동 388-1 번지 아산병원 신관 지하 1층 더페이스샵
1130,홈플러스 구미점,경상북도 구미시 광평동 792-21 지하1층 더페이스샵
1131,이마트 제주점,제주특별자치도 제주시 탑동로 38 이마트 제주점 지하1층
1132,NC 주문진점,강원 강릉시 주문진읍 교항리 181-3 제 10
1133,동천동점,대구 북구 동천동 896-2 칠곡메가타운 제1층 113호 더페이스샵
1134,NC 산업대점,"서울특별시 노원구 공릉로 196, 1층(공릉동)"
1135,이마트 계양점,인천광역시 계양구 봉오대로 785 1층 더페이스샵
1136,곤지암점,경기 광주시 곤지암읍 곤지암리 441-16 더페이스샵
1137,롯데마트 강변점,서울 광진구 구의3동 테크노마트 지하2층 롯데마트 강변점 더페이스샵
1138,이마트 왕십리점,서울 성동구 행당동 168-1 이마트왕십리점 2층 더페이스샵
1139,수원NC터미널점,경기 수원시 권선구 경수대로 270 수원NC백화점 터미널점 2층 더페이스샵
1140,NC 답십리점,서울시 성동구 용답중앙15길 4(용답동)
1141,더페이스샵 이대점,서울 서대문구 대현동 54-4 1층 더페이스샵
1142,코레일유통 압구정로데오역점,서울 강남구 압구정동 지하 402 압구정로데오역 구내 더페이스샵
1143,울산병영점,울산 중구 남외동 214-1번지 더페이스샵
1144,창원 상남점,경남 창원시 성산구 마디미로 23 씨앤비빌딩 1층 더페이스샵
1145,롯데백화점 창원점,경남 창원시 성산구 중앙동 중앙대로 124 롯데백화점 지하1층 더페이스샵
1146,이마트 동인천점,인천 중구 신생동 38번지 1층 더페이스샵
1147,이마트 흥덕점,경기 용인시 기흥구 흥덕 중앙로 60(영덕동) 지하1층 더페이스샵
1148,용인보라점,경기 용인시 기흥구 보라동 587-1 메가타운 1층 더페이스샵
1149,세교신도시점,경기 오산시 금암동 412-4 롯데슈퍼 제1층 104호 더페이스샵
1150,롯데슈퍼 서초국제점,서울 서초구 서초동 1445-3 국제 전자센타 1층 더페이스샵
1151,면목점,서울 중랑구 면목동 102-21 1층 더페이스샵
1152,롯데슈퍼 전농점,서울 동대문구 전농동 10 SK아파트상가 롯데슈퍼 1층 더페이스샵
1153,송파점,서울 송파구 석촌동 295-11 1층
1154,홈플러스 신내점,서울 중랑구 신내동 645번지 홈플러스 신내점 지하2층 더페이스샵
1155,이마트 상봉점,서울 중랑구 망우2동 506-1(상봉시외버스터미널 앞) 지상2층 더페이스샵
1156,NC 둔촌점,"서울특별시 강동구 양재대로 1355(성내동, 오스카상가 1층)"
1157,봉천점,서울 관악구 봉천동 926-30
1158,홈플러스 연산점,부산 연제구 연산동 반송로 88
1159,롯데면세점 코엑스점,서울 강남구 삼성동 159 인터컨티넨탈호텔 내 롯데면세점 코엑스점
1160,NC 부산대연못골점,"부산광역시 남구 수영로 197 (대연동, 1층)"
1161,구지점,대구 달성군 구지면 응암리 1185-10
1162,롯데마트 주엽점,경기 고양시 일산구 주엽동 15번지 롯데마트 주엽점 1층 더페이스샵
1163,이마트 묵동점,서울 중랑구 묵동 170-1번지 묵동 자이아파트 2단지 지하 1층
1164,롯데백화점 동래점,부산 동래구 온천동 502-3 롯데백화점 동래점 1층 더페이스샵
1165,용인수지2013점,경기 용인시 수지구 풍덕천동 1080-2 더페이스샵
1166,홈플러스 합정점,서울 마포구 합정동 418-1 홈플러스 합정점 내 더페이스샵
1167,반포지하상가점(2012),서울 서초구 반포동 163-1 강남지하상가 D-057
1168,NC 청주강서점,"충북 청주시 흥덕구 서현북로 70(가경동, 103호)"
1169,신관동점,충남 공주시 신관동 654-15 거북빌딩 2호 더페이스샵
1170,김해율하점,경남 김해시 장유면 율하리 율하신도시내 1335-2번지
1171,NC 신영통점,"경기도 수원시 영통구 영통로 124, 1층(망포동, 중앙프라자1-1호)"
1172,동아아울렛 동문본점,대구 중구 동문동 20-4 외 6필지 1층 더페이스샵
